review_id,place_id,rating,review_text,review_date,likes_count,source,crawled_at_utc
google_maps_Ci9DQUlRQUNvZENodHljRjlvT2tNeFdtTkxSRkZOUldOWVZXNTNTMDB5UTFOM05uYxAB,OSM_way_359114064,5,Rất đẹp - k khác gì lạc vào trời tây luôn nha . Nên chuẩn bị nhiều đồ để check in chụp ảnh . Đồ ăn trên này bán khá ít và nghĩ rất sớm nên nếu ở qa đêm trên bà nà thì nên mua vé buffe của khách sạn để được ăn tối ạh . Xếp hàng check in rất lâu vì khá đông,một tháng trước,,Google Maps,2026-08-29T05:10:15+00:00
google_maps_Ci9DQUlRQUNvZENodHljRjlvT2tsRVJrNHpiMVpKU2tSeE9HVXlWMEZZVW1ZNFZHYxAB,OSM_way_359114064,5,"Nên trải nghiệm tuyến cáp treo này. Đường đi đến gas đã làm lại rất đẹp. Tới sớm vào lúc 8:00 để có trải nghiệm tốt nhất. Chiều mát lạnh không khí dễ chịu. Mọi thứ cứ dơ máy lên là đẹp nếu k dính người , khá đông đúc , nắng lòi kèn nên …",một tháng trước,,Google Maps,2026-08-29T05:10:15+00:00
google_maps_Ci9DQUlRQUNvZENodHljRjlvT25oZmNuQlhhbGd6WXpsWVdFczVURWhhVm5oTlUyYxAB,OSM_way_359114064,5,"Nhiều trò chơi và khu ăn uống mua sắm. Nơi này phù hợp với nhiều tệp khách hàng từ gia đình (có con nhỏ thì bao la trò chơi), nhóm bạn (những trò chơi phiêu lưu). Nên mua vé có bao gồm ăn trưa và nên ăn đúng khung giờ mở cửa. Phong cảnh đẹp không chê vào đâu được. Vì diện tích rộng nên mọi người nhớ lúc nào cũng phải check bản đồ nhé. À còn có xe trung chuyển chở từ parking lot đến chỗ đi cáp treo nhé. Một điều note quan trọng là nếu chơi sau 5h mà muốn xuống thì chỉ có thể đi xuống bằng cáp treo cầu Vàng nhé (những cáp khác đóng cửa hết ời.)",một tháng trước,,Google Maps,2026-08-29T05:10:15+00:00
google_maps_Ci9DQUlRQUNvZENodHljRjlvT2xFNFdUaHhPSFZRVFRsUVFYWlRPR3czUkdrME5YYxAB,OSM_way_359114064,5,"đùa chứ , mình mà biết chỗ này đẹp và rộng đến thế thì mình đã đặt phòng 1 đêm để trải nghiệm hết nơi này rồi . Cực kì nhiều trò chơi và điểm checkin luôn ấy😭😭 mng nếu đến thì hãy mang thật nhiều đồ đẹp và ở qua đêm để checkin nha trời …",3 tuần trước,,Google Maps,2026-08-29T05:10:15+00:00
google_maps_Ci9DQUlRQUNvZENodHljRjlvT25oeGFFdDRSVkI1YjJWdWVrcFBZVlJ1VWxWb1YzYxAB,OSM_way_359114064,5,"Bà Nà Hills là điểm đến rất đáng trải nghiệm với khung cảnh đẹp, không khí mát mẻ và nhiều công trình ấn tượng như Cầu Vàng, Làng Pháp, vườn hoa, cùng nhiều hoạt động giải trí hấp dẫn. Mỗi góc đều mang đến cảm giác như đang lạc vào một châu Âu thu nhỏ giữa núi rừng. Điều mình thích nhất là thời tiết trong lành, nhưng cũng thay đổi rất nhanh. Chỉ trong vài phút có thể từ nắng sang mưa rồi lại có sương mù. Vì vậy, mọi người nên chuẩn bị sẵn áo mưa mỏng hoặc ô gấp và mang theo một chiếc áo khoác nhẹ để chuyến đi được trọn vẹn hơn. Một hành trình đáng nhớ với nhiều trải nghiệm đẹp và những bức ảnh tuyệt vời. Rất đáng để ghé thăm khi đến Đà Nẵng!",một tháng trước,,Google Maps,2026-08-29T05:10:15+00:00
google_maps_Ci9DQUlRQUNvZENodHljRjlvT210YVFsQjVTVFZrVDNvNE5XdDFXRVpuWDJnMlJVRRAB,OSM_node_445345255,5,"Ngôi nhà số 48 phố Hàng Ngang, phường Hàng Đào, quận Hoàn Kiếm – Nơi Chủ tịch Hồ Chí Minh viết Tuyên ngôn độc lập, khai sinh nước Việt Nam dân chủ cộng hoà vào ngày 2 tháng 9 năm 1945, đã trở thành một trong các điểm di tích tiêu biểu về Chủ tịch Hồ Chí Minh trên toàn quốc.",3 tháng trước,,Google Maps,2026-08-29T05:23:11+00:00
google_maps_Ci9DQUlRQUNvZENodHljRjlvT2pBNVdtVmFVM0pHYlhOemRVaEtVVlZmY2pCblRIYxAB,OSM_node_445345255,5,"Di tích 48 Hàng Ngang là một căn nhà phố cổ bình dị, nhưng lại là nơi ghi dấu sự kiện lịch sử vĩ đại: Chủ tịch Hồ Chí Minh đã viết bản Tuyên ngôn độc lập khai sinh ra nước Việt Nam Dân chủ Cộng hòa vào những ngày cuối tháng 8 năm 1945. ​Ngôi nhà này là của gia đình nhà tư sản yêu nước Trịnh Văn Bô và Hoàng Thị Minh Hồ. Bác Hồ đã từ chiến khu Việt Bắc về Hà Nội và ở tại căn gác hai của ngôi nhà từ ngày 25/8 đến 2/9/1945. Chính tại đây, Bác cùng với các đồng chí trong Thường vụ Trung ương Đảng đã hoạch định những vấn đề quan trọng của đất nước. ​Căn phòng giản dị nơi Bác làm việc vẫn được lưu giữ nguyên trạng, với chiếc bàn, chiếc ghế mây mộc mạc. Di tích 48 Hàng Ngang không chỉ là một bảo tàng mà còn là biểu tượng sống động về sự giản dị của vị lãnh tụ và sự ủng hộ to lớn của giới tư sản dân tộc đối với cách mạng. Đây thực sự là một ""địa chỉ đỏ"" ngay giữa lòng phố cổ.",9 tháng trước,,Google Maps,2026-08-29T05:23:11+00:00
google_maps_Ci9DQUlRQUNvZENodHljRjlvT21JMlNUVlpiR05QWVZaeGRYaEJSRkp4ZFRKV01tYxAB,OSM_node_445345255,4,Căn nhà 48 Hàng Ngang của gia đình tư sản yêu nước ông bà Trịnh Văn Bô tặng cho nhà nước,5 tháng trước,,Google Maps,2026-08-29T05:23:11+00:00
google_maps_Ci9DQUlRQUNvZENodHljRjlvT21SNmVsaE9WRXR4TkV0eGJUaFhURkJhU0hOWFNtYxAB,OSM_node_445345255,5,"Nằm ở ngay trục đường chính qua chợ Đồng Xuân, mình có dịp được ghé đến căn nhà nơi chủ tịch Hồ Chí Minh viết “Bản tuyên ngôn độc lập” khai sinh ra nước CHXHCN Việt Nam năm 1945. Căn nhà do gia đình ông Trịnh Văn Bô ủng hộ hoạt động cách …",8 tháng trước,,Google Maps,2026-08-29T05:23:11+00:00
google_maps_Ci9DQUlRQUNvZENodHljRjlvT2xSRFQwazBiVnBETVhGdmVsZERVMFpDVWxSSFRrRRAB,OSM_node_445345255,5,Nơi soạn thảo Bản Tuyên ngôn độc lập năm 1945,3 tháng trước,,Google Maps,2026-08-29T05:23:11+00:00
google_maps_Ci9DQUlRQUNvZENodHljRjlvT21OUFpVMUxkVm8yYjFKUlpIWmtRak54UWt0SWRtYxAB,OSM_node_445345255,5,Di tích miễn phí vào thăm. Hiểu thêm về nhà tư sản Trịnh Văn Bô và những ngày chủ tịch Hồ Chí Minh làm việc trước khi đọc bản tuyên ngôn độc lập,11 tháng trước,,Google Maps,2026-08-29T05:23:11+00:00
google_maps_Ci9DQUlRQUNvZENodHljRjlvT21wc1UzZ3RNbWRTTWpKQlNsZDNUbEIyV2xZMVptYxAB,OSM_node_445345255,5,Nơi khởi thảo bản Tuyên ngôn độc lập khai sinh nước Việt Nam dân chủ cộng hoà,11 tháng trước,,Google Maps,2026-08-29T05:23:11+00:00
google_maps_Ci9DQUlRQUNvZENodHljRjlvT2xscldHZFBhR2htV0ZrMFVWcENTMVJTY1RFdE9GRRAB,OSM_node_445345255,5,"Nhà 48 Hàng Ngang – Dấu ấn lịch sử giữa lòng phố cổ Ngôi nhà cổ nằm ngay trung tâm phố Hàng Ngang, từng là nơi Chủ tịch Hồ Chí Minh soạn thảo bản Tuyên ngôn Độc lập năm 1945. Bên trong hiện được giữ gìn như một di tích lịch sử, trưng bày nhiều hiện vật quý giá, từ bàn làm việc, tư liệu cho đến không gian sinh hoạt xưa. Khung cảnh giản dị nhưng trang nghiêm, giúp du khách cảm nhận rõ không khí lịch sử những ngày Cách mạng Tháng Tám. Vị trí lại ngay phố cổ, thuận tiện kết hợp tham quan và trải nghiệm không gian Hà Nội xưa – nay. Đây là một điểm đến nhỏ nhưng mang giá trị lớn, đáng để ghé thăm khi dạo quanh phố cổ Hà Nội.",một năm trước,,Google Maps,2026-08-29T05:23:11+00:00
google_maps_ChZDSUhNMG9nS0VJQ0FnTUNZMHZmb1pREAE,OSM_node_445345255,5,"| Số 48 Hàng Ngang, cậu đã nghe bao giờ chưa ? | ✨Đã bao giờ cậu dạo quanh hết 36 phố phường của Hà Nội ? …",một năm trước,,Google Maps,2026-08-29T05:23:11+00:00
google_maps_Ci9DQUlRQUNvZENodHljRjlvT2taWWRWTTFNbmRZYlhveU1FcGlaSEl4UVVReWJWRRAB,OSM_node_445345255,4,"Tới nơi 1:25’ chiều, cửa đóng, không có biển báo mấy giờ đóng mở cửa, ngày lễ ntn nên mở cửa cho bà con vào thăm mới đúng. Buồn",11 tháng trước,,Google Maps,2026-08-29T05:23:11+00:00
google_maps_ChdDSUhNMG9nS0VJQ0FnSUQ5dDdmXzBBRRAB,OSM_node_445345255,5,"Căn nhà to, không nghĩ ngày xưa có thể xây được kiến trúc đẹp như vậy. Khi bước vào thấy thoải mái nhé nhàng, căn nhà yên tĩnh giữa phố cổ nhộn nhịp. Vào cửa miễn phí, đáng đi xem vì là nơi Bác viết “Bản Tuyên Ngôn Độc Lập”",2 năm trước,,Google Maps,2026-08-29T05:23:11+00:00
google_maps_ChdDSUhNMG9nS0VJQ0FnSUQ3LUw2dGx3RRAB,OSM_node_445345255,5,"Ngôi nhà gắn liền với một giai đoạn lịch sử của đất nước, của bác Hồ. Một điểm đến đặc biệt cần biết và cần nhớ.",2 năm trước,,Google Maps,2026-08-29T05:23:11+00:00
google_maps_ChZDSUhNMG9nS0VJQ0FnSUMycWVpaFZREAE,OSM_node_445345255,5,Nhà 48 Hàng Ngang là nơi Chủ tịch Hồ Chí Minh đã ở từ ngày 25/08/1945 đến ngày 2/9/1945 và viết bản tuyên ngôn độc lập khai sinh nước Việt Nam dân chủ Cộng hoà Chủ nhân của ngôi nhà khi ấy là ông Trịnh Văn Bô và bà Hoàng Thị Hồ,4 năm trước,,Google Maps,2026-08-29T05:23:11+00:00
google_maps_ChZDSUhNMG9nS0VJQ0FnSUNUODd1dkJ3EAE,OSM_node_445345255,5,Vào cửa miễn phí. Ngày bình thường được thăm quan tầng 1 & 2. Ngày lễ đặc biệt như dịp sinh nhật Bác Hồ 19.05 sẽ được lên tầng 3 để thắp hương bác.,2 năm trước,,Google Maps,2026-08-29T05:23:11+00:00
google_maps_ChZDSUhNMG9nS0VJQ0FnSUM0enNQUFBREAE,OSM_node_445345255,5,"Nằm ở số 48 Phố Hàng Ngang thuộc Khu phố cổ Hà Nội, ngôi nhà từng là nơi ở và làm việc của Chủ tịch Hồ Chí Minh cùng các cán bộ chủ chốt của Đảng. Đặc biệt, đây là nơi Người viết bản Tuyên ngôn Độc lập (vào 2/9/1945) khai sinh ra nước Việt Nam Dân chủ Cộng hòa, tiền thân của Cộng hòa xa hội chủ nghĩa Việt Nam ngày nay. Di tích Ngôi nhà số 48 Hàng Ngang xứng đáng được công nhận là Di tích quốc gia đặc biệt.",7 năm trước,,Google Maps,2026-08-29T05:23:11+00:00
google_maps_ChZDSUhNMG9nS0VJQ0FnSUNMZzlTRGF3EAE,OSM_node_445345255,5,"Thấy tự hào và biết ơn vì sự hy sinh của cha ông ta, đến đây càng cảm thấy yêu nước vô bờ bến. CHỦ TỊCH HỒ CHÍ MINH VĨ ĐẠI, CHỦ TỊCH HỒ CHÍ MINH MUÔN NĂM. VIỆT NAM, HỒ CHÍ MINH MUÔN NĂM ❤️❤️❤️🙏🌹☘️🤜🤛🪷🇻🇳🇻🇳🇻🇳🇻🇳🇻🇳🇻🇳 …",2 năm trước,,Google Maps,2026-08-29T05:23:11+00:00
google_maps_Ci9DQUlRQUNvZENodHljRjlvT21kSFZEZGtiVlJ1VGpGV01Vb3lSMWxyYm5FMldtYxAB,OSM_node_445345255,5,Nên tới và trải nghiệm,3 tháng trước,,Google Maps,2026-08-29T05:23:11+00:00
google_maps_Ci9DQUlRQUNvZENodHljRjlvT2xONlNrWTNWV1poUlZaT1pUaERjMlJUZEROTVozYxAB,OSM_node_445345255,4,"Nhà Lưu niệm Hồ Chí Minh ở Hàng Ngang mang lại cảm giác lịch sử thật gần gũi. Không gian hơi cũ, nhưng đây cũng là nét đặc trưng của một địa điểm gắn liền với lịch sử. Các hiện vật được trưng bày rõ ràng và hướng dẫn viên nhiệt tình giải …",6 tháng trước,,Google Maps,2026-08-29T05:23:11+00:00
google_maps_ChZDSUhNMG9nS0VJQ0FnSUNIeU1qR1lBEAE,OSM_node_445345255,1,"Thuyết mình giọng đã không thu hút mà còn hay nghĩ xa xôi Tham quan chụp tấm ảnh như bên dưới cùng hướng c ta đang thao thao nói thì chị ấy phán chị ơi đừng quay chụp ở đây 😂 Không ai quay chụp chị đâu ạ, xin lỗi chứ đoàn trẻ em và các mẹ đụng vào hiện vật chị chẳng nhắc gì còn người đến tham quan chụp tấm ảnh không dính tới nổi nửa cái áo dài của chị mà chị lại thái độ.",một năm trước,,Google Maps,2026-08-29T05:23:11+00:00
google_maps_ChdDSUhNMG9nS0VJQ0FnSURZdTRLdjdBRRAB,OSM_node_445345255,5,"Ngôi nhà rất rộng, xây dựng kiên cố, là nơi Bác Hồ soạn Bản Tuyên ngôn độc lập",7 năm trước,,Google Maps,2026-08-29T05:23:11+00:00
google_maps_Ci9DQUlRQUNvZENodHljRjlvT21WMlRWaDJTSGh0VlRGaFdGbEtOV0ZuTkhwYVVsRRAB,OSM_node_445345255,5,Rất đáng để tham quan ạ,11 tháng trước,,Google Maps,2026-08-29T05:23:11+00:00
google_maps_Ci9DQUlRQUNvZENodHljRjlvT2tvMllYY3pjazkxTmtSTVpHaGtNREE1UmxWcVVHYxAB,OSM_node_445345255,5,Nơi lưu giữ những kỷ vật quý báu của Bác,một năm trước,,Google Maps,2026-08-29T05:23:11+00:00
google_maps_ChZDSUhNMG9nS0VJQ0FnSURxdHNITWNnEAE,OSM_node_445345255,4,"Bên cạnh ý nghĩa lịch sử thì đây là một công trình mang giá trị đặc biệt về mặt kiến trúc của Hà Nội, ngôi nhà xây theo phong cách Art Deco với nhiều chi tiết cách tân rất hiện đại, tổng thể rất đơn giản nhưng ấm cúng và tinh tế. Điểm cộng …",5 năm trước,,Google Maps,2026-08-29T05:23:11+00:00
google_maps_ChZDSUhNMG9nS0VJQ0FnSUNpbF9LaEtBEAE,OSM_node_445345255,5,"Địa điểm nên đến khi tham quan Hà Nội, nơi đây ghi dấu ấn của cả giai đoạn lịch sử những năm đầu tiên thành lập Nước Việt Nam",5 năm trước,,Google Maps,2026-08-29T05:23:11+00:00
google_maps_Ci9DQUlRQUNvZENodHljRjlvT2tOaVF6TkVhelEzTkhkd2NYWlpPVXB1VTJoR01WRRAB,OSM_node_445345255,5,Thật vinh dự và tự hào,một năm trước,,Google Maps,2026-08-29T05:23:11+00:00
google_maps_ChdDSUhNMG9nS0VJQ0FnSURBbWE3RjN3RRAB,OSM_node_445345255,5,"Không gian thoải mái, cảm giác ấm lòng nhớ về vị Cha già của dân tộc Việt Nam",9 năm trước,,Google Maps,2026-08-29T05:23:11+00:00
google_maps_Ci9DQUlRQUNvZENodHljRjlvT21wSlVsVmhSbXhwWTJwdldGTTBhV0V5UjIxRVoyYxAB,OSM_node_445345255,5,Con cháo Việt Nam. Nhớ ơn bác Hồ Cha già dân tộc Việt Nam,5 tháng trước,,Google Maps,2026-08-29T05:23:11+00:00
google_maps_Ci9DQUlRQUNvZENodHljRjlvT201dFlXeFViMmQzVlROemRubGphR3BCYVhWeFpGRRAB,OSM_node_445345255,5,Hiccc không mở cửa. Có duyên lại đến,một năm trước,,Google Maps,2026-08-29T05:23:11+00:00
google_maps_ChdDSUhNMG9nS0VJQ0FnTURJMHBMbnVRRRAB,OSM_node_445345255,5,"Chủ ngôi nhà cùng họ Trịnh với mình, mình đã nghe tên tuổi từ lâu nhưng chưa có dịp đi thăm quan ngôi nhà",một năm trước,,Google Maps,2026-08-29T05:23:11+00:00
google_maps_ChZDSUhNMG9nS0VJQ0FnSURUMnZ2UUJ3EAE,OSM_node_445345255,5,Ở đây có những đồ mà Bác Hồ từng sinh vì Bác Hồ đã cứu chúng ta và tìm đường cứu nước nên chúng ta phải yêu quý Bác Hồ bằng cách giữ cho bác Hồ luôn sạch sẽ và cho đồ của bác Hồ không bị dơ bẩn,2 năm trước,,Google Maps,2026-08-29T05:23:11+00:00
google_maps_Ci9DQUlRQUNvZENodHljRjlvT21sNE9IUTRWamRMU20xM2QxZGFXRnBsVDJWV2FWRRAB,OSM_node_445345255,5,Nơi khai sinh 1 nước Việt Nam độc lập,11 tháng trước,,Google Maps,2026-08-29T05:23:11+00:00
google_maps_ChZDSUhNMG9nS0VJQ0FnSURBMGRIYUdnEAE,OSM_node_445345255,5,Đây là nơi mà người Việt Nam đặc biệt tưởng niệm về mỗi bước chân của người lãnh tụ vĩ đại. Ông là Hồ Chí Minh.,9 năm trước,,Google Maps,2026-08-29T05:23:11+00:00
google_maps_ChdDSUhNMG9nS0VJQ0FnSUNIbzRYRTJBRRAB,OSM_node_445345255,5,Ngôi nhà lịch sử.,một năm trước,,Google Maps,2026-08-29T05:23:11+00:00
google_maps_ChZDSUhNMG9nS0VJQ0FnSUMwLU82N0tnEAE,OSM_node_445345255,5,Nơi bản tuyên ngôn độc lập khai sinh ra tổ quốc Việt Nam,6 năm trước,,Google Maps,2026-08-29T05:23:11+00:00
google_maps_ChZDSUhNMG9nS0VJQ0FnSURnaGFtekJBEAE,OSM_node_445345255,3,"NGƯỜI mất cũng đã mất rồi, xây chi cho lắm tượng đài lẫn nhà tưởng niệm...",9 năm trước,,Google Maps,2026-08-29T05:23:11+00:00
google_maps_ChdDSUhNMG9nS0VJQ0FnSUNRak1EM2dnRRAB,OSM_node_445345255,5,Đã từng đến đây và cảm nhận được lịch sử của Việt Nam của Bác Hồ,9 năm trước,,Google Maps,2026-08-29T05:23:11+00:00
google_maps_ChdDSUhNMG9nS0VJQ0FnSUNjdDl5Q3hnRRAB,OSM_node_445345255,5,mik tung di r dep lam vao ben trong mat lam dep mik luc doko chup dc anh len thong cam,6 năm trước,,Google Maps,2026-08-29T05:23:11+00:00
google_maps_ChZDSUhNMG9nS0VJQ0FnSUN3dTlqeFVBEAE,OSM_node_445345255,3,"Chả có gì mấy, chủ yếu toàn phục chế lại thôi.",9 năm trước,,Google Maps,2026-08-29T05:23:11+00:00
google_maps_ChZDSUhNMG9nS0VJQ0FnSUN3aXJieVdBEAE,OSM_node_445345255,4,Đây là nơi Hồ Chí Minh viết tuyên ngôn độc lập,9 năm trước,,Google Maps,2026-08-29T05:23:11+00:00
google_maps_ChZDSUhNMG9nS0VJQ0FnSUNvbDhpQ0F3EAE,OSM_node_445345255,5,Bác sống và làm việc thật giản dị.,7 năm trước,,Google Maps,2026-08-29T05:23:11+00:00
google_maps_ChdDSUhNMG9nS0VJQ0FnSUN3a2E3aXpRRRAB,OSM_node_445345255,5,To đẹp. Nhiều đồ lưu niệm của Bác,9 năm trước,,Google Maps,2026-08-29T05:23:11+00:00
google_maps_ChZDSUhNMG9nS0VJQ0FnSUNRbEt6eWJREAE,OSM_node_445345255,5,nơi lưu giữ những nét đẹp dân tộc,9 năm trước,,Google Maps,2026-08-29T05:23:11+00:00
google_maps_ChdDSUhNMG9nS0VJQ0FnSUNRaElqWnhnRRAB,OSM_node_445345255,5,Một địa điểm tham quan cực kỳ bổ ích,9 năm trước,,Google Maps,2026-08-29T05:23:11+00:00
google_maps_ChZDSUhNMG9nS0VJQ0FnSUNRaEx2M1FREAE,OSM_node_445345255,5,một nơi cần đến cho người yêu lịch sử,9 năm trước,,Google Maps,2026-08-29T05:23:11+00:00
google_maps_ChZDSUhNMG9nS0VJQ0FnSURZNzhIZUNREAE,OSM_node_445345255,5,Bác hồ zzz,7 năm trước,,Google Maps,2026-08-29T05:23:11+00:00
google_maps_ChdDSUhNMG9nS0VJQ0FnSURnNE9XWnp3RRAB,OSM_node_445345255,5,Bác Hồ <3,9 năm trước,,Google Maps,2026-08-29T05:23:11+00:00
google_maps_ChZDSUhNMG9nS0VJQ0FnSURyN2Mya1BREAE,OSM_node_445345255,5,💯❤️ …,2 năm trước,,Google Maps,2026-08-29T05:23:11+00:00
google_maps_ChdDSUhNMG9nS0VJQ0FnSUNJdThTeTZBRRAB,OSM_node_445345255,3,Mất hết giá trị lịch sử.,7 năm trước,,Google Maps,2026-08-29T05:23:11+00:00
google_maps_ChdDSUhNMG9nS0VJQ0FnSURvc0tqeTR3RRAB,OSM_node_445345255,5,Ông la nguoi lanh dao vi dai,7 năm trước,,Google Maps,2026-08-29T05:23:11+00:00
google_maps_ChZDSUhNMG9nS0VJQ0FnSUNRdDVtc0FREAE,OSM_node_445345255,5,bác hồ,8 năm trước,,Google Maps,2026-08-29T05:23:11+00:00
google_maps_Ci9DQUlRQUNvZENodHljRjlvT2tGeUxVTnNkbTFqWmt0eFNsbGxZazkzY0U1eGFWRRAB,OSM_node_446043019,5,"Ui chụp dc cái ảnh đầu tiên ở dưới chân núi là đã thấy đủ cho 50k tiền vé rồi Mk đi ngày trong tuần nên là không có khách khác luôn, như bao trọn cả khu vậy Hơi ít dịch vụ, có thấy nhà hàng và homestay nma k thấy có khách thuê hoặc hoạt …",3 tuần trước,,Google Maps,2026-08-29T05:23:29+00:00
google_maps_Ci9DQUlRQUNvZENodHljRjlvT2kxNFduRk5aMFpVZVZGMWEyVm9Oa3hyTW0xRGRrRRAB,OSM_node_446043019,5,"Rất peak nha mn=)) hơi nhiều rác xíu thôi ,do ý thức ng đi trc kém là chính",3 tuần trước,,Google Maps,2026-08-29T05:23:29+00:00
google_maps_Ci9DQUlRQUNvZENodHljRjlvT2tNME5HNWZURFo0TTJwRU56VlRPV0ZHYjJwRWVrRRAB,OSM_node_446043019,3,"Thác nhỏ thôi nhưng đường lên thác khá đẹp, xanh mướt, nhưng khách đến vô ý thức quá nên rác rất nhiều. Nhà vs thì khủng khiếp lắm. BQL cần làm chặt hơn để giữ được vẻ đẹp của khu này. Thật tiếc cho 1 chỗ đẹp vậy :(",một tháng trước,,Google Maps,2026-08-29T05:23:29+00:00
google_maps_Ci9DQUlRQUNvZENodHljRjlvT2tsUlRHZFZjVVpEYzBKUFNIZFRNMEpyZFZkMFRuYxAB,OSM_node_446043019,4,Quá đẹpppp ! Với 50.000vnd /1 vé vào cổng . Quá rẻ và quá đáng tiềnnn! Mặc dù mình đi chưa chuẩn là đợt nhiều nước nhất nhưng vẫn quá đẹpppp!,5 tháng trước,,Google Maps,2026-08-29T05:23:29+00:00
google_maps_Ci9DQUlRQUNvZENodHljRjlvT2s5M1JYVnpTRlpJVWt0MlQzWlNNMjg1VjNOblIyYxAB,OSM_node_446043019,4,Oiii đi đường chỉ nhìn đg thôi. Khom dẵm phải ... :)))) thác thì đẹp lắm,3 tháng trước,,Google Maps,2026-08-29T05:23:29+00:00
google_maps_Ci9DQUlRQUNvZENodHljRjlvT2paU1lqaHpRVzFqWkdFME1FOWxOVGRFVTFGYVRtYxAB,OSM_node_446043019,4,"Thác khá đẹp và hoang sơ, cắm trại có thể nghỉ giữa đường rồi đi bộ lên đầu dòng thác, nếu chỉ đi gần hạ nguồn thì nước khá đục và đông gia đình cho trẻ em chơi, nên đi hẳn lên thượng nguồn nước rất mát, tắm xong ra gần cổng vào có hồ bơi",một năm trước,,Google Maps,2026-08-29T05:23:29+00:00
google_maps_Ci9DQUlRQUNvZENodHljRjlvT2tST1lUbFhXVW81UjJaYVZVTlBTRE5EVFdzMlVuYxAB,OSM_node_446043019,4,"Vé vào 50k/người Nước suối không sạch lắm Chơi được khoảng 45’ thì tầm 3r, mấy bạn dê 🐐 xuất hiện …",một năm trước,,Google Maps,2026-08-29T05:23:29+00:00
google_maps_ChdDSUhNMG9nS0VJQ0FnSUMxaFlIN3JBRRAB,OSM_node_446043019,4,"Một thác nước khá nhỏ, hiện tại 1/2024 khá ít nước. Nếu đi lúc có nước sẽ đẹp hơn nhiều. Khi vực xung quanh đường đi mát mẻ, có nhiều chỗ thích hợp ghé ăn uống tắm suối. Từ chỗ để xe đi vào theo lối cầu thang 15 phút để tới thác. Giá vé 50.000đ, có khu vực bể bơi riêng cho người không thích tắm suối, thác.",Thời gian chỉnh sửa: 2 năm trước,,Google Maps,2026-08-29T05:23:29+00:00
google_maps_ChZDSUhNMG9nS0VJQ0FnSURqa2RySlh3EAE,OSM_node_446043019,4,"Đây là 1 con suối nhỏ, k biết mùa nào mới nhiều nước chứ hiện tại đang cạn, chỉ còn dòng chảy bé xíu. …",2 năm trước,,Google Maps,2026-08-29T05:23:29+00:00
google_maps_Ci9DQUlRQUNvZENodHljRjlvT2t3d1ZuUkRRakJUYkVKTlVEZEtkSFJXTm5Oc00wRRAB,OSM_node_446043019,5,"Đi hôm 5/6/2026 , phí vào 50k Không khí, quang cảnh mọi thứ okela Thác mát lắm, nm cẩn thận con vắt nha mn 🥲 …",2 tháng trước,,Google Maps,2026-08-29T05:23:29+00:00
google_maps_ChZDSUhNMG9nS0VJQ0FnSUNwc3JpTElBEAE,OSM_node_446043019,5,"Thác khá đẹp, hoang sơ và gần Hà Nội. Dù đi vào cuối tuần nhưng cũng ko quá đông. Khá phù hợp cho các bạn nhỏ đi camping. Tuy nhiên ko có nhiều dịch vụ lắm. Mn nên chuẩn bị đồ ăn ở nhà mang đi.",3 năm trước,,Google Maps,2026-08-29T05:23:29+00:00
google_maps_ChZDSUhNMG9nS0VJQ0FnSURMazlIakxnEAE,OSM_node_446043019,5,"Hoang sơ , đẹp , không khí trong lành . Thác nước mát lạnh . Chưa nhiều khách tham quan nên cơ sở dịch vụ hạn chế .",2 năm trước,,Google Maps,2026-08-29T05:23:29+00:00
google_maps_ChdDSUhNMG9nS0VJQ0FnSUQtMnVLYXVBRRAB,OSM_node_446043019,4,Điểm cộng lớn nhất là gần và không đông đúc. Có vài nơi bạn có thể picnic như sau: 1. Từ bể bơi đi tiếp chừng 80m …,3 năm trước,,Google Maps,2026-08-29T05:23:29+00:00
google_maps_ChdDSUhNMG9nS0VJQ0FnSUNpMWVyQXNBRRAB,OSM_node_446043019,3,"Nằm trên dãy núi Viên Nam, cách Hà Nội hơn 50km về hướng Tây , khu du lịch Thác Thăng Thiên (Kỳ Sơn) được bao phủ bởi một cánh rừng nguyên sinh bạt ngàn màu xanh với rất nhiều loài động thực vật phong phú. Chảy len lỏi giữa rừng núi là dòng suối Anh với làn nước xanh trong mát rượi. Dọc theo suối có 4 thác nước đẹp, hứa hẹn sẽ mang đến cho bạn nhiều khám phá thú vị. Bầu không khí trong lành của thiên nhiên hoang sơ sẽ khiến những mệt mỏi của bạn dường như tan biến. Sau những giờ phút khám phá, hòa mình cùng thiên nhiên, các bạn có thể thư giãn, nghỉ ngơi trong những ngôi nhà sàn dân dã mang đậm nét dân tộc trong khu du lịch. Không chỉ có thế, khu du lịch còn có một bể bơi rộng nằm ngay giữa rừng núi xanh bạt ngàn. Các bạn thoả sức bơi lội, tham gia một số trò chơi dưới nước…. Bây giờ nước có vẻ ko trong nữa, vé 50k.",5 năm trước,,Google Maps,2026-08-29T05:23:29+00:00
google_maps_Ci9DQUlRQUNvZENodHljRjlvT21KblRtczNaVVpLV0RSR1dWcEpNbVk1UzFsd1NHYxAB,OSM_node_446043019,1,"Mất bao công sức,thời gian vào toàn rác và shit kinh khủng.Mà ngoài cổng thì vẫn thu 50k/1n.Vào xong ra chủi nhau đòi lại tiền",3 tháng trước,,Google Maps,2026-08-29T05:23:29+00:00
google_maps_ChdDSUhNMG9nS0VJQ0FnSUNPbl8yZ3VnRRAB,OSM_node_446043019,5,"Giá vé vào cửa 50k/ người bảo gồm cả bể bơi. Khá hoang sơ, vẫn giữ được vẻ hoang dã do chưa có nhiều người đến. Ko có các hoạt động thương mại tại đây. Rất phù hợp cho những người thích trải nghiệm và phượt. Với những người thích sự náo …",4 năm trước,,Google Maps,2026-08-29T05:23:29+00:00
google_maps_ChdDSUhNMG9nS0VJQ0FnSUR4NXJyenp3RRAB,OSM_node_446043019,4,"Địa điểm thích hợp cho các bn trẻ đi camp và vui chơi nướng gà tránh nóng trong ngày, thời điển hiện tại rất ít nước không tắm đc đâu nhé m.n cân nhắc Trước khi đi. MB sắp vào mùa mưa thì phải một thời gian nữa mới có nhiều nước. Tuy nhiên liệu ở đây khá hoang sơ và dịch vụ không còn tốt như lúc mới mở giờ kiểu gần như là bỏ hoang. Vậy nên m.n khi muốn vào đây nướng gà pích ních gì đấy thì nên mua trước đồ và mang theo vì trong này không có gì đâu nhé.",3 năm trước,,Google Maps,2026-08-29T05:23:29+00:00
google_maps_ChdDSUhNMG9nS0VJQ0FnSURIbDhqcHZRRRAB,OSM_node_446043019,4,"Vé vào tham quan là 50k/người. Đến nhà lễ tân rẽ trái đi xuống là đường tới thác, phía bên trên tay phải là những khu nhà sàn, cho thuê làm dịch vụ nghỉ dưỡng, ăn uống…Có bể bơi khá rộng. Từ đây, xa xa đã nghe thấy tiếng suối chảy róc rách. …",một năm trước,,Google Maps,2026-08-29T05:23:29+00:00
google_maps_ChdDSUhNMG9nS0VJQ0FnSUNxLV9fN3lBRRAB,OSM_node_446043019,4,"Đi vào ngày nóng 45 độ nhưng vào thác khá mát, nước suối và thác mát lanh. Khu này vẫn còn tương đối hoang sơ. Nước suối nhìn k được sạch nhưng tắm cũng ổn k bị ngứa. Có vô số chỗ để cắm trại nướng bbq.",5 năm trước,,Google Maps,2026-08-29T05:23:29+00:00
google_maps_ChdDSUhNMG9nS0VJQ0FnSUMyNk9YMHpnRRAB,OSM_node_446043019,5,"Một ngày đi trải nghiệm Thác Thăng Thiên thật tuyệt vời..khung cảnh thật đẹp với thác suối tự nhiên cùng hồ nước nhân tạo rất chill,đẹp...Rất phù hợp cho các gia đình đi camping vào dịp cuối tuần",4 năm trước,,Google Maps,2026-08-29T05:23:29+00:00
google_maps_ChdDSUhNMG9nS0VJQ0FnSUNPbDRuTnRRRRAB,OSM_node_446043019,5,"Nổi tiếng là một trong những địa điểm du lịch thu hút đông du khách của tỉnh Hòa Bình. Thác Thăng Thiên nằm ở địa phận Đa Hòa, huyện Kỳ Sơn. Khu du lịch có diện tích lên tới 350ha và chỉ cách Hà Nội khoảng hơn 60km. Thác ở đây có rất nhiều tầng. Mỗi tầng lại sở hữu vẻ đẹp khác nhau. Tuy nhiên, việc di chuyển lên các tầng luôn được đánh giá là khó. Nó chỉ thích hợp cho những tín đồ ưa mạo hiểm, khám phá thôi nhé! Còn nếu bạn chỉ muốn hòa mình vào dòng nước, thư giãn thì phía dưới thác có hồ suối mát lạnh, trong veo vô cùng sảng khoái. Giá vé vui chơi tại thác là : 50.000 đồng/người. Giá vé này đã bao gồm toàn bộ khu du lịch, hồ bơi, tắm suối.",4 năm trước,,Google Maps,2026-08-29T05:23:29+00:00
google_maps_ChdDSUhNMG9nS0VJQ0FnSUNnNjZTU2x3RRAB,OSM_node_446043019,5,"Hoang sơ và sạch sẽ, hơi ít dịch vụ. Đường lên thác chính khó đi nhưng cảnh đẹp. 22.9.19: Đi lần 2 và khá hài lòng. Hoang sơ, sạch sẽ, phù hợp với những người …",Thời gian chỉnh sửa: 6 năm trước,,Google Maps,2026-08-29T05:23:29+00:00
google_maps_ChZDSUhNMG9nS0VJQ0FnSUR1eEppR0tREAE,OSM_node_446043019,3,"Khu này giống suối hơn là thác. Ko có thác cao, đổ xuống hùng vĩ. Khu sinh thái vẫn có bảo vệ thu vé nhưng ko có dịch vụ gì, bể bơi ko có nước, lội suối xong cũng ko có chỗ nào thay quần áo ướt. Thi thoảng thấy bò dê, thấy cả mùi phân :)) cảm giác như bị bỏ hoang. Mình đi hôm vừa mưa xong, nước chảy nhiều và trong. Nếu bạn nào thích khám phá thì nên mang theo đồ ăn, lều trại dã ngoại. Khu này ko phù hợp cho gia đình có người già trẻ nhỏ vì hoang sơ lắm.",4 năm trước,,Google Maps,2026-08-29T05:23:29+00:00
google_maps_ChdDSUhNMG9nS0VJQ0FnSUNKM2R2VDhRRRAB,OSM_node_446043019,5,"Vé vào là 50k. Có bể bơi, nhà tráng, thấy đồ... Đi vào hôm thác nhiều nước, khá thích",3 năm trước,,Google Maps,2026-08-29T05:23:29+00:00
google_maps_ChZDSUhNMG9nS0VJQ0FnSUNxaF9Eb0t3EAE,OSM_node_446043019,3,"Thiên nhiên rất đẹp, rừng cây thác nước, không khí thoáng mát. Chưa khai thác được hết tiềm năng của thác mang lại",5 năm trước,,Google Maps,2026-08-29T05:23:29+00:00
google_maps_Ci9DQUlRQUNvZENodHljRjlvT2w5bFpWSnVPSG95WkVsRWVrWk9Xa281WmsxVU0wRRAB,OSM_node_446043019,5,Đẹp vắng,4 tháng trước,,Google Maps,2026-08-29T05:23:29+00:00
google_maps_ChdDSUhNMG9nS0VJQ0FnSUR4N3I2STBRRRAB,OSM_node_446043019,5,"Đường đi vào thác cạnh khu sinh thái, nước trong, không bị cạn, xe máy ô tô có thể đi vào cách 50m",3 năm trước,,Google Maps,2026-08-29T05:23:29+00:00
google_maps_ChdDSUhNMG9nS0VJQ0FnSUNlOWFDWXpnRRAB,OSM_node_446043019,5,"Một nơi nên đi để thư giãn vì không gian thiên nhiên, tĩnh lặng và chill. Ngoài ra ở đây cảnh đẹp cực kì Vì là thiên nhiên nên mọi người nên chuẩn bị sẵn xịt chống muỗi, thuốc bôi chống côn trùng Ở đây giá vé rẻ, ngâm lon bia xuống suối mát đừng hỏi Tuy nhiên cẩn thận sẽ có rắn đó",3 năm trước,,Google Maps,2026-08-29T05:23:29+00:00
google_maps_ChZDSUhNMG9nS0VJQ0FnSURVc19mTVFBEAE,OSM_node_446043019,4,"Đã đi lần thứ hai và rất hài lòng Đặc biệt là có cả bể bơi, bơi thỏa mái nước rất trong và sạch😊😊😊 …",6 năm trước,,Google Maps,2026-08-29T05:23:29+00:00
google_maps_ChZDSUhNMG9nS0VJQ0FnSUMyaklEa0dBEAE,OSM_node_446043019,5,"Quang cảnh đẹp, đi hơi mệt. Phù hợp cho người có sức khoẻ.",4 năm trước,,Google Maps,2026-08-29T05:23:29+00:00
google_maps_Ci9DQUlRQUNvZENodHljRjlvT2xOaWVVOXZaa1ZxVFhSMUxUZE9SbkJoVkVkUWFuYxAB,OSM_node_446043019,5,Mọi người đến xem cột đá mình xếp còn không nhé. Xuống tới thác là thấy rồi nhen,một năm trước,,Google Maps,2026-08-29T05:23:29+00:00
google_maps_ChdDSUhNMG9nS0VJQ0FnSURHbnJhZm9BRRAB,OSM_node_446043019,3,"Khá đầu tư nhưng vì dịch nên không có khách, có vẻ đã bỏ hoang, suối trong, trước khi hết dịch thì không nên đi.",4 năm trước,,Google Maps,2026-08-29T05:23:29+00:00
google_maps_ChdDSUhNMG9nS0VJQ0FnSUM1NF9hRXdBRRAB,OSM_node_446043019,4,"Hoàng sơ, khá đẹp, ít du khách dịp tháng 10.",2 năm trước,,Google Maps,2026-08-29T05:23:29+00:00
google_maps_ChZDSUhNMG9nS0VJQ0FnSURRdEtqdEZBEAE,OSM_node_446043019,3,Khí hậu mát. Nơi có thể tới vào mùa hè.,8 năm trước,,Google Maps,2026-08-29T05:23:29+00:00
google_maps_ChZDSUhNMG9nS0VJQ0FnSURKNFpYOWVREAE,OSM_node_446043019,4,Địa điêm thích họp cho các gđ yêu thiên nhiên,3 năm trước,,Google Maps,2026-08-29T05:23:29+00:00
google_maps_Ci9DQUlRQUNvZENodHljRjlvT2xGVk0wdEJXRkZsYjFZd01IbHFjMjFyWTFWVmRGRRAB,OSM_node_446043019,5,"Đợt đấy mình đi với bạn. Phải nói là đáng nhớ thật sự. Thác đẹp, nước cũng trong, nhiều chỗ để khám phá lắm. Mọi người nên đi, đi thời điểm vắng thì thích hơn, có chỗ để bơi siêu thơ",một năm trước,,Google Maps,2026-08-29T05:23:29+00:00
google_maps_Ci9DQUlRQUNvZENodHljRjlvT21SV2FVUTRWRmxWVGw5VVMxSnZjMlUwTFdRd1NFRRAB,OSM_node_446043019,4,Thiên nhiên ổn. Rác không dọn. Nước hơi đục.,một năm trước,,Google Maps,2026-08-29T05:23:29+00:00
google_maps_Ci9DQUlRQUNvZENodHljRjlvT2tsQllrSlNMVFphWXpWbVRYZHRSV1Z1VVRZMk5VRRAB,OSM_node_446043019,5,Tuyệt vời,5 tháng trước,,Google Maps,2026-08-29T05:23:29+00:00
google_maps_ChZDSUhNMG9nS0VJQ0FnSUNDc3ZiVFV3EAE,OSM_node_446043019,3,"Thác hơi đục ít nước nhiều sâu róm, bể bơi hơi bẩn",6 năm trước,,Google Maps,2026-08-29T05:23:29+00:00
google_maps_Ci9DQUlRQUNvZENodHljRjlvT2xFMk5uWkpjbEZ0UnpSWVMxTXdkbXRhYkhndGQyYxAB,OSM_node_446043019,5,"A Hải cắt với uốn đẹp lắm ạ , e rất thích , mn nhớ nhất định nên qua a Hải thử 1 lần nha , mê lắm ạ😍😍😍 …",9 tháng trước,,Google Maps,2026-08-29T05:23:29+00:00
google_maps_ChdDSUhNMG9nS0VJQ0FnSUNKdlpMYzhnRRAB,OSM_node_446043019,5,"Đường lên thác, yêu tiếng nước chảy, yêu sự yên bình của núi rừng!",3 năm trước,,Google Maps,2026-08-29T05:23:29+00:00
google_maps_ChZDSUhNMG9nS0VJQ0FnSUNwaW8tWUxBEAE,OSM_node_446043019,5,"Chia sẻ trải nghiệm đi dã ngoại của mình và gia đình vào chủ nhật tuần vừa rồi với mọi người: Địa điểm: Thác Thăng Thiên, Dân Hòa, Kỳ Sơn, Hòa Bình. …",3 năm trước,,Google Maps,2026-08-29T05:23:29+00:00
google_maps_ChdDSUhNMG9nS0VJQ0FnTUNZanNYSnhnRRAB,OSM_node_446043019,1,Toàn phân trâu bò đường lên thác. Không hề đẹp như quảng cáo. Đi 1 lần không bao h quay lại,một năm trước,,Google Maps,2026-08-29T05:23:29+00:00
google_maps_ChdDSUhNMG9nS0VJQ0FnSUN4dWZ1aC1BRRAB,OSM_node_446043019,4,"Giá vé 50k người lớn, trẻ em miễn phí. Đồ ăn ngon giá hợp lý. Bể bơi nước suối k xử lý nên hơi bẩn. Thác chưa đến mùa mưa nên ít nước. Cần duy tu bão dưỡng hơn.",3 năm trước,,Google Maps,2026-08-29T05:23:29+00:00
google_maps_ChZDSUhNMG9nS0VJQ0FnSURXcXBXTk93EAE,OSM_node_446043019,5,Mọi người đi lên đây nhớ dọn rác bảo tồn thiên nhiên hùng vĩ nha.,4 năm trước,,Google Maps,2026-08-29T05:23:29+00:00
google_maps_ChZDSUhNMG9nS0VJQ0FnSURwbjhXVVd3EAE,OSM_node_446043019,4,"Giá vé vào là 50k 1 người Bên trong rất rộng, nên chịu khó đi sâu vào trong sẽ có nhiều điểm picnic yên tĩnh hơn. …",Thời gian chỉnh sửa: 2 năm trước,,Google Maps,2026-08-29T05:23:29+00:00
google_maps_ChZDSUhNMG9nS0VJQ0FnSUNDbWJhREdBEAE,OSM_node_446043019,4,"Mình đến đây vào buổi chiều ngày 1/9/2018. Lúc mới đến thì thấy như một nơi hoang tàn. Nhìn cơ sở vật chất bên trong thì có thế đoán được trước đây nó cũng được yêu thích như thế nào. Sau một hồi khám phá thì mình thấy chỗ này lại rất thú vị: nước suối trong, nông nên trẻ con chơi đùa rất vui, khu bể bơi vì ít người ghé thăm nên không được sạch sẽ cho lắm. Nhưng cũng chính vì ít người nên nhóm của mình như được ""bao trọn"" cả một khu sinh thái, ít người nên khu này như được trở lại thời nguyên thủy. Mình thấy đây là 1 địa điểm thích hợp để gia đình, bạn bè cùng đến cắm trại, thư giãn, rời xa thành phố bộn bề mà vẫn có những tấm hình sống ảo xinh lung linh chỉ với 50k/người 😊",6 năm trước,,Google Maps,2026-08-29T05:23:29+00:00
google_maps_ChdDSUhNMG9nS0VJQ0FnSUM5Z011Ul9nRRAB,OSM_node_446043019,4,Thác nhỏ. Xứng đáng cho một buổi đi bộ khá dễ. Cự ly từ Hanoi rất gần. Khu chưa được đầu tư lại là cái hay.,2 năm trước,,Google Maps,2026-08-29T05:23:29+00:00
google_maps_ChdDSUhNMG9nS0VJQ0FnSUR1dWF1cHF3RRAB,OSM_node_446043019,1,"Bây giờ gọi là khu bỏ hoang thì đúng hơn, nhưng vẫn thu 50k một người vào mà ko có tiện ích gì cả thì không nên đáng đi . Đường thì dê bò bậy bạ, nhà vệ sinh thì bẩn và bể hồ bẩn. …",4 năm trước,,Google Maps,2026-08-29T05:23:29+00:00
google_maps_ChdDSUhNMG9nS0VJQ0FnSURSemN5a2tRRRAB,OSM_node_446043019,2,"Một trải nghiệm tồi tệ! Tôi đã tưởng tượng nhiều thứ hơn ở đây và kì vọng nhiều thứ hơn , nhưng đổi lại là sự thất vọng.Mọi thứ quá thô sơ và nhàm chán ,thậm chí thác còn không có nước. Cả khu có 2 cái bể bơi bé và một vài khu đất trống . Mong mọi sẽ đổi thay để xứng đáng hơn với 50k giá vé",3 năm trước,,Google Maps,2026-08-29T05:23:29+00:00
google_maps_Ci9DQUlRQUNvZENodHljRjlvT2xCcFltd3RObE15Y2treU9WOVdNWEZ5Tm5aRGVVRRAB,OSM_node_443033827,5,"Tượng đài Vua Lý Thái Tổ là một công trình kiến trúc văn hóa trọng điểm, nằm uy nghiêm tại trung tâm Vườn hoa Lý Thái Tổ (trước đây là Vườn hoa Chí Linh), ngay cạnh Hồ Hoàn Kiếm. Công trình được xây dựng nhằm tôn vinh vị vua Lý Công Uẩn (Lý Thái Tổ, 974 – 1028), người đã ban hành Chiếu dời đô lịch sử, khai lập Kinh thành Thăng Long (Hà Nội ngày nay) vào năm 1010. Tượng đài được khánh thành trang trọng vào ngày 7/10/2004, là công trình chào mừng kỷ niệm 50 năm Giải phóng Thủ đô (10/10/1954) và hướng tới Đại lễ 1000 năm Thăng Long - Hà Nội. Bức tượng bằng đồng nguyên khối có kích thước ấn tượng: tổng chiều cao tượng và bệ là 10,10 mét (1010 cm), tượng trưng cho năm khai sinh Thăng Long. Tượng thể hiện Vua Lý Thái Tổ trong tư thế khoan thai, tay phải cầm cuộn ""Chiếu dời đô"", tay trái chỉ xuống đất, thể hiện sự quyết đoán chọn mảnh đất thắng địa này làm kinh đô muôn đời. Tượng đài không chỉ là nơi ghi nhớ công lao lịch sử mà còn là biểu tượng tinh thần của người dân Thủ đô, là điểm tập trung quan trọng cho các sự kiện văn hóa, chính trị và hoạt động cộng đồng.",9 tháng trước,,Google Maps,2026-08-29T05:27:16+00:00
google_maps_Ci9DQUlRQUNvZENodHljRjlvT2xOcFJqWlliM0o2YzNaVGVIRndRMVZYUVdSSlVsRRAB,OSM_node_443033827,4,Không gian chính của Thủ đô Hà Nội! Gửi xe ngà lễ Cung thiếu nhi HN,3 tháng trước,,Google Maps,2026-08-29T05:27:16+00:00
google_maps_Ci9DQUlRQUNvZENodHljRjlvT2sxSVdtcHNlRlp2UVhoUll6RndiMjFxVUdSNE5IYxAB,OSM_node_443033827,5,"Tượng Lý Thái Tổ nằm bên hồ Hoàn Kiếm, là biểu tượng thiêng liêng gắn liền với lịch sử Thăng Long – Hà Nội. Khu vực xung quanh thoáng đãng, nhiều người ghé thăm để dâng hương và chụp ảnh lưu niệm. Một điểm đến yên bình giữa lòng thủ đô.",9 tháng trước,,Google Maps,2026-08-29T05:27:16+00:00
google_maps_Ci9DQUlRQUNvZENodHljRjlvT25ndGVWUnVTVXBIUm1Sak1FVm1NV2xPVTBWRloxRRAB,OSM_node_443033827,4,"Tượng đài tưởng nhớ công ơn của vị vua có công dời đô về Thăng Long mở ra thời kỳ hưng thịnh cho Đại Việt, cũng là vị vua đầu tiên của nhà Lý. Quảng trường khá rộng nằm ngay hồ Gươm là không gian vui chơi cộng đồng, thu hút …",11 tháng trước,,Google Maps,2026-08-29T05:27:16+00:00
google_maps_Ci9DQUlRQUNvZENodHljRjlvT21OVVRrdDZaRmwyVjBGa2JIVmlXVWgwZDBKTFpVRRAB,OSM_node_443033827,5,"Biểu tượng 1 phần của Hoàn Kiếm, đối diện là tháp rùa",8 tháng trước,,Google Maps,2026-08-29T05:27:16+00:00
google_maps_Ci9DQUlRQUNvZENodHljRjlvT2sxcmJXNHdiRGRtYUVWR1NHRmZPRGQ0VTJZeFFuYxAB,OSM_node_697344049,5,"Khá độc đáo, bảo tàng to đẹp hiện đại, tượng gấu đa dạng dễ thương nhiều chủ đề, tha hồ check in sống ảo, giá vé từ 2k3 là 200 cá",2 tháng trước,,Google Maps,2026-08-29T05:28:29+00:00
google_maps_Ci9DQUlRQUNvZENodHljRjlvT25sSFQzTkZORmQ1VUZGdWNHcHVlR1V0YWkxVFoxRRAB,OSM_node_697344049,3,"Bảo tao là một đứa khá mát mẻ, trưng bày câu chuyện về chú gấu được lấy cảm hứng từ một bộ phim. Bên trong thì mình thấy tham quan khá là nhanh cũng không có gì quá thú vị nếu như bạn đã từng đi bảo tàng nhiều rồi. Đây sẽ là nơi phù hợp nếu như nhà bạn có em bé",2 tháng trước,,Google Maps,2026-08-29T05:28:29+00:00
google_maps_Ci9DQUlRQUNvZENodHljRjlvT25OTmMyd3hjVFZ4VWpWb1drVlZia2hPWmxVNFNIYxAB,OSM_node_697344049,5,"Địa danh độc đáo, phù hợp với mọi lứa tuổi kể cả người lớn. Mang đến cho mọi người không gian đáng yêu, dễ thương. Nơi lựa chọn được nhiều phần quà lưu niệm ý nghĩa. Giá thành không quá cao với một số lựa chọn. Có khu vực quầy cafe thích hợp cho người đi cùng ngồi chờ đợi.",7 tháng trước,,Google Maps,2026-08-29T05:28:29+00:00
google_maps_Ci9DQUlRQUNvZENodHljRjlvT25oQmVYQmlhM3ByVm01aFFuTXdiVWxmVW10dFUyYxAB,OSM_node_697344049,5,Nơi dành cho gia đình có con nhỏ rất tuyệt với. Mốt sự trải nghiệm tốt khi đến grand world phú quốc. Con chú tôi rất thích.haha,3 tháng trước,,Google Maps,2026-08-29T05:28:29+00:00
google_maps_Ci9DQUlRQUNvZENodHljRjlvT2twRlQxWnBTbmw0YzFwa01GOHpNVXRVTW0xYU1rRRAB,OSM_node_697344049,4,"Vé giờ lên giá, hơi cao so với thực tế, tặng voucher 50k mua đồ lưu niệm / đồ ăn uống dưới cafe Gấu nhưng cũng hạn chế đồ chứ k áp dụng tất cả. Có thì đành phải dùng cho hết chứ k thích kiểu tăng giá vé cao bắt dùng voucher như vậy. mấy bé nhà m đi vào tầm nửa tiếng là ra, cũng k có j quá đặc biệt.",3 tháng trước,,Google Maps,2026-08-29T05:28:29+00:00
google_maps_Ci9DQUlRQUNvZENodHljRjlvT2tKeWRIaHpWVlIwYm5FME9HdDNjM0JQWkhSVVdWRRAB,OSM_node_1000087403,5,Cảm ơn anh Hoàng đã cho em cùng gia đình có 1 trải nghiệm đáng nhớ tại phòng tranh Nguyen Art. Lần đầu tiên được hiểu hơn nhiều về dòng tranh sơn mài truyền thống của Vietnam.,4 tháng trước,,Google Maps,2026-08-29T05:28:51+00:00
google_maps_Ci9DQUlRQUNvZENodHljRjlvT2xwNmJXZzRTMVJMVFZsclJ6WmFXWE5DUVdSSVpFRRAB,OSM_node_1000087403,5,"phòng tranh với chủ đề phố xưa rất đặc sắc, bạn Teddy hdan cũng vô cùng nhiệt tình giới thiệu và chia sẻ về các chủ đề, quá okelaaaa",3 tháng trước,,Google Maps,2026-08-29T05:28:51+00:00
google_maps_Ci9DQUlRQUNvZENodHljRjlvT2kxbFJGaEVNbnBPTTNvNFprNVNXbWxLWmpGclJsRRAB,OSM_node_1000087403,5,"Mình thật sự ấn tượng với không gian ở đây. Tranh phong phú, mỗi bức đều có câu chuyện riêng. Không gian trưng bày đẹp, tranh đa dạng từ phong cách đến chủ đề. Đặc biệt tranh sơn mài ở đây cực kỳ ấn tượng. Nhân viên tên Teddy rất rất rất dễ thương và am hiểu, luôn sẵn sàng giới thiệu và phân tích ý nghĩa của từng tác phẩm, giúp mình cảm nhận nghệ thuật rõ ràng hơn",3 tháng trước,,Google Maps,2026-08-29T05:28:51+00:00
google_maps_Ci9DQUlRQUNvZENodHljRjlvT2xCcGQweFFlRmhGU3kxMk1YbGllVWh0ZVVWb1dVRRAB,OSM_node_1000087403,5,"Phòng tranh đẹp, không gian trưng bày nghệ thuật và có các tác phẩm được tuyển chọn từ các hoạ sĩ danh tiếng Rất ngưỡng mộ và đánh giá rất cao!",một tháng trước,,Google Maps,2026-08-29T05:28:51+00:00
google_maps_Ci9DQUlRQUNvZENodHljRjlvT2xGQ01rSm1TM1EzWVhWM1N6QXpVMlJ2YUVkclltYxAB,OSM_node_1000087403,5,Những đồ nghệ thuật vô cùng sáng tạo tại phòng tranh Nguyen Art. Cảm ơn bạn Hoàng đã cho chúng tôi trải nghiệm đáng nhớ và học hỏi được thêm nhiều điều về mỹ thuật đương đại.,4 tháng trước,,Google Maps,2026-08-29T05:28:51+00:00
google_maps_ChZDSUhNMG9nS0VPXzM2Ymk0MVBPUk9REAE,OSM_node_1336376418,5,"Núi Viên Nam Hoà Bình mọi người thường leo bộ , đạp xe , ô tô ... Đường đất đá tương đối khó đi . Mùa mưa bão đất lở nhiều . Đi đường lên từ cuối đèo Bụt Hoà Bình đi vào là đường chính phía Hoà Bình . Bà con từ sáng sớm lùa bò thả dọc theo đường lên núi kết hợp lấy củi , làm ruộng nương ... Mọi người thường lên đỉnh nhảy dù và đỉnh camping . Trên đỉnh cũng có nơi đặt đồ ăn như cơm với gà , thịt dê , rau rừng ... thường phải gọi đặt trước để quán ăn chuẩn bị mang thực phẩm từ chân núi lên . Nay có điểm mới là thác nước cách chân núi khoảng 3 km . Đường vào thác hiếm có người đến nên cây rừng kín mít , chưa tạo thành đường mòn . Có hai thác cách nhau khoảng 200 m đường nhiều bụi cây nên phải leo và luồn lách qua bụi cây . Thác nước sạch và mát lạnh . Vì chưa có người đến mấy nên có vắt nhỏ trong suối . Trước khi tắm bôi xà phòng thì đỡ bị vắt cắn ...",một năm trước,,Google Maps,2026-08-29T05:29:12+00:00
google_maps_ChdDSUhNMG9nS0VJQ0FnSUNyOVpTeWhRRRAB,OSM_node_1336376418,5,"Đỉnh Viên Nam cao vừa phải, đường lên đỉnh rất đẹp, thoải, nhiều cây, cả thảm thực vật xanh mát. Lối đi từ bản lên khá nhiều đường, dễ lạc :)))",2 năm trước,,Google Maps,2026-08-29T05:29:12+00:00
google_maps_Ci9DQUlRQUNvZENodHljRjlvT25WaGIweHZaVkZ0ZFVsSlpVeEVObXB0UVRreGJrRRAB,OSM_node_1336376418,4,"Viên Nam Ridge mang đến một không gian yên bình với tầm nhìn đẹp, rất thích hợp để giải tỏa căng thẳng. Dù dịch vụ chưa thực sự hoàn hảo khi đợi nhân viên hơi lâu, nhưng tổng thể thì ổn. Khí hậu mát lành khiến mình rất ấn tượng. Một chút đầu tư thêm sẽ làm nơi này tuyệt hơn.",8 tháng trước,,Google Maps,2026-08-29T05:29:12+00:00
google_maps_ChZDSUhNMG9nS0VJQ0FnSUMydy1Ea0N3EAE,OSM_node_1336376418,5,"Địa điểm cực kì lý tưởng cho dân phượt chuyên nghiệp. Thản thực vật phong phú, địa hình đồi núi có nhiều cây lá kim, có thể đi đường lớn từ phía Hoà Bình hoặc leo từ chân dãy Ba Vì phía Thạch Thất. Lên đến đỉnh có thể view nhìn về Hn hoặc …",4 năm trước,,Google Maps,2026-08-29T05:29:12+00:00
google_maps_ChdDSUhNMG9nS0VJQ0FnSUQ4NjhXZmtnRRAB,OSM_node_1336376418,4,"Khu vực rừng Viên Nam với đỉnh Viên Nam độ cao hơn 1000m, trên đỉnh núi có rất nhiều sa thạch nằm rải rác. Nơi đây người dân chăn thả gia súc gồm trâu bò, sáng chạy xe máy thả và đánh gia súc lên, chiều lại lùa về, bảo tồn rừng khá nguyên vẹn vì dưới chân núi có kiểm lâm quản lý",6 năm trước,,Google Maps,2026-08-29T05:29:12+00:00
google_maps_Ci9DQUlRQUNvZENodHljRjlvT21OSmRGaE5iRUZSTTFGc1QwMVBhVUp3VUZNdFVFRRAB,OSM_node_1498111667,5,"Một ngôi chùa đẹp, cổ kính và ít bị chen lấn, xô bồ. Thật tuyệt khi vẫn giữ được không gian, cảnh quan, những hàng muỗm cổ thụ trong chùa",5 tháng trước,,Google Maps,2026-08-29T05:29:33+00:00
google_maps_Ci9DQUlRQUNvZENodHljRjlvT2tGRVlWZE9VMFZpWmtWemNubHdibVZ5ZUVWbmFWRRAB,OSM_node_1498111667,5,"Chùa Láng, tên chữ là Chiêu Thiền Tự, nằm tại phố Chùa Láng, quận Đống Đa – là một trong những ngôi chùa cổ kính và nổi tiếng bậc nhất Hà Nội. Ngôi chùa được xây dựng từ thời vua Lý Nhân Tông, gắn liền với Thiền sư Từ Đạo Hạnh – một nhân …",10 tháng trước,,Google Maps,2026-08-29T05:29:33+00:00
google_maps_Ci9DQUlRQUNvZENodHljRjlvT21zeldFVkpOVTE1ZERSWlpscFFVVzVHU21Kd1pHYxAB,OSM_node_1498111667,5,"Ngôi chùa cổ có từ lâu đời, không khí trang nghiêm và thanh tịnh, nay m5 Tết mình qua chùa cầu năm mới và trả lễ năm trước đã xin chùa cho kiếm được công việc, chùa linh thiêng lắm nha mọi người.",6 tháng trước,,Google Maps,2026-08-29T05:29:33+00:00
google_maps_Ci9DQUlRQUNvZENodHljRjlvT21GSFR6aFJSbVJJWjJWYU9HczJaMng2VUhGS2RIYxAB,OSM_node_1498111667,5,"Chùa Láng có tên gọi là Chiêu Thiền Tự, được xây dựng vào thời Lý. Trải qua nhiều đợt trùng tu, ngôi chùa vẫn giữ được kiến trúc ban đầu, với vẻ bề thế, cân xứng, hài hòa với không gian xung quanh. Đến thăm chùa Láng Hà Nội bạn sẽ mê mẩn trước kiến trúc hoài cổ nơi đây. Ngôi chùa mang nét nghệ thuật của thời Lý. Bên trong có nhiều bức tượng lớn nhỏ, điển hình là tượng vua Lý Thần Tông ngự trên ngai vàng và tượng Thiền sư Từ Đạo Hạnh được làm từ mây và phủ sơn bên ngoài. Bên cạnh đó, ngôi chùa Hà Nội này còn lưu giữ khoảng 15 tấn bia đá, được đánh giá là kiệt tác của thời nhà Lê. Chỉ cần bước vào sân chùa, bạn sẽ cảm nhận được sự tĩnh lặng, bình yên khác xa với phố xá tấp nập bên ngoài. Lễ hội chùa Láng được mở vào ngày 7 tháng 3 âm lịch, chính là ngày sinh của Thiền sư Từ Đạo Hạnh. Vào ngày này, người dân địa phương thường về chùa để khai hội, làm lễ rước kiệu thánh từ chùa Láng sang chùa Hoa Lăng, nơi thờ thân mẫu của Ngài. Bên cạnh phần lễ đặc sắc, chùa còn tổ chức các trò chơi dân gian như: bịt mắt đập niêu, ô ăn quan, thi thổi cơm,... mang đến không khí vui vẻ, đậm chất làng quê Bắc Bộ.",6 tháng trước,,Google Maps,2026-08-29T05:29:33+00:00
google_maps_Ci9DQUlRQUNvZENodHljRjlvT2pkelRYUlNlWGc0UTFSbWRHcEZjM1ZGWmpKb1VGRRAB,OSM_node_1498111667,5,"Cảnh chùa đẹp rộng rãi, nhiều chỗ gửi xe, sạch sẽ lên chùa cảm giác rất thanh tịnh",6 tháng trước,,Google Maps,2026-08-29T05:29:33+00:00
google_maps_Ci9DQUlRQUNvZENodHljRjlvT21ST01DMUxkakJNYkV3elIwSnBSVVZ5V2tnMkxVRRAB,OSM_node_3860801614,5,"“Tượng đài mang ý nghĩa lịch sử, không gian thoáng. Phù hợp ghé qua tìm hiểu, nhưng không có nhiều hoạt động tham quan.”",4 tháng trước,,Google Maps,2026-08-29T05:31:31+00:00
google_maps_Ci9DQUlRQUNvZENodHljRjlvT2tOeFRqUmpNamM1VFhkc2RrRlBVVjlJZVdSNWEyYxAB,OSM_node_3860801614,5,Đẹp và ý nghĩa,một tháng trước,,Google Maps,2026-08-29T05:31:31+00:00
google_maps_Ci9DQUlRQUNvZENodHljRjlvT2xGSFZHbDJWVXR2ZUdZMUxXaHVlRmMyWlc1cWVVRRAB,OSM_node_3860801614,5,"Biểu tượng TT Phùng, dễ thấy và dễ nhận diện",5 tháng trước,,Google Maps,2026-08-29T05:31:31+00:00
google_maps_Ci9DQUlRQUNvZENodHljRjlvT2psWmEwNXNha04xTjFWRmFFSTBUSFY1V2sxaU5sRRAB,OSM_node_3860801614,5,Địa danh gắn với lịch sử Đan Phượng,7 tháng trước,,Google Maps,2026-08-29T05:31:31+00:00
google_maps_Ci9DQUlRQUNvZENodHljRjlvT21GeVZXUmtNM1p2UnpSWFlqQnVOR0ZYUVhwZkxWRRAB,OSM_node_3860801614,5,,4 tháng trước,,Google Maps,2026-08-29T05:31:31+00:00
google_maps_Ci9DQUlRQUNvZENodHljRjlvT2s5RGNtdEJNMlJZYXpGblNsbDJTM2haYTJKWWVtYxAB,OSM_node_4171889289,5,"Việt Phủ Thành Chương là tâm huyết của họa sĩ Thành Chương, cách trung tâm Hà Nội khoảng 30-35km. Chuyện là, người ta vẫn truyền tai nhau về cái duyên của vùng đất này – mảnh đất được chọn để hội tụ những kiến trúc cổ, những nét văn hóa cung đình và làng quê Bắc Bộ xưa cũ. Bước qua cổng Phủ, cảm giác ồn ào khói bụi của phố thị dường như bị bỏ lại phía sau, thay vào đó là không gian tĩnh mịch, trầm mặc với những căn nhà gỗ lim, những ao sen, và cả những bức tượng đá nhuốm màu thời gian. Có chút gì đó hơi liêu trai, hơi bí ẩn, như thể cậu đang bước vào một vương quốc cũ của một triều đại nào đó đã bị lãng quên trong màn sương. Về chi phí, vé vào cửa hiện tại là 150k/người lớn. So với những gì cậu được chiêm ngưỡng – từ những cổ vật vô giá, kiến trúc nhà sàn, nhà tranh vách đất, cho đến những khoảng vườn được sắp đặt đầy ý đồ nghệ thuật – thì tớ thấy hoàn toàn xứng đáng. Tớ khuyên cậu nên di chuyển tới đây bằng xe máy nếu muốn có trải nghiệm phượt nhẹ nhàng, hoặc bắt taxi nếu đi nhóm đông cho thoải mái. Dù chọn phương tiện nào, đoạn đường từ trung tâm ra Sóc Sơn cũng rất thoáng và dễ đi. Khí hậu ở đây đặc trưng của vùng đồi núi Sóc Sơn, bốn mùa rõ rệt nhưng mùa nào cũng có cái chất riêng. Mùa hè thì rợp bóng cây xanh, mát mẻ, dễ chịu như lạc vào khu vườn cổ tích. Mùa thu và đông thì lại nhuốm màu u tịch, sương mù bao phủ những mái ngói rêu phong, rất hợp cho những ai thích chụp ảnh theo phong cách hoài cổ. Nếu đã cất công ra tận Sóc Sơn, cậu có thể gom thêm vài địa điểm gần đó vào lịch trình trong ngày như Đền Gióng – nơi gắn liền với huyền thoại Thánh Gióng, hay thử ghé Hồ Đồng Đò để cắm trại. Việt Phủ Thành Chương giống như một quyển sách cũ, mỗi lần đọc lại là một lần thấy những tầng nghĩa mới. Nó không ồn ào, không phô trương, chỉ lặng lẽ ở đó, đợi chờ những tâm hồn đồng điệu ghé thăm",một tháng trước,,Google Maps,2026-08-29T05:32:02+00:00
google_maps_Ci9DQUlRQUNvZENodHljRjlvT2tGVWIwbzJhWEF4YWpSRFFqTnFWR1ExYTB0dmVGRRAB,OSM_node_4171889289,5,"Một bảo tàng tư nhân của hoạ sĩ Thành Chương ( con trai nhà văn Kim Lân ), người có bức tranh tình yêu được in thành tem dán. Nơi này là một không gian sưu tầm bảo tồn những góc dân gian văn hoá kiến trúc lịch sử đa vùng miền trong một diện …",2 tháng trước,,Google Maps,2026-08-29T05:32:02+00:00
google_maps_Ci9DQUlRQUNvZENodHljRjlvT2twcU9HOTNkamh5VVZacGFuaHlOalZwT1dnNWFsRRAB,OSM_node_4171889289,5,"Trong chuyến tham quan Biệt phủ Thành Chương, tôi đã có cơ hội được chiêm ngưỡng một không gian đậm nét văn hóa và kiến trúc truyền thống Việt Nam. Ngay từ khi bước qua cổng, tôi cảm nhận được sự yên bình, cổ kính với những ngôi nhà gỗ, sân gạch, ao sen và những hàng cây xanh mát. Điều khiến tôi ấn tượng nhất là cách chủ nhân đã sưu tầm và gìn giữ nhiều hiện vật quý giá của các vùng miền trên khắp đất nước. Mỗi công trình, mỗi món đồ cổ đều mang trong mình những câu chuyện lịch sử và giá trị văn hóa sâu sắc. Không gian nơi đây như đưa tôi trở về với hình ảnh làng quê Việt Nam xưa, giúp tôi hiểu hơn về truyền thống và bản sắc dân tộc. Bên cạnh vẻ đẹp kiến trúc, Biệt phủ Thành Chương còn mang đến cảm giác thư thái, tách biệt khỏi sự ồn ào của cuộc sống hiện đại. Tôi đặc biệt thích những con đường lát đá quanh co, những mái nhà cổ rêu phong và khung cảnh thiên nhiên hài hòa với kiến trúc. Chuyến đi không chỉ giúp tôi có thêm kiến thức về văn hóa, lịch sử mà còn khơi dậy trong tôi niềm tự hào về những giá trị truyền thống của dân tộc Việt Nam. Biệt phủ Thành Chương thực sự là một điểm đến đáng nhớ và để lại trong tôi nhiều cảm xúc tốt đẹp.",2 tháng trước,,Google Maps,2026-08-29T05:32:02+00:00
google_maps_Ci9DQUlRQUNvZENodHljRjlvT2t4MlYwOUVPSE5pVVZRNVlWTnJiMVpNZEhWVVpWRRAB,OSM_node_4171889289,5,"Giá vé 150k người lớn được quyển sách giới thiệu, vào trong rộng rãi, wc sạch sẽ, nhiều chỗ cổ kính thời xưa. Mặc áo dài nhiều góc chụp ảnh. Nhưng hơi nhiều muỗi",4 tháng trước,,Google Maps,2026-08-29T05:32:02+00:00
google_maps_Ci9DQUlRQUNvZENodHljRjlvT2pKVGNsOXJVakZ2ZVVWd04xSkRiVmRNWWtWbVFrRRAB,OSM_node_4171889289,3,"Chỉ tham quan cho biết. Giá vé quá đắt, thà có free chai nước nó cũng vớt vát. Ko khác gì giá vé đi các điểm di sản tại Huế, Hội An... Các di sản (đúng nghĩa di sản văn hoá cả VN lẫn thế giới). Ở đây, bài viết giới thiệu ở quyển sách hướng dẫn làm quá mức ý nghĩa và câu từ. Địa điểm tham quan nghe đc. Từ di sản nghe quá đỗi khập khiểng! 25 năm gọi là di sản thì thua rồi. Đúng 15' quay ra. Dù sao cũng là địa điểm nên tham quan cho biết tại Sóc Sơn. Điều duy nhất mình thích ở đây là con người Sóc Sơn. Rất hiền và đẹp!",3 tháng trước,,Google Maps,2026-08-29T05:32:02+00:00
google_maps_ChdDSUhNMG9nS0VJMzNxT3ktbVA2SDlRRRAB,OSM_node_4486828193,1,"Xe của mình đỗ rất ngang ngược trước cửa hàng nhà người khác, rất bức xúc khi phải nói ra, nhưng đều làm ăn kinh doanh tại sao lại không hiểu là người khác cũng p bỏ tiền ra thuê mặt bằng, mà mình đỗ xe trước cửa vậy gây ảnh hưởng kinh doanh rất nhiều. Nhắc nhở rồi nhưng vẫn cãi là đường được đỗ, mong chú về đọc lại nghị định 168/2024/NĐ-CP ngày 26/12/2024",một năm trước,,Google Maps,2026-08-29T05:35:36+00:00
google_maps_ChdDSUhNMG9nS0VJQ0FnSUNKanZDTG1nRRAB,OSM_node_4486828193,5,"Phòng tranh rất đẹp, không gian nên thơ, ấm áp..",3 năm trước,,Google Maps,2026-08-29T05:35:36+00:00
google_maps_ChZDSUhNMG9nS0VJQ0FnSUNKam9pYVRREAE,OSM_node_4486828193,5,"Phòng tranh này đẹp, có chị gái tiếp khách rất nice",3 năm trước,,Google Maps,2026-08-29T05:35:36+00:00
google_maps_ChZDSUhNMG9nS0VJQ0FnSUR5OTZ6VUVREAE,OSM_node_4486828193,5,Không gian rộng rãi,5 năm trước,,Google Maps,2026-08-29T05:35:36+00:00
google_maps_ChZDSUhNMG9nS0VJQ0FnSUNPZ2Z2d2VREAE,OSM_node_4486828193,2,"trời thì nóng ý kiến mở điều hòa thì nhận được câu trả lời là ""Không"", ngta đến xem triển lãm mà điện không cả mở, chắc vì chỉ có 2 khách nên tiết kiệm chăng ?",4 năm trước,,Google Maps,2026-08-29T05:35:36+00:00
google_maps_Ci9DQUlRQUNvZENodHljRjlvT25oRGF6bE5NR1JKU1VWRFIyRm9ZbXA2VmtGUVgxRRAB,OSM_node_4499978190,5,"Thăm Bảo tàng Địa chất Việt Nam mang đến trải nghiệm thú vị về thế giới tự nhiên qua những mẫu đá, khoáng vật và hóa thạch hàng triệu năm tuổi. Mỗi hiện vật như kể lại câu chuyện về sự hình thành của Trái Đất, khiến chuyến tham quan vừa bổ ích, vừa khơi gợi sự tò mò khám phá. Đây là nơi giúp người xem cảm nhận rõ hơn vẻ đẹp kỳ diệu của thiên nhiên và thời gian.",một tháng trước,,Google Maps,2026-08-29T05:36:08+00:00
google_maps_Ci9DQUlRQUNvZENodHljRjlvT25OT01tNXJlbVpSYTJoNlEwRm5iRWMyU1ZOS1JXYxAB,OSM_node_4499978190,5,"Bảo tàng Địa chất nằm trong khuôn viên của Cục Địa chất và Khoáng sản Việt Nam. Vì đây là cơ quan nhà nước nên chỉ mở cửa vào các ngày trong tuần thôi. Miễn phí vé vào cửa, đỗ xe máy ngay trong sân cơ quan. …",7 tháng trước,,Google Maps,2026-08-29T05:36:08+00:00
google_maps_Ci9DQUlRQUNvZENodHljRjlvT25nMWVYWmhTemRxYVVsbGEzZEdhMVpxU3pKSFEyYxAB,OSM_node_4499978190,5,"Bảo tàng nằm ngay trung tâm Hà Nội, miễn phí vé vào cửa,có khu gửi xe máy miễn phí, có chỗ gửi ô tô. Bảo tàng khá vắng vẻ, không cần đặt trước, cứ đến là vào thôi, mở cửa các ngày trong tuần",10 tháng trước,,Google Maps,2026-08-29T05:36:08+00:00
google_maps_Ci9DQUlRQUNvZENodHljRjlvT2psUVFuWkZYekYwV2tOQmFVbEROM2x3YUV4TmJrRRAB,OSM_node_4499978190,5,"Bảo tàng là nơi lý tưởng cho nghiên cứu và học tập, đặc biết vớt những người yêu thích khoa học trái đất",2 tháng trước,,Google Maps,2026-08-29T05:36:08+00:00
google_maps_Ci9DQUlRQUNvZENodHljRjlvT2tKWmEwRTBSbWMxYjBKNVlqaDNka0pTZUUxdk1IYxAB,OSM_node_4499978190,4,"Bảo tàng rất vắng vẻ, nằm trong toà nhà cổ kính. chỉ dành cho người có hứng thú với địa chất. Có rất nhiều mẫu vật để tham khảo . Do vắng vẻ nên đèn và quạt bật hạn chế hoặc tắt hẳn, làm khó quan sát mẫu vật. Nên đi mùa đông để dễ chịu.",10 tháng trước,,Google Maps,2026-08-29T05:36:08+00:00
google_maps_ChdDSUhNMG9nS0VJQ0FnSUNvNFl2ZTl3RRAB,OSM_node_4532962090,5,sản xuất thức ăn chăn nuôi gia súc gia cầm,7 năm trước,,Google Maps,2026-08-29T05:36:29+00:00
google_maps_ChZDSUhNMG9nS0VJQ0FnSUR5M2F1VkxREAE,OSM_node_4532962090,5,Hồng Môn đã lắp đặt cổng xếp inox tại đây. Kính chúc quý công ty phát triển vững mạnh,5 năm trước,,Google Maps,2026-08-29T05:36:29+00:00
google_maps_ChdDSUhNMG9nS0VJQ0FnSUNkMTVUUHl3RRAB,OSM_node_4532962090,4,Cty thức ăn chăn nuôi lớn,2 năm trước,,Google Maps,2026-08-29T05:36:29+00:00
google_maps_ChZDSUhNMG9nS0VJQ0FnSURxd09Xc0d3EAE,OSM_node_4532962090,5,"Công ty sản xuata thức ăn chăn nuôi hàng đầu việt nam, thức ăn cho gia su2cs, gia cầm, cá ......công nghệ tiên tiến khép kín, quy trình kiểm tra nghiêm ngặt",5 năm trước,,Google Maps,2026-08-29T05:36:29+00:00
google_maps_ChdDSUhNMG9nS0VJQ0FnSUM0MlpuT213RRAB,OSM_node_4532962090,5,Chuyên sản xuất thức ăn chăn nuôi,7 năm trước,,Google Maps,2026-08-29T05:36:29+00:00
google_maps_Ci9DQUlRQUNvZENodHljRjlvT2s4MlZHZGFNbE13TXpjNFZHeDRlRjlHVGtwalIwRRAB,OSM_node_697344049,5,"Bảo tàng Gấu là một trong những địa điểm thú vị và dễ thương nhất mà mình từng ghé thăm. Ngay từ khoảnh khắc bước vào, mình đã cảm nhận được không khí ấm áp và đầy màu sắc, khiến mình có cảm giác như đang bước vào một thế giới hoàn toàn …",9 tháng trước,,Google Maps,2026-08-29T06:24:43+00:00
google_maps_Ci9DQUlRQUNvZENodHljRjlvT2pSeVoyZENWM1pTU1djek9IRmFkbU00V21wU05rRRAB,OSM_node_697344049,5,"Không gian rộng lớn, đẹp. Có nhiều tượng gấu thú vị. Nhiều góc chụp ảnh đẹp, phụ hợp cho các cặp đôi đi chơi du lịch tham quan. Miễn phí vé, từ ngoài và trong điều đẹp.",6 tháng trước,,Google Maps,2026-08-29T06:24:43+00:00
google_maps_Ci9DQUlRQUNvZENodHljRjlvT20wdGVXRjNTRXBQVm1OdVEybHhkVGhRWDFkTlNGRRAB,OSM_node_697344049,5,"Mình đi vào buổi tối nên vắng, nảo tàng mát mẻ có máy lạnh, các bạn Gấu dễ thương, được trang trí theo nhiều điểm điểm nổi trên thế giới hoặc theo sự kiện văn hoá truyền thống đặc sắc của Việt Nam!. Mình mua vé combo đi Safari và Vinwonders …",một năm trước,,Google Maps,2026-08-29T06:24:43+00:00
google_maps_ChdDSUhNMG9nS0VJQ0FnTURncE5XQjFnRRAB,OSM_node_697344049,4,"Mua combo hơn 200k một tí, theo mình thấy không có gì thú vị lắm, chủ yếu mấy bạn thích chụp ảnh thì sẽ thích, còn yếu tố lịch sử, nguồn gốc thì mình ch thấy nhiều :'))) tùy cảm nhận mỗi người thui",một năm trước,,Google Maps,2026-08-29T06:24:43+00:00
google_maps_Ci9DQUlRQUNvZENodHljRjlvT2xCWlN6aFhaa1J4ZFVzeGMxSnFTVzFYZUVwRFVtYxAB,OSM_node_697344049,5,"Nhiều gấu, mô hình trưng bày đẹp. Nhưng đi 1 xíu là hết rồi, có thêm khu vui chơi nhỏ cho trẻ em. So với giá vé 200k 1 người thì cũng tàm tạm thôi, có em bé đi cho vui",10 tháng trước,,Google Maps,2026-08-29T06:24:43+00:00
google_maps_Ci9DQUlRQUNvZENodHljRjlvT2s1MmFscHRRbXRZVVRsdVJEaDJiVzVDU0hOWVVtYxAB,OSM_node_697344049,5,"Điểm đến yêu thích của các bé, chắc chắn. Tham quan như 1 hành trình của bé Teddy đi khắp thế giới, rất là dễ thương, nhiều thông tin về các kì quan thế giới cho các bé khám phá. Hình ảnh làm rất cute, gây cười 😂😂 Nên tham quan nơi đây mặc dù giá vé hơi cao so với những gì nhận được nha",một năm trước,,Google Maps,2026-08-29T06:24:43+00:00
google_maps_ChZDSUhNMG9nS0VNS0poNnJpNjdMa05nEAE,OSM_node_697344049,5,"* Chủ đề Teddy Jones độc đáo và đáng yêu: Đây là một điểm nhấn lớn, làm cho bảo tàng trở nên khác biệt và thú vị hơn rất nhiều so với những bảo tàng thông thường. * Không gian thân thiện, đáng yêu: Điều này rất quan trọng để du khách, đặc biệt là các gia đình có trẻ nhỏ, có thể tận hưởng trọn vẹn chuyến tham quan. * Nhân viên thân thiện, nhiệt tình: Sự chuyên nghiệp và niềm nở của nhân viên luôn là yếu tố then chốt tạo nên trải nghiệm tốt cho khách hàng. * Giá vé hợp lý kèm quà tặng (kem hoặc gấu): Mức giá 235k VND đã bao gồm một món quà nhỏ là một điểm cộng lớn, khiến du khách cảm thấy hài lòng hơn về giá trị nhận được. Bảo tàng Gấu Teddy Bear chắc chắn là một điểm đến không thể bỏ qua cho những ai yêu thích sự dễ thương, muốn tìm một không gian vui vẻ và có những bức ảnh ""sống ảo"" độc đáo tại Phú Quốc. 28.5.2025",một năm trước,,Google Maps,2026-08-29T06:24:43+00:00
google_maps_Ci9DQUlRQUNvZENodHljRjlvT2pkSlMyMXVWbTU0TVhSMFFrUkVUMUJxWW5sWlIyYxAB,OSM_node_697344049,3,"Về tiền vé theo mình thì đắt nha, nhớ không lầm thì là 240k. Chủ yếu vào đây mọi người chụp ảnh là chính. Khám phá chưa bao lâu là xong hết cả rồi, chủ yếu bày gấu bông/ các mặt hàng lưu niệm liên quan đến gấu 🐻 cho khách mua là chính. …",9 tháng trước,,Google Maps,2026-08-29T06:24:43+00:00
google_maps_Ci9DQUlRQUNvZENodHljRjlvT2toblpHUTRNR3BNVjFsNlpWSTBURXBvWTNGMU5uYxAB,OSM_node_697344049,5,"bảo tàng đẹp, giá vé khá cao, cũng hay ho. mà tiền vé để dành đi thuyền trên sông oke hơn",11 tháng trước,,Google Maps,2026-08-29T06:24:43+00:00
google_maps_Ci9DQUlRQUNvZENodHljRjlvT2s1VE1XOVhkM2xFU0U1YVkyVmhSRXhsVEVSbVFWRRAB,OSM_node_697344049,5,Mình đã không mua vé vào nhưng nhìn bảo tàng từ bên ngoài thấy tất đẹp đỉnh cao lắm nhìn hoành tráng. Trước cửa bảo tàng có quán cà phê hôm đó nhóm mình ghé qua còn có cả band nahcj đang chơi nhạc hát đàn ghi ta trống cachong đỉnh lắm làm cho Phú Quốc lãng mạn và du dương hơn. Đối diện cửa là nơi cho thuê xe điện chở đi dạo vòng vòng quanh khu nữa. Trải nghiệm ở bảo tàng rất okay nha,một năm trước,,Google Maps,2026-08-29T06:24:43+00:00
google_maps_ChZDSUhNMG9nS0VQWDktWTdlamUtTUlBEAE,OSM_node_697344049,5,"Một nơi đáng iu để sống ảo cùng những chú gấu và cho các bé đưa trí tưởng tượng bay xa. Mình thấy bảo tàng khá mới, nhưng sẽ hợp với các bé nhỏ hoặc bạn nào thích mấy món dễ thương như gấu bông. Nên ghé vào ban ngày để tránh cái nắng nóng của Grand World vì trong này điều hoà mát mẻ, phía dưới lại có quán cafe. Trong này có cả nhà banh cho các bé nhỏ chơi luôn nè, gia đình cuối tuần ghé chơi là hợp lý luôn.",một năm trước,,Google Maps,2026-08-29T06:24:43+00:00
google_maps_Ci9DQUlRQUNvZENodHljRjlvT2pCWmJqRTJSRUUyWkV0UFNrUjZVR1J5WkROWlFVRRAB,OSM_node_697344049,5,Nơi có bé gấu khổng lồ ...con gái tôi rất thích,7 tháng trước,,Google Maps,2026-08-29T06:24:43+00:00
google_maps_Ci9DQUlRQUNvZENodHljRjlvT2xkdFNITXhRVVU0VkRKRFdtcFFVbVZOZDJSNVRWRRAB,OSM_node_697344049,1,Ít hiện vật. Đi tầm 15p là hết bảo tàng. Một số khu vực bị lỗi. Không recommend ghé thăm.,4 tháng trước,,Google Maps,2026-08-29T06:24:43+00:00
google_maps_ChdDSUhNMG9nS0VJQ0FnSURycjZPNDZBRRAB,OSM_node_697344049,5,"Khu này trời mưa khuyến khích các mom nên cho con vào tham quan nha, nhìu gấu ds. Mà còn nghe thuyết minh vô cùng đặc sắc. Chỉ có cái máy chơi bắn cá ở ngoài bị sao í, tui di chuyển nó mãi ko dc🥲 …",2 năm trước,,Google Maps,2026-08-29T06:24:43+00:00
google_maps_ChZDSUhNMG9nS0VJQ0FnSUNIbS1YVVN3EAE,OSM_node_697344049,5,"Giá vé vào cửa là 235k thì khá cao nhưng mình mua combo safari và vinwonder được tặng nên mới vào chứ nếu mua riêng thì mình sẽ không bỏ tiền. Tầng 1 có quán cà phê và đồ lưu niệm liên quan đến gấu. Phần trưng bày chỉ có ở tầng 2 cùng với khu vui chơi và làm đồ thủ công. Khu vui chơi chỉ có nhà bóng và cầu trượt, cũng không có gì nhiều. Với giá 235k mình thấy là đắt",một năm trước,,Google Maps,2026-08-29T06:24:43+00:00
google_maps_Ci9DQUlRQUNvZENodHljRjlvT21KbGNYYzNTbXBwY1RGT2NGbFliVGh2VFVoeFVWRRAB,OSM_node_697344049,5,😆 dễ thương lắm! Museum hơi nhỏ ở phần trưng bày nhưng vẫn đáng để đi ! Gấu dễ thương với nhiều theme sáng tạo ! Quầy lưu niệm bán gấu giá cả phải chăng …,một năm trước,,Google Maps,2026-08-29T06:24:43+00:00
google_maps_Ci9DQUlRQUNvZENodHljRjlvT2xSMGQzSkhjMmRQTkVNelVISmpZbEF4YVdwcVpGRRAB,OSM_node_697344049,5,"Không gian mát mẻ, có quán cafe gấu xinh xỉu, nước giá ok so với địa điểm du lịch như này",11 tháng trước,,Google Maps,2026-08-29T06:24:43+00:00
google_maps_ChZDSUhNMG9nS0VPX0RrX0hlbDV2U0NREAE,OSM_node_697344049,5,"Đối với người thích gấu như mình thì đây là trải nghiệm siêu dễ thương, phải nói là mấy bé gấu ở đây dễ thương xĩu 🥹 mê không muốn về, nước ngon, chụp 1 nùi hình xinh. …",một năm trước,,Google Maps,2026-08-29T06:24:43+00:00
google_maps_ChZDSUhNMG9nS0VJQ0FnSURyeExEZ1lnEAE,OSM_node_697344049,4,"Bảo tàng gấu Teddy ở Grand World Phú Quốc là một điểm đến đáng yêu và thú vị. Với kiến trúc tòa nhà hình Donut độc đáo, bảo tàng có diện tích lên đến 1.500m² và được chia thành 5 phân khu trải nghiệm. Tại đây, bạn sẽ gặp hơn 500 chú gấu …",2 năm trước,,Google Maps,2026-08-29T06:24:43+00:00
google_maps_Ci9DQUlRQUNvZENodHljRjlvT25WWUxWcDJSMkpLTVRKelFUbGpjM0JmUm05clRtYxAB,OSM_node_697344049,5,"Ê mê nha, mình thì thấy giá vé củng cao, nên là nhớ mua Klook để được giá tốt nhe. Lưu trong wish list chắc củng phải 3-4 năm trước. Mình đi với bạn, lượn lờ chụp um sùm, coi mấy chú gấu cute điênn :))",một năm trước,,Google Maps,2026-08-29T06:24:43+00:00
google_maps_ChZDSUhNMG9nS0VJQ0FnSURtOTRIckF3EAE,OSM_node_697344049,3,"M mua vé combo bảo tàng gấu cùng tinh hoá vn thì sẽ rẻ hơn là mua lẻ nha. Bảo tàng gấu ở trong grand world khá rộng và được đẦu tư chỉnh chu. Gấu được thiết kế vào các nhân vật trong phim, văn hoá cổ đại, truyền thống lễ hội…. Bảo tàng còn có khu vui chơi cho trẻ em có nhà banh, cầu tuột ở bên trong và thuỷ cung dạng 3d. Nói chung với các bé lớn xíu cỡ 6 7t trở lên sẽ thích hơn vì bé nhỏ quá như nhà mình là có thể hơi sợ xíu luôn.",4 năm trước,,Google Maps,2026-08-29T06:24:43+00:00
google_maps_ChdDSUhNMG9nS0VJQ0FnSURSNjRDRDVnRRAB,OSM_node_697344049,3,"Bảo tàng khá là nhiều gấu, trưng bày cũng đẹp nhưng chỉ đơn giản để ngắm và chụp vài tấm hình. Đi cái vèo 5-10p là hết bảo tàng, hơi hụt hẫng với phí vào cửa là 200k/ng lớn, 150k/trẻ em trên 1m. Nghe mọi người nói đi cái này phí tiền mà tại mấy đứa cháu thích nên dẫn vô cho biết, vô rồi mới thấy phí thiệt 😅😅😅 …",3 năm trước,,Google Maps,2026-08-29T06:24:43+00:00
google_maps_Ci9DQUlRQUNvZENodHljRjlvT2xsMmQwSlhOM0pzVFZKVVQzbHRVSEZyVG5CaE4yYxAB,OSM_node_697344049,5,Các bạn nhân viên siêu dễ thương. Không có câc bạn đó mình đã bỏ lỡ 1 điểm đến khác trong vé của mình :D Cảm ơn các bạn rất nhiều!,2 tháng trước,,Google Maps,2026-08-29T06:24:43+00:00
google_maps_Ci9DQUlRQUNvZENodHljRjlvT25sbFdGTXdUR0p6WVZSc04xbzNPVEpQTUdKbWFrRRAB,OSM_node_697344049,5,"Phù hợp với trẻ em, đa dạng gấu bông từ bé đến lớn, từ cổ đến hiện đại, rất đáng để trải nghiệm và chụp ảnh nha",8 tháng trước,,Google Maps,2026-08-29T06:24:43+00:00
google_maps_ChZDSUhNMG9nS0VJQ0FnSUNKdjdUeFB3EAE,OSM_node_697344049,4,"Giá vé vô bảo tàng là 200k/ người lớn, bé dưới 1m sẽ được miễn phí vé, bé từ 1m-1m4 giá vé là 150k/ bé. Gấu được nhân cách hóa với lịch sử qua các thời đại khác nhau. Các bé nhỏ vào đây sẽ rất thích nè.",3 năm trước,,Google Maps,2026-08-29T06:24:43+00:00
google_maps_ChdDSUhNMG9nS0VJQ0FnSURILV92ZnBBRRAB,OSM_node_697344049,5,góc sống ảo phía trước bảo tàng gấu giá vé người lớn 200.000 trẻ em và người trên 60 tuổi 150.000 …,một năm trước,,Google Maps,2026-08-29T06:24:43+00:00
google_maps_Ci9DQUlRQUNvZENodHljRjlvT25SclFWWjBaR3RXVlhsZlQwRmZXRzVqUjNCbFpGRRAB,OSM_node_697344049,3,"Gọi là bảo tàng thì từ dùng hơi đao to búa lớn, cũng có một số mô tả về các mẫu gấu bông từ thời sơ khai, các bạn thích gấu bông có thể đến cho biết. Còn thì cũng không có quá nhiều gấu cũng như không thấy đặc biệt lắm theo cảm nhận riêng của cá nhân. Mình đến trễ sát giờ đóng cửa (21h đóng cửa) nên xin vô xem lướt qua chắc tầm hơn 5p là ra rồi, vì cũng không thấy có điểm nhấn nào níu giữ chân lâu hơn.",một năm trước,,Google Maps,2026-08-29T06:24:43+00:00
google_maps_Ci9DQUlRQUNvZENodHljRjlvT2pneGVtRmxSVjlyWTA4M2NYVmxTVzE1VGtOQ2MzYxAB,OSM_node_697344049,4,"Nói chung thú vị, thích hợp cho trẻ em",2 tháng trước,,Google Maps,2026-08-29T06:24:43+00:00
google_maps_ChdDSUhNMG9nS0VJQ0FnTURBczZERHNBRRAB,OSM_node_697344049,4,để mà bỏ riêng hơn 200k vào đây thì câu trả lời là Không ! Không có j bên trong khiến mk wow và xứng đáng vs vé . mua combo mới vào . khá cute và sạch sẽ 😊 …,một năm trước,,Google Maps,2026-08-29T06:24:43+00:00
google_maps_ChZDSUhNMG9nS0VJQ0FnSUNYbF9qMFN3EAE,OSM_node_697344049,5,"Bảo tàng Teddy Bear ở Phú Quốc là một điểm đến thu hút đông đảo du khách, đặc biệt là các gia đình có trẻ nhỏ và những ai yêu thích gấu bông. Dưới đây là một số đánh giá thường gặp về bảo tàng này: …",một năm trước,,Google Maps,2026-08-29T06:24:43+00:00
google_maps_ChdDSUhNMG9nS0VJQ0FnTURRdnZuMXp3RRAB,OSM_node_697344049,5,"Bạn nào thích sự dễ thương của Teddy thì đây là điểm nên ghé! Đi dạo 1 vòng, chụp ảnh cũng mất tầm 30p! Không quá rộng đâu",một năm trước,,Google Maps,2026-08-29T06:24:43+00:00
google_maps_ChdDSUhNMG9nS0VJQ0FnSURGMnNYRndnRRAB,OSM_node_697344049,5,"Con mình rất thích bảo tàng, các mô hình được làm rất chi tiết sống động và bắt mắt. Ai là fan của teddy thì không nên bỏ qua địa điểm này khi tới Phú Quốc nha. Ngoài ra tham quan bảo tàng xong bạn có thể vui chơi luôn ở khu grand world, rất là tiện lợi",2 năm trước,,Google Maps,2026-08-29T06:24:43+00:00
google_maps_Ci9DQUlRQUNvZENodHljRjlvT21wbFlXY3pPWFY1ZUVsT1NEVkdSall5WjJGeFUzYxAB,OSM_node_697344049,5,"Bảo tàng rất đẹp, bố trí nghệ thuật, thích hợp cho các bé vào tham quan, chụp hình và giải trí bên trong",Thời gian chỉnh sửa: một năm trước,,Google Maps,2026-08-29T06:24:43+00:00
google_maps_ChdDSUhNMG9nS0VPU0p4S3lhbXN6Zm1BRRAB,OSM_node_697344049,4,Ổn cũng ok. Chủ yếu cho các bé là chính. Người lớn thì chắc nên trải nghiệm cafe hoặc ngồi tán ngẫu là chính,một năm trước,,Google Maps,2026-08-29T06:24:43+00:00
google_maps_ChdDSUhNMG9nS0VJQ0FnSUNUdEt1OG1RRRAB,OSM_node_697344049,5,Bảo tàng Gấu Teddy nằm trong quần thể Grand World. Bảo tàng mô phỏng chuyến hành trình vòng quanh thế giới của Teddy Jones (aka Indiana Jones phiên bản gấu Teddy). Nên mua vé combo tham quan bảo tàng Gấu Teddy và show “Tinh hoa Việt Nam” để được giảm 50k.,2 năm trước,,Google Maps,2026-08-29T06:24:43+00:00
google_maps_Ci9DQUlRQUNvZENodHljRjlvT210YVVGQkdMVkJoUkc4MlRXUkVkbXBpU0hOdWNrRRAB,OSM_node_697344049,5,"Bảo tàng Gấu đẹp quá , nhiều mô hình xinh xắn. Mua vé tự động trên booth.",một năm trước,,Google Maps,2026-08-29T06:24:43+00:00
google_maps_ChdDSUhNMG9nS0VJQ0FnSUN4MXBla29nRRAB,OSM_node_697344049,5,"Chìm đắm trong sự dễ thương Điểm tham quan cực kì thú vị với các thiết kế xoay quanh chủ đề gấu teddy, đa dạng và sống động từ các bức tượng, bối cảnh, tranh, ảnh. …",3 năm trước,,Google Maps,2026-08-29T06:24:43+00:00
google_maps_ChZDSUhNMG9nS0VJQ0FnSUNhbk4yTkJREAE,OSM_node_697344049,5,"Bảo tàng gấu Teddy (Teddy Bear) - một nơi đáng để bạn ghé thăm nếu du lịch Phú Quốc nói chung hay Grand World nói riêng. Mình không dám khẳng định đây là một nơi xuất sắc. Tùy vào sự yêu thích ""gấu"" của các bạn mà bạn có thể đánh giá cho …",5 năm trước,,Google Maps,2026-08-29T06:24:43+00:00
google_maps_ChZDSUhNMG9nS0VJQ0FnSUROeXBmSlJnEAE,OSM_node_697344049,5,"Nhìn từ bên ngoài sẽ thấy có khu vực cà phê. Sảnh trước và tổng thể trang trí nhìn đẹp. Bảo tàng gấu Teddy phải mua vé vào xem, có tốn phí.",2 năm trước,,Google Maps,2026-08-29T06:24:43+00:00
google_maps_ChZDSUhNMG9nS0VJQ0FnSUMtbmFHRkJREAE,OSM_node_697344049,5,"Đến Grand World mà ko kịp đi đâu ngoài Bảo tàng Gấu. Rất lạ và cute. Các bạn trẻ và em nhỏ chắc chắn thích thú. Người lớn như bọn mình cũng thấy thích thú và cảm thấy mình trở về tuổi trẻ. Trong bảo tàng cũng có nhiều thông tin hữu ích, chụp ảnh cũng xinh nhé anh chị!",3 năm trước,,Google Maps,2026-08-29T06:24:43+00:00
google_maps_ChdDSUhNMG9nS0VJQ0FnSUNxXzR5TjlBRRAB,OSM_node_697344049,4,Bảo tàng về gấu bông được mở đầu tiên tại Việt Nam.Được xây trong khu Grand word.giá vé là 250k.khách lưu trú tại Vinpearl được mua 1 tặng 1 trong giai đoạn này.Bước vào đây bạn sẽ bắt gặp những bạn gấu làm thủ công rất đáng yêu.Nhân viên …,5 năm trước,,Google Maps,2026-08-29T06:24:43+00:00
google_maps_Ci9DQUlRQUNvZENodHljRjlvT2pWSFMwdHpRV1U0VUU4M1VraHlOVFp6UVVkYU5IYxAB,OSM_node_697344049,5,"Nhân viên thân thiện, vui vẻ, nhiệt tình, rất đáng để trải nghiệm. Bên trong không gian được bố trí gọn gàng, sạch sẽ, thoáng mát, cách trang trí hài hòa, rất là dễ thương tạo cảm giác dễ chịu ngay khi bước vào. 100₫",3 tháng trước,,Google Maps,2026-08-29T06:24:43+00:00
google_maps_ChdDSUhNMG9nS0VJQ0FnSUMxdjRyN3pRRRAB,OSM_node_697344049,5,"Rất thú vị. Khi đến Grand world nên ghé qua tham quan, nếu có em bé đi. Giá 200k/vé. Thử mua qua traveloka xem có giảm nhiều không nhé mọi người",2 năm trước,,Google Maps,2026-08-29T06:24:43+00:00
google_maps_ChZDSUhNMG9nS0VJQ0FnSUROMmFuc0tREAE,OSM_node_697344049,5,"Mình đã đi vào đây tham quan và uống cà phê. Thật tình khu này đẹp mê li, đặc biệt là trẻ em sẽ cực kỳ thích. Quá nhiều câu truyện và mấy chú gấu bông dễ thương quá trời. Nhân viên oqr đây dễ thương, nhiệt tình, chuyên nghiệp..... ở đây còn có cho thuê đồ để chụp hình kèm theo rất nhiều góc để chụp với mấy chú gấu khổng lồ!",2 năm trước,,Google Maps,2026-08-29T06:24:43+00:00
google_maps_ChdDSUhNMG9nS0VJQ0FnSUNKaHQzRV9RRRAB,OSM_node_697344049,4,"Bày trí đẹp, các nhân vật được ""gấu hoá"" nhìn rất dễ thương, sinh động. Tuy nhiên nội dung cốt truyện HDV thuyết minh dựa trên câu truyện Indiana Jones thì hơi khập khiễng.",3 năm trước,,Google Maps,2026-08-29T06:24:43+00:00
google_maps_Ci9DQUlRQUNvZENodHljRjlvT2xoVWNFbEJiR1ZYZEdKdWFGVmhaV1kxYTBKUE1tYxAB,OSM_node_1000087403,5,"Không gian đẹp và nhiều đồ quà tặng rất tinh tế, bạn Khánh tư vấn rất nhiệt tình",2 tháng trước,,Google Maps,2026-08-29T06:25:23+00:00
google_maps_Ci9DQUlRQUNvZENodHljRjlvT21nMWJtaDBSRXQzUldWdVgzQndiRVpXVkZCdlgwRRAB,OSM_node_1000087403,5,"không gian rộng, recomment mọi người tới, tranh đẹp có hồn sâu sắc",một tháng trước,,Google Maps,2026-08-29T06:25:23+00:00
google_maps_Ci9DQUlRQUNvZENodHljRjlvT25Ca2NWVktZazV2V1dwU2FUZHFhaTFxU0VSUVkzYxAB,OSM_node_1000087403,5,"Đây là 1 tác phẩm tại phòng tranh Nguyen Art mà tôi cảm thấy vô cùng ấn tượng. Tôi thấy hình ảnh văn hoá vô cùng gần gũi của người Hà Nội tại vỉa hè , hình ảnh của 1 chàng trai và cô gái rất cá tính nhưng có vẻ họ không may mắn như những người khác trên con đường phát triển bản thân. Bạn Hoàng người dẫn tôi lại cho tôi 1 góc nhìn khác - chủ đề tranh biếm hoạ lên án hình ảnh hành vi không đúng lứa tuổi của 2 bạn nhỏ thời xưa khi giáo dục không được đầy đủ. Trân trọng cảm ơn",3 tháng trước,,Google Maps,2026-08-29T06:25:23+00:00
google_maps_ChZDSUhNMG9nS0VJQ0FnSURleDczLU13EAE,OSM_node_1000087403,5,"Phòng tranh chuyên nghiệp dành cho các bạn đam mê nghệ thuật ở Hà Nội nè. Phòng mở cửa miễn phí nên mọi người có thể ghé thoải mái nha. Địa điểm ngay trung tâm thủ đô, đối diện Văn Miếu nên đi lại rất dễ dàng. Cá …",3 năm trước,,Google Maps,2026-08-29T06:25:23+00:00
google_maps_Ci9DQUlRQUNvZENodHljRjlvT205TVYzRjVSVGRhUjJ0M1JtVXpaVjk0YURoVFlXYxAB,OSM_node_1000087403,5,"Biết chỗ này muộn quá, không gian tĩnh lặng, nhân viên lịch sự mến khách vô cùng. Nhất định sẽ dắt bạn bè quay lại đây vào lần tới.",một tháng trước,,Google Maps,2026-08-29T06:25:23+00:00
google_maps_Ci9DQUlRQUNvZENodHljRjlvT21KdFFsVjJaMmhNUVV0c1RUSmFiVmhsTTFCcGNYYxAB,OSM_node_1000087403,5,"Anh Hoàng hdan rất nhiệt tình ạ, em cảm ơn anh😋 + phòng tranh rất nghệ có thêm góc nhìn mới mẻ về sơn dầu sơn mài Việt Nam …",3 tháng trước,,Google Maps,2026-08-29T06:25:23+00:00
google_maps_Ci9DQUlRQUNvZENodHljRjlvT2twTldtWnNhMFZTUWpoeGJHbDRlazlIVTB4WVJuYxAB,OSM_node_1000087403,5,"Bố mình thích văn hóa Tây Bắc lâu nên mình tìm mãi một bức tranh tặng sinh nhật bố. May quá gặp ngay bức Cô gái Dao của Hoàng Hoàn ở đây, mình sẽ đưa bố qua xem trực tiếp vì có vẻ xem ảnh bố thích tranh ở đây lắm!",5 tháng trước,,Google Maps,2026-08-29T06:25:23+00:00
google_maps_ChZDSUhNMG9nS0VJQ0FnSURlMllMSkxBEAE,OSM_node_1000087403,5,"Đi chơi văn miếu tình cờ thấy phòng tranh nghệ thuật Nguyen Art, từ ngoài nhìn vào đã thấy rất nghệ thuật và quả thật phòng tranh không làm mình thất vọng vì không những tranh rất đẹp, cách bài trí đẹp mắt, cân đối mà nhân viên phòng tranh còn rất nhiệt tình nữa. Phòng tranh thực sự xứng đáng 5*",3 năm trước,,Google Maps,2026-08-29T06:25:23+00:00
google_maps_ChdDSUhNMG9nS0VJQ0FnSUNCX1BpXzlnRRAB,OSM_node_1000087403,5,Biết phòng tranh Nguyen Art Gallery qua TV. Tôi đã tới phòng tranh vào đúng đợt triển lãm của hoạ sĩ Minh Chính. Tôi bị choáng ngợp bởi không gian nghệ thuật nơi đây. Tôi khuyên mọi người nên tới đây một lần,3 năm trước,,Google Maps,2026-08-29T06:25:23+00:00
google_maps_Ci9DQUlRQUNvZENodHljRjlvT2xWTldXRk1hVVZpU0dwc2QxWkZhMmQxUkhFemRFRRAB,OSM_node_1000087403,5,"Nguyen Art Gallery thật sự mang lại một không gian nghệ thuật ấn tượng, nơi mình đã có một buổi chiều thú vị len lỏi giữa những tác phẩm đa dạng và sáng tạo. Không gian của gallery khá nhỏ nên đôi lúc hơi đông đúc, nhưng bù lại nhân viên rất nhiệt tình và niềm nở, sẵn sàng chia sẻ về các bức tranh. Mình đặc biệt thích cách trưng bày ở đây – mọi thứ được sắp xếp cẩn thận và hài hòa. Chỉ có điều nếu chỗ ngồi nghỉ ngơi thoải mái hơn một chút thì sẽ tuyệt vời. Dù vậy, chất lượng nghệ thuật ở đây đáng để ghé thăm.",7 tháng trước,,Google Maps,2026-08-29T06:25:23+00:00
google_maps_ChdDSUhNMG9nS0VJQ0FnSURidWRlcnFRRRAB,OSM_node_1000087403,5,Mỗi khi bạn cần ý tưởng muốn có năng lượng tích cực vươn lên hoặc có người quen bạn bè quan tâm đến Tranh đây sẽ là điểm đến phù hợp lý tưởng . Mình đã đến vài đôi lần không gian Nguyên Art cả Văn Miếu và Lottemart đúng là mê và phê,2 năm trước,,Google Maps,2026-08-29T06:25:23+00:00
google_maps_ChdDSUhNMG9nS0VJQ0FnSURleDZQczB3RRAB,OSM_node_1000087403,5,Vô tình lướt tiktok và mình biết đến NguyenArt. Tranh đẹp lắm ý huhu. Mọi người có thể đến tham quan không mất tiền vé nha. Ở đây còn có cả tượng sơn mài nữa. Nói chung 10 đỉm hehe,3 năm trước,,Google Maps,2026-08-29T06:25:23+00:00
google_maps_ChZDSUhNMG9nS0VJQ0FnSURpbU95VGV3EAE,OSM_node_1000087403,5,"Lang thang Phố Phường . T Tìm thấy phòng tranh khá xinh , chụp ảnh sống ảo siêu đẹp lunnnn 😛 . Ánh sáng cùng với các bức tranh ở đây đều cho ra đc những shoot hình đẹp nha . Không cần phải đến VCCA chen chúc . Quanh phòng tranh còn nhiều chỗ ăn ngon chứ , siêu tiện lunnn …",5 năm trước,,Google Maps,2026-08-29T06:25:23+00:00
google_maps_ChdDSUhNMG9nS0VJQ0FnSUNJX3Z2NmhnRRAB,OSM_node_1000087403,5,"Thanh lịch, sang trọng và tinh tế là những từ mà mình muốn miêu tả về Nguyên Art Gallery. Hôm trước mình có dẫn một đoàn khách nước ngoài vào đây tham quan và họ cũng rất hài lòng về những sản phẩm nghệ thuật được trưng bày ở đây. Có vô số những bức họa được vẽ bởi các họa sĩ nổi tiếng của Việt Nam và các nhân mình cũng rất thích những bức tranh màu bột về phố phường Hà Nội. Tuy nhiên do điều kiện kinh tế có hạn nên lúc đó mình mới mua được một bức ảnh về ruộng bậc thang Sapa, thế nhưng cũng đã rất hài lòng rồi. Sau này nhất định sẽ quay trở lại rinh bức thu Hà Nội về. Hy vọng tới lúc đó bức ấy vẫn còn được trưng bày ở đó. hehe.",Thời gian chỉnh sửa: 7 năm trước,,Google Maps,2026-08-29T06:25:23+00:00
google_maps_ChdDSUhNMG9nS0VJQ0FnSUMtamVTM2l3RRAB,OSM_node_1000087403,5,"Địa điểm chân ái dành cho các tín đồ mê tranh nghệ thuật là đây chứ đâu ạ. Mình biết đến phòng tranh qua người bạn giới thiệu, quả là không khiến mình thất vọng, không gian phòng tranh rất đẹp với hàng trăm các tác phẩm của các họa sĩ khác …",3 năm trước,,Google Maps,2026-08-29T06:25:23+00:00
google_maps_Ci9DQUlRQUNvZENodHljRjlvT200d1NraGtSV3hPYVVGME5uQjFla1JYVkdWblpGRRAB,OSM_node_1000087403,5,"Không gian tranh đẹp tuyệt vời, nhân viên nhiệt tình, nhiều sản phẩm vô cùng độc đáo",một năm trước,,Google Maps,2026-08-29T06:25:23+00:00
google_maps_Ci9DQUlRQUNvZENodHljRjlvT21FdE1XTkJNR1JQVWxOeVkxaFBkVlZDVFhkdVltYxAB,OSM_node_1000087403,5,"Phòng tranh thân thiện, nhiều mẫu phù hợp làm quà tặng, bạn Hoàng hỗ trợ nhiệt tình",3 tháng trước,,Google Maps,2026-08-29T06:25:23+00:00
google_maps_Ci9DQUlRQUNvZENodHljRjlvT2xkeVZWWkllWGR5WlVOdk5tOUlVMkZTU3kxZllrRRAB,OSM_node_1000087403,5,"Phòng tranh đẹp, các tác phẩm xuất sắc, nhân viên thân thiện",một tháng trước,,Google Maps,2026-08-29T06:25:23+00:00
google_maps_ChdDSUhNMG9nS0VJQ0FnSURpMk51ZjNBRRAB,OSM_node_1000087403,5,"Chưa bao giờ vào phòng tranh, mà lần này theo đứa bạn vào cũng thấy lạ lạ, khá hợp với mấy bạn thích check in những góc nhỏ nhỏ đáng yêu",5 năm trước,,Google Maps,2026-08-29T06:25:23+00:00
google_maps_ChZDSUhNMG9nS0VJQ0FnSURpdUttNEt3EAE,OSM_node_1000087403,5,Đây thực sự là một phòng tranh đẹp với hơi hướng nghệ thuật rất nhẹ nhàng. Cảm giác khi đến với phòng tranh thật sự rất đặc biệt. Mọi người tại đây cũng rất vui vẻ cho mọi người cảm giác thoải mái nhất khi tới đây.,5 năm trước,,Google Maps,2026-08-29T06:25:23+00:00
google_maps_Ci9DQUlRQUNvZENodHljRjlvT2pOUVVtMUZabVpGYTJFMFpYWnJXVWcxTmxWRmFGRRAB,OSM_node_1000087403,5,cảm ơn bạn Hoàng đã hỗ trợ 1 bức tranh tuyệt đẹp,3 tháng trước,,Google Maps,2026-08-29T06:25:23+00:00
google_maps_ChRDSUhNMG9nS0VJQ0FnSUNJNGRoTxAB,OSM_node_1000087403,5,"Tranh đẹp thực sự hiuhiu :D Gía trị nghệ thuật của tranh thì không phải bàn lun :D Nhà mình cũng có mua tranh ở đây, cũng mang tặng sếp và được khen :D Thật vuiiii",7 năm trước,,Google Maps,2026-08-29T06:25:23+00:00
google_maps_Ci9DQUlRQUNvZENodHljRjlvT2tSQ2JHMUZabk16YURWdVlpMUVVMm8yVDBkUWJWRRAB,OSM_node_1000087403,5,"Không gian đẹp, tranh vẽ chất lượng. Ảnh chị chủ tư vấn nhiệt tình. Mình đã tìm được bức tranh ưng ý. Các bạn nên đến trải nghiệm thử một lần nhé",một năm trước,,Google Maps,2026-08-29T06:25:23+00:00
google_maps_ChdDSUhNMG9nS0VJQ0FnSURleDZPTi1RRRAB,OSM_node_1000087403,5,Đi xem tranh nghệ thuật cảm giác mình nghệ sĩ hẳn ạ😥 …,3 năm trước,,Google Maps,2026-08-29T06:25:23+00:00
google_maps_Ci9DQUlRQUNvZENodHljRjlvT25rd1RHbGFiMlk0WVZndFlVdDNlalZDU1hodVNuYxAB,OSM_node_1000087403,5,Tranh đẹp người làm có tâm 😁👍 …,7 tháng trước,,Google Maps,2026-08-29T06:25:23+00:00
google_maps_ChdDSUhNMG9nS0VJQ0FnSUNnanRqWXRBRRAB,OSM_node_1000087403,5,"Một lần được ghé qua showroom của Nguyen Art Gallery Hà Nội, thấy những bức tranh nghệ thuật rất độc đáo và ấn tượng. Vui hơn nữa khi được chủ Nguyen Art giới thiệu về những bức tranh và câu chuyện cảm động đằng sau.",8 năm trước,,Google Maps,2026-08-29T06:25:23+00:00
google_maps_ChdDSUhNMG9nS0VJQ0FnSURpbU9LbHpRRRAB,OSM_node_1000087403,5,"Gần trung tâm văn miếu, phòng sạch sẽ, nhiều bức ảnh nghệ thuật đẹp. Nhân viên phục vụ tư vấn nhiệt tình. Có nhiều lựa chọn để chọn, không gian đẹp sang trọng Chiêm ngưỡng trực tiếp vơis các tác phẩm của các nghệ sĩ trong và ngoài nước . Mình sẽ đến đây nhiều. Rất tốt.",5 năm trước,,Google Maps,2026-08-29T06:25:23+00:00
google_maps_ChZDSUhNMG9nS0VJQ0FnSUNBcjlUNktREAE,OSM_node_1000087403,5,"Thực sự thấy thoải mái khi đến với Nguyen Art, các bạn nhân viên thân thiện và nhiệt tình, mình cùng với bố mẹ đã chọn được những bức tranh phù hợp với không gian nội thất phòng khách và các phòng ngủ nhà mình. Mọi người khi đến chơi đều rất khen!",8 năm trước,,Google Maps,2026-08-29T06:25:23+00:00
google_maps_ChZDSUhNMG9nS0VJQ0FnSUNJOXFUNVdnEAE,OSM_node_1000087403,5,"Một nơi tuyệt vời để trải nghiệm về nghệ thuật. Những bức tranh đầy nghệ thuật gửi gắm những chiều sâu của cung bậc cảm xúc. Nhân viên nhiệt tình, giải thích từng thắc mắc của khách hàng. Good job.",7 năm trước,,Google Maps,2026-08-29T06:25:23+00:00
google_maps_ChdDSUhNMG9nS0VJQ0FnSUNJdHJldnl3RRAB,OSM_node_1000087403,5,Rất nhiều tác phẩm nghệ thuật và độc đáo được trưng bày tại đây. Bước vào khu triển lãm này mang đến cảm giác lạ thường đến phải thốt lên những bức tranh đầy chất nghệ. Chủ thì rất nhiệt tình và thân thiện,7 năm trước,,Google Maps,2026-08-29T06:25:23+00:00
google_maps_ChdDSUhNMG9nS0VJQ0FnSURleC0zeXBRRRAB,OSM_node_1000087403,5,Tranh sơn dầu đẹp,3 năm trước,,Google Maps,2026-08-29T06:25:23+00:00
google_maps_ChdDSUhNMG9nS0VJQ0FnSUNJOXVqdjJBRRAB,OSM_node_1000087403,5,"Nguyen Art Gallery mang đến một không gian đầy tính nghệ thuật và sáng tạo, nhân viên vô cùng nhiệt tình và chuyên nghiệp. Vô cùng hài lòng với địa chỉ này.",7 năm trước,,Google Maps,2026-08-29T06:25:23+00:00
google_maps_ChZDSUhNMG9nS0VJQ0FnSUR4X3NiekpnEAE,OSM_node_1000087403,5,Mình có ghé qua đây 1 lần qua người bạn giới thiệu. Phòng tranh của Nguyen Art thực sự làm mình vô cùng ấn tượng.,3 năm trước,,Google Maps,2026-08-29T06:25:23+00:00
google_maps_ChZDSUhNMG9nS0VMXzRwWWl6NU9IUEtREAE,OSM_node_1000087403,5,"Cửa hàng đẹp , đang dạng sản phẩm . Chương trình ưu đãi tốt .",một năm trước,,Google Maps,2026-08-29T06:25:23+00:00
google_maps_Ci9DQUlRQUNvZENodHljRjlvT2xkT09HdzRaMlkwU0RCWVJHeHlYMEoyVlZWT2RWRRAB,OSM_node_1000087403,5,Ảnh đẹp chất lượng tốt,6 tháng trước,,Google Maps,2026-08-29T06:25:23+00:00
google_maps_ChZDSUhNMG9nS0VJQ0FnSUNBcWJxLUNnEAE,OSM_node_1000087403,5,"Tranh của Nguyen Art rất độc và lạ, mang lại một không gian đầy cẳm hứng, đậm chất nghệ thuật.",8 năm trước,,Google Maps,2026-08-29T06:25:23+00:00
google_maps_ChdDSUhNMG9nS0VJQ0FnSUNBOHFmU2dBRRAB,OSM_node_1000087403,5,Một không gian đầy cảm hứng và sáng tạo. Cảm ơn các bạn đã giúp tôi mở rộng thêm về nghệ thuật.,8 năm trước,,Google Maps,2026-08-29T06:25:23+00:00
google_maps_ChZDSUhNMG9nS0VJQ0FnSUNxXzV1OWV3EAE,OSM_node_1000087403,5,"Không gian đẹp với hơi hướng nghệ thuật nhẹ nhàng, thực sự tạo cảm giác khác biệt.",5 năm trước,,Google Maps,2026-08-29T06:25:23+00:00
google_maps_ChdDSUhNMG9nS0VJQ0FnSUNnb1BIdS1RRRAB,OSM_node_1000087403,5,Phong cách tranh vẽ rất khác lạ và sáng tạo,Thời gian chỉnh sửa: 8 năm trước,,Google Maps,2026-08-29T06:25:23+00:00
google_maps_ChdDSUhNMG9nS0VJQ0FnSURleDcyVHhnRRAB,OSM_node_1000087403,5,deppppppppppp lắm ạ,3 năm trước,,Google Maps,2026-08-29T06:25:23+00:00
google_maps_ChdDSUhNMG9nS0VJQ0FnSUNBLTluU21BRRAB,OSM_node_1000087403,5,"Tran đẹp, đa dạng. Nhân viên nhiệt tình, thân thiện.",8 năm trước,,Google Maps,2026-08-29T06:25:23+00:00
google_maps_ChZDSUhNMG9nS0VJQ0FnSUNJOXFEaE5REAE,OSM_node_1000087403,5,Mình rất hài lòng về các sản phẩm của nguyen art !!!,7 năm trước,,Google Maps,2026-08-29T06:25:23+00:00
google_maps_ChZDSUhNMG9nS0VJQ0FnSURLajlHZmFREAE,OSM_node_1000087403,5,"Nhiều tranh ảnh đẹp, không gian thân thiện.",5 năm trước,,Google Maps,2026-08-29T06:25:23+00:00
google_maps_Ci9DQUlRQUNvZENodHljRjlvT2tSSWJFRTFVWGxrTTBGbVlsTnFjRjlaTUhWNmQwRRAB,OSM_node_1000087403,5,Tranh rất đẹp,một năm trước,,Google Maps,2026-08-29T06:25:23+00:00
google_maps_ChdDSUhNMG9nS0VJQ0FnSUNJdHBmS3p3RRAB,OSM_node_1000087403,5,Các sản phẩm vô cùng độc đáo và tinh tế!,7 năm trước,,Google Maps,2026-08-29T06:25:23+00:00
google_maps_ChZDSUhNMG9nS0VJQ0FnSURzNG9tYVZnEAE,OSM_node_1336376418,5,Giá trị di sản kỳ vĩ,6 năm trước,,Google Maps,2026-08-29T06:25:52+00:00
google_maps_ChZDSUhNMG9nS0VJQ0FnSURnMU5IdVFnEAE,OSM_node_1336376418,4,Rất đẹp,9 năm trước,,Google Maps,2026-08-29T06:25:52+00:00
google_maps_ChdDSUhNMG9nS0VJQ0FnSUNzamRuaXhBRRAB,OSM_node_1336376418,5,Thích hợp cho địa hình gồ ghề,Thời gian chỉnh sửa: 6 năm trước,,Google Maps,2026-08-29T06:25:52+00:00
google_maps_Ci9DQUlRQUNvZENodHljRjlvT2tKS2VYZzRkbkpGVERkU1dVNVRSbmxNY1Zod1YzYxAB,OSM_node_1336376418,5,,3 tháng trước,,Google Maps,2026-08-29T06:25:52+00:00
google_maps_Ci9DQUlRQUNvZENodHljRjlvT2pReE1VVTRkbWd5YUcwM1luTXpRMUp0TlRZNE0yYxAB,OSM_node_1336376418,5,,8 tháng trước,,Google Maps,2026-08-29T06:25:52+00:00
google_maps_ChZDSUhNMG9nS0VJQ0FnSURhNXM2LVVREAE,OSM_node_1336376418,5,,5 năm trước,,Google Maps,2026-08-29T06:25:52+00:00
google_maps_Ci9DQUlRQUNvZENodHljRjlvT25CeVdtVXlja1JKWmt0clVtTnpORWxzYkVaNlZXYxAB,OSM_node_1336376418,5,,3 tháng trước,,Google Maps,2026-08-29T06:25:52+00:00
google_maps_ChdDSUhNMG9nS0VJQ0FnSUROdHBqRnZRRRAB,OSM_node_1336376418,4,,2 năm trước,,Google Maps,2026-08-29T06:25:52+00:00
google_maps_ChdDSUhNMG9nS0VJQ0FnSUNKOWZxVDVRRRAB,OSM_node_1336376418,5,,3 năm trước,,Google Maps,2026-08-29T06:25:52+00:00
google_maps_ChdDSUhNMG9nS0VJQ0FnSUN4cTY2bGh3RRAB,OSM_node_1336376418,5,,3 năm trước,,Google Maps,2026-08-29T06:25:52+00:00
google_maps_ChZDSUhNMG9nS0VJQ0FnSUNCN3RmM2VnEAE,OSM_node_1336376418,5,,3 năm trước,,Google Maps,2026-08-29T06:25:52+00:00
google_maps_ChdDSUhNMG9nS0VJQ0FnSUNCMUttdnF3RRAB,OSM_node_1336376418,5,,3 năm trước,,Google Maps,2026-08-29T06:25:52+00:00
google_maps_ChZDSUhNMG9nS0VJQ0FnSUNDMzZlMEJREAE,OSM_node_1336376418,5,,5 năm trước,,Google Maps,2026-08-29T06:25:52+00:00
google_maps_ChZDSUhNMG9nS0VJQ0FnSUNBX2N6QUxREAE,OSM_node_1336376418,3,,9 năm trước,,Google Maps,2026-08-29T06:25:52+00:00
google_maps_ChZDSUhNMG9nS0VJQ0FnTURJMEt1U0NnEAE,OSM_node_1498111667,5,"Bạn đã quá mệt mỏi với tiếng còi xe, với cái tắc đường ở phố chùa Láng? Vậy bạn hãy đến ngay với ngôi chùa cùng tên (chùa Láng) để tĩnh tâm, nạp lại năng lượng. …",một năm trước,,Google Maps,2026-08-29T06:26:28+00:00
google_maps_Ci9DQUlRQUNvZENodHljRjlvT2sxWFQwa3haRVF0WDFoaWRWZzBaSEExTW10TmJWRRAB,OSM_node_1498111667,5,"Về không gian: Chùa có sân rộng, thoáng đãng và cũng nhiều cây to che bóng, là nơi hoạt động thể dục quen thuộc của khu dân cư. Về thiết kế: Các khối nhà bố trí hài hoà, tỉ lệ kích thước các cổng ngăn, các khối nhà và hành lang tạo sự thân thiện và khiêm tốn. Không gian xen lẫn khoảng sân và các khối nhà, vây lại thành khuôn viên trong-ngoài theo nguyên lý Nội Công Ngoại Quốc, không bị đồng điệu hay đơn giản như các chùa mới hiện đại. Đằng sau chùa vẫn giữ được một khoảng ruộng, hai cái ao và giếng, khóm tre. Chùa như bảo tồn một không gian nông thôn thu nhỏ giữa lòng đô thị hiện đại. Lúc vào chùa mọi người nhớ mặc quần dài, vì người trông coi yêu cầu vậy.",một năm trước,,Google Maps,2026-08-29T06:26:28+00:00
google_maps_ChZDSUhNMG9nS0VJZmlpdWpraHJ2S09REAE,OSM_node_1498111667,5,"Ngôi chùa cổ kính, lâu đời và có không gian bên trong rất rộng nằm giữa phố xá nhộn nhịp của Hà Nội. Chùa được công nhận di tích lịch sử văn hóa từ năm 1991. Và được bảo tồn trong …",một năm trước,,Google Maps,2026-08-29T06:26:28+00:00
google_maps_Ci9DQUlRQUNvZENodHljRjlvT2xKTWJFSnpOeTFIWVVrdGJqTTFaeTE2WVhwTlEwRRAB,OSM_node_1498111667,5,"Lúc nào ghé thăm chùa Láng cũng có sự bình yên hiếm thấy giữa các ngôi chùa xô bồ trong Thủ Đô Sân trườc chùa rộng dành cho cư dân xung quanh sinh hoạt vui chơi, dưới bóng những hàng cây cổ thụ, là một điểm mình ấn tượng Các gian chùa tương đối nhỏ nhưng cổ kính, các tượng phật đều có nét hiền hậu, mang lại cảm giác vừa dễ chịu nhưng cũng vừa uy nghiêm. Chùa mở cửa đến 20h các ngày lễ, m1 và rằm nên mọi người có đi lễ thì có thể kịp qua chùa sau lúc tan làm",một năm trước,,Google Maps,2026-08-29T06:26:28+00:00
google_maps_Ci9DQUlRQUNvZENodHljRjlvT2pSS1YwVXRVMVIxTjFSYVVVSk9kbE5PY1docFdsRRAB,OSM_node_1498111667,5,"Mỗi lần đến kỳ thi mình lại ra đây. Lần đầu tiên mình ra sau thấy không gian đẹp, rộng và cách biệt với Hà Nội ồn ào. Mình nghĩ có khi ra đây chạy deadline có khi ổn hơn á",8 tháng trước,,Google Maps,2026-08-29T06:26:28+00:00
google_maps_Ci9DQUlRQUNvZENodHljRjlvT25KUVExVnNRbTlXV1ROS1pqVkNkV2xGWDNwaFJXYxAB,OSM_node_1498111667,5,chùa Láng vẫn giữ nét xưa!,8 tháng trước,,Google Maps,2026-08-29T06:26:28+00:00
google_maps_ChdDSUhNMG9nS0VJQ0FnSURYbmZ5MXp3RRAB,OSM_node_1498111667,5,"Chùa Láng là một điểm đến tâm linh, điểm tựa tinh thần quan trọng với người dân Hà Nội.Chùa Láng tọa lạc trên con phố cùng tên – phố Chùa Láng – một trong những con phố nhộn nhịp, sầm uất bậc nhất Hà thành. Giữa lòng Thủ đô phồn hoa như …",một năm trước,,Google Maps,2026-08-29T06:26:28+00:00
google_maps_Ci9DQUlRQUNvZENodHljRjlvT21WdlduRm1PVjlhZEVsUFZYaHlVSEp1V0RaRlRuYxAB,OSM_node_1498111667,4,"Chùa cổ, từ thế kỷ 12",10 tháng trước,,Google Maps,2026-08-29T06:26:28+00:00
google_maps_ChdDSUhNMG9nS0VJQ0FnTURBMmZxYmtnRRAB,OSM_node_1498111667,5,"Giữa con phố chùa Láng vô cùng tấp nập và nhộn nhịp, nhưng bước chân vào chùa là cảm thấy vô cùng yên bình. Kiến trúc của chùa vẫn giữ được những nét cổ kính, rất đẹp.",một năm trước,,Google Maps,2026-08-29T06:26:28+00:00
google_maps_ChZDSUhNMG9nS0VJQ0FnSUNkMF83eVFnEAE,OSM_node_1498111667,5,"Với tuổi đời gần 900 năm, trải qua nhiều lần trùng tu, chùa vẫn giữ được kiến trúc truyền thống theo phong cách “nội công ngoại quốc”, với hai hành lang dài nối liền nhà tiền đường ở phía trước và nhà hậu đường ở phía sau thành một khung hình chữ nhật bao quanh lấy nhà thiêu hương, nhà thượng điện hoặc các công trình kiến trúc khác ở giữa.CHÙA LÁNG - NGÔI CỔ TỰ GẮN VỚI GIAI THOẠI KỲ BÍ GIỮA ĐẤT KINH KỲ. Khuôn viên chùa rộng và thanh tịnh với nhiều cây xanh mát,tạo không khí trong lành.bãi để xe gần chùa rộng.Tới Hà Nội có dịp nên ghé thăm chùa láng",2 năm trước,,Google Maps,2026-08-29T06:26:28+00:00
google_maps_ChdDSUhNMG9nS0VJQ0FnSURaOHFucWhRRRAB,OSM_node_1498111667,5,Chùa Láng còn gọi là Chiêu Thiền Tự. Ý nghĩa “ Vì có điều tốt rõ rệt nên gọi là Chiêu. Đây là nơi sinh ra Thiền sư Đại thánh nên gọi là Thiên”. Chùa Láng xây dựng từ thời Vua Lý Anh Tông (1138-1175). …,2 năm trước,,Google Maps,2026-08-29T06:26:28+00:00
google_maps_ChZDSUhNMG9nS0VQQzA1XzZkbEl2M2NBEAE,OSM_node_1498111667,5,Chùa Thầy là di tích lịch sử và cũng là nơi tôi sinh ra và lớn lên ở đó .Ngày Hội chính là Mồng 7/3 âm lịch nha cả nhà,một năm trước,,Google Maps,2026-08-29T06:26:28+00:00
google_maps_ChZDSUhNMG9nS0VJQ0FnSUQzbG9tb0Z3EAE,OSM_node_1498111667,5,"Chùa Láng, nằm ở Hà Nội, là ngôi chùa cổ kính thờ Thiền sư Từ Đạo Hạnh, được xây ở thế kỷ thứ 12 thời vua Lý Anh Tông",một năm trước,,Google Maps,2026-08-29T06:26:28+00:00
google_maps_ChZDSUhNMG9nS0VJQ0FnSURwbjRHOERREAE,OSM_node_1498111667,5,"Mình ở Hà Nội khá lâu rồi mà đây là lần đầu tiên vào chùa, ấn tượng với nét hoang sơ, dân dã, phía trước chùa có nhiều cây cổ thụ to lớn, có cả cây di sản, phía sau chùa rất nhiều ruộng rau như đưa mình ra một miền quê nào đấy của Bắc Bộ ngày xưa, vẫn còn những bụi tre rì rào, khóm sậy, cây khế, ao múc nước tưới rau Thực sự mình không thể nào hình dung ra được khung cảnh chùa lại còn đơn sơ đến thế ở một khu vực nội đô chật hẹp, diện tích chùa kéo dài tới cả đoạn đường mới Voi Phục, rất rộng Vé gửi xe: 5k trước cổng chùa, không cần lấy vé xe (*Chùa Láng hay Chiêu Thiền tự (Hán tự: 昭禪寺) )",2 năm trước,,Google Maps,2026-08-29T06:26:28+00:00
google_maps_ChZDSUhNMG9nS0VNUzR4YXE4b2Z1VldBEAE,OSM_node_1498111667,5,"Là di tích lịch sử lâu đời, nằm trên đường phố Chùa Láng cùng tên, xung quanh là các trường đại học lớn như GTVT, Ngoại Thương, Ngoại giao,.... - Khuôn viên chùa nổi bật với hàng cây xoàicừ hàng trăm năm tuổi, sừng sững. Bên trong chùa, ngay chính giữa là đài bát giác. Trong chùa còn có ao cá to, chỗ nghỉ ngơi của các sư.",một năm trước,,Google Maps,2026-08-29T06:26:28+00:00
google_maps_ChZDSUhNMG9nS0VJQ0FnSUR1by03T0VREAE,OSM_node_1498111667,5,"Khuôn viên rộng rãi, thoáng mát. Chùa khá yên tĩnh. Không có biển cấm quay phim chụp ảnh, nhưng lúc t chụp ảnh khuôn viên bên ngoài thấy có 1 bạn k biết phải người của chùa k ra nhắc là k đc chụp ảnh. T có hỏi là k đc chụp toàn bộ khuôn viên chùa à, hay là chỉ k đc chụp bên trong thôi vì bạn đó cứ lúng búng trong miệng k trả lời rõ ràng đc.",4 năm trước,,Google Maps,2026-08-29T06:26:28+00:00
google_maps_ChZDSUhNMG9nS0VJQ0FnSUQxZ2Jqb01REAE,OSM_node_1498111667,5,"CHÙA LÁNG - NGÔI CỔ TỰ GẮN VỚI GIAI THOẠI KỲ BÍ GIỮA ĐẤT KINH KỲ 🍂🍂 Tương truyền, Chùa Láng (còn gọi là Chiên Thiên Tự) được khởi công xây dựng vào …",2 năm trước,,Google Maps,2026-08-29T06:26:28+00:00
google_maps_Ci9DQUlRQUNvZENodHljRjlvT210YU5sVmxSMWd3WWxobWJrZHhlRzlNYkhoa2RtYxAB,OSM_node_1498111667,5,"Chùa Láng đẹp, to. Nhiều cây cổ thụ. Không gian yên tĩnh.",5 tháng trước,,Google Maps,2026-08-29T06:26:28+00:00
google_maps_Ci9DQUlRQUNvZENodHljRjlvT2tZMGFGbHRVblJSVTFacVRETm1TUzFZYkhSNmEyYxAB,OSM_node_1498111667,5,"À, Chùa Láng đây rồi! Ghé vào một chiều nắng nhẹ, mình thực sự thấy lòng bình yên mỗi khi bước qua cổng. Khuôn viên rộng rãi, nhiều cây xanh mát rượi, thích hợp để dạo vòng quanh. Mình đặc biệt thích lối kiến trúc cổ kính ở đây, mang đậm …",9 tháng trước,,Google Maps,2026-08-29T06:26:28+00:00
google_maps_ChdDSUhNMG9nS0VJQ0FnSUR1cUxHNmtnRRAB,OSM_node_1498111667,5,"Rằm tháng 7 năm Nhâm Dần 2022. Thành tâm dâng lễ mọn cầu mong Đức Phật, Đức Bồ Tát sự che chở, xá hết tội lỗi. Xin hồi hướng công đức cho Đấng sinh thành, gia đình vợ con và mọi người trên nhân gian có cuộc sống tốt đẹp hơn ... Cầu cho mọi người đều được bình an.",4 năm trước,,Google Maps,2026-08-29T06:26:28+00:00
google_maps_ChdDSUhNMG9nS0VJQ0FnSUQydGE2aXBBRRAB,OSM_node_1498111667,5,"Chùa Láng, Hà Nội là cái tên thân thương đối với người dân địa phương lẫn du khách gần xa. Chùa Láng có tên gọi chính thức là Chiêu Thiền Tự, nổi danh giữa lòng là một chốn thiền tâm. Gọi là “Chiêu” vì nơi đất phúc cõi thiêng có điều tốt hiển hiện, còn “Thiền” là do Thiền sư Từ Đạo Hạnh sinh ra tại đây. Còn người Pháp gọi Chùa Láng là Pagode des Dames. Chùa Láng được xây dựng trên nền nhà cũ của cha mẹ Thiền sư Đạo Hành, khi xưa thuộc xã Yên Lãng, tổng Hạ, huyện Vĩnh Thuận, sau này chính là làng Láng – ngôi làng cổ nằm bên sông Tô Lịch. Chùa Láng được công nhận là Di tích lịch sử - văn hoá quốc gia vào năm 1962. Chùa Láng có địa chỉ tại 112 phố Chùa Láng, phường Láng Thượng, quận Đống Đa, thành phố Hà Nội.",4 năm trước,,Google Maps,2026-08-29T06:26:28+00:00
google_maps_Ci9DQUlRQUNvZENodHljRjlvT2xGNU5pMUNUblpCWjBONVZ6TnViWEk0VHpOblRGRRAB,OSM_node_1498111667,5,"Quán ăn Nhật này thật sự khiến mình rất ấn tượng ngay từ lần đầu ghé thử. Món ăn được chế biến tinh tế, hương vị chuẩn Nhật nhưng vẫn rất hợp khẩu vị người Việt, ăn vào cảm giác vừa thanh vừa đậm đà. Nguyên liệu tươi, trình bày đẹp mắt, từ …",7 tháng trước,,Google Maps,2026-08-29T06:26:28+00:00
google_maps_ChZDSUhNMG9nS0VJQ0FnSURNbUpIWEVnEAE,OSM_node_1498111667,5,"Chùa Láng là một đại điểm tâm linh rất tuyệt vời khi bạn ghé thăm Hà Nội. Là một trong những ngôi chùa cổ và linh thiêng, các bạn nên ghé qua. Thông tin thêm nếu bạn chưa biết. Hơn ngàn năm trước, nhà Lý đã thực hiện chuyến dời đô lịch sử từ Hoa Lư về Thăng Long, đồng thời cũng làm nên một thời kì thịnh trị của văn hóa Phật giáo. Trong số các công trình kiến trúc để lại ở kinh kì, chùa Láng có lẽ là ngôi chùa có sức sống bất diệt trong tâm khảm người dân Hà thành với những nét độc đáo hiếm thấy. Chùa Láng hiện nay là một di tích lịch sử, chùa nằm tại Phố Chùa Láng, phường Láng Thượng, Q Đống Đa, Hà Nội Chùa Láng thờ Thiền sư Từ Đạo Hạnh, sống vào thời vua Lý Nhân Tông, tu ở chùa Thiên Phúc trên núi Sài Sơn, thuộc phủ Quốc Oai, Sơn Tây ngày nay. Đồng thời ông cũng là Tăng Đô Sát trong triều đình. Tương truyền ngôi nhà xưa của ông nằm ở phía Nam làng An Lãng, chính là chùa Láng ngày nay.",Thời gian chỉnh sửa: 6 năm trước,,Google Maps,2026-08-29T06:26:28+00:00
google_maps_ChdDSUhNMG9nS0VJQ0FnSUNkME8yN3F3RRAB,OSM_node_1498111667,5,"Ngôi chùa gắn bó với cả tuổi thơ của tôi. Giờ đây mùng Một đầu năm tôi vẫn thường đến như được trở về nhà. Năm nay chùa được tu sửa thật cẩn thận và đẹp, tôi cảm nhận được sự thay đổi ở từng cánh cửa gỗ từng bức hoành phi và những bức tượng Phật thân quen. Anh Di Đà Phật",2 năm trước,,Google Maps,2026-08-29T06:26:28+00:00
google_maps_Ci9DQUlRQUNvZENodHljRjlvT201M09VMVdTVEZCUW5kb1NubEpkbXRzUW5OcVJuYxAB,OSM_node_1498111667,4,"Chùa Láng là một nơi linh thiêng, phật tử và du khách có thể đến tham quan, vãn cảnh chùa vào cuối tuần sau những ngày làm việc căng thẳng.",10 tháng trước,,Google Maps,2026-08-29T06:26:28+00:00
google_maps_ChdDSUhNMG9nS0VJQ0FnSURDektTUXhnRRAB,OSM_node_1498111667,5,"Chùa Láng và Chùa Thầy là 2 ngôi chùa gắn liền với truyền thuyết về Thiền Sư Từ Đạo Hạnh, một vị sư có năng lực thần thông mạnh mẽ. Một ngôi chùa cổ rộng rãi hiếm hoi còn sót lại giữa lòng thành phố.",5 năm trước,,Google Maps,2026-08-29T06:26:28+00:00
google_maps_Ci9DQUlRQUNvZENodHljRjlvT25WWFZraElUWEptWm1kbFFsQTBkVzExYW5wc1NuYxAB,OSM_node_1498111667,5,Đền Mẫu Sòng 122A Kim giang,6 tháng trước,,Google Maps,2026-08-29T06:26:28+00:00
google_maps_Ci9DQUlRQUNvZENodHljRjlvT2pkT05qVlBSVWhHTkMxS1drbFJjRlZHVjFsSGNGRRAB,OSM_node_1498111667,5,"Giữa khu phố đông đúc sầm uất mà chùa có một khuon viên rộng và yên tĩnh, thật là thư thái khi đến đây.",6 tháng trước,,Google Maps,2026-08-29T06:26:28+00:00
google_maps_ChZDSUhNMG9nS0VJQ0FnSUNvOXFybUF3EAE,OSM_node_1498111667,5,"Chùa Láng nổi danh trong lòng người dân Hà Nội là một chốn thiền tâm. Tên chính thức của ngôi chùa được ghi trên văn bia năm Thịnh Đức là Chiêu Thiền tự với ý nghĩa: Vì có điều tốt rõ rệt nên gọi là Chiêu. Đây là nơi sinh ra Thiền sư đại thánh nên gọi là Thiền (Cái nguyên hữu chiêu hiển gia tường, cố dĩ Chiêu danh. Đĩnh sinh Thiền sư đại thánh, cố dĩ Thiền danh). Chùa nằm trên đường Chùa Láng, trước kia vốn là ngõ Giếng của làng Láng Thượng. Nghe vậy thôi người ta cũng đủ biết sự ảnh hưởng của ngôi chùa đến con phố ấy, đến người dân nơi ấy sâu đậm đến thế nào. Theo sử sách ghi lại, Chùa được xây dựng từ thời vua Lý Anh Tông thờ Thiền sư Từ Đạo Hạnh. Trải qua những thăng trầm và biến động của thời gian và lịch sử nước nhà, chùa Láng đã được trùng tu nhiều lần. Lần trùng tu lớn dưới thời Lê Trung Hưng 1656. Nhưng không vì thế mà ngôi chùa mất đi vẻ đẹp vốn có của nó. Dân gian vẫn còn ca ngợi ngôi chùa mà văn bia còn lưu lại: “Thật là danh lam bậc nhất, thế gian không có chùa nào sánh kịp. Khí tốt Phượng thành bên hữu toả khắp, dòng sông Tô Lịch bên tả lượn vòng, Nhị Hà nghìn dặm quanh Kinh đô uốn khúc, như rồng xanh lớp lớp chầu về, Tản Viên dãy núi đầy khí đẹp hướng vào, như hổ trắng đàn đàn đến họp”. Chùa Láng có vẻ đẹp bề thế bởi có quần thể kiến trúc hài hòa, cân xứng với không gian. Các công trình kiến trúc trong chùa hòa hợp thiên nhiên xung quanh chùa, từ sân vườn cho tới những hàng cây cổ tạo nên một không gian tĩnh mịch, cổ kính… Vì thế, chùa Láng đã từng được coi là đệ nhất tùng lâm (rừng thông đẹp nhất) ở chốn Kinh kỳ xưa.",7 năm trước,,Google Maps,2026-08-29T06:26:28+00:00
google_maps_Ci9DQUlRQUNvZENodHljRjlvT25remR6RTViSGg2ZFU0eFFWZHVjVjluTkdoVFkyYxAB,OSM_node_1498111667,5,"Đến Chùa Láng vào ngày mưa, chùa rộng trang trọng yên tĩnh.",một năm trước,,Google Maps,2026-08-29T06:26:28+00:00
google_maps_ChdDSUhNMG9nS0VJQ0FnSUNNMjYteTdBRRAB,OSM_node_1498111667,5,"Bạn đã từng ghé thăm Hà Nội lần nào chưa? Với tôi thì đây là lần đầu được đặt chân đến Hà Nội (nếu tính từ ngày đăng bài viết này là được 2 ngày rồi nha). Địa điểm tôi đến chính là phố Chùa Láng, phường Láng Thượng, quận Đống Đa, Hà Nội. Tại đây tôi đã ghé thăm chùa Láng, là một di tích lịch sử ở Việt Nam nhưng điều đặc biệt chùa lại nằm ngay giữa nơi thành thị tấp nập. Theo như một số thông tin tôi biết thì chùa Láng được xây từ thời vua Lý Anh Tông cách đây hàng nghìn năm. Chùa được xây dựng với kiến trúc khá đơn giản, khi mới bước tới cửa chùa bạn sẽ nhìn thấy chiếc cổng lớn có ghi một dòng chữ cổ ( tôi cũng không biết nó ghi gì :))) ) bước vào sâu hơn nữa bạn sẽ được chứng kiến hàng cây muỗm rất to lớn ở hai bên. Hàng cây sẽ đưa bạn đến ngôi nhà bát giác ở trong cùng và đây chính là nơi đặt tượng của Từ Đạo Hạnh xung quanh là các gian nhà. Thực sự chuyến đi rất ngắn ngủi nên tôi chỉ có thể miêu tả đôi chút về ngôi chùa nên mọi người hãy thông cảm. Các bạn có thể xem thêm hình ảnh và video ở dưới để tham khảo. Hãy ủng hộ tôi để có thêm các bài đánh giá chất lượng hơn",6 năm trước,,Google Maps,2026-08-29T06:26:28+00:00
google_maps_Ci9DQUlRQUNvZENodHljRjlvT21kRGRsSlZjVXRJVUhFeWFXZDNlVWRoYTJzeVoxRRAB,OSM_node_1498111667,4,Bánh giò 20k trứng lộn ấm nóng vị ngon đông khách nhanh nhẹn,7 tháng trước,,Google Maps,2026-08-29T06:26:28+00:00
google_maps_ChZDSUhNMG9nS0VJQ0FnSURGLXJtSWNBEAE,OSM_node_1498111667,5,"Chùa rất trong lành tôn kính , khu bên ngoài có nhiều người ban chiều tập thể thao rất vui khoẻ",2 năm trước,,Google Maps,2026-08-29T06:26:28+00:00
google_maps_ChZDSUhNMG9nS0VObnAyNXVMMnBLTmRBEAE,OSM_node_1498111667,5,"Linh thiêng, không gian xanh sạch đẹp và yên tĩnh giữa lòng thủ đô.",một năm trước,,Google Maps,2026-08-29T06:26:28+00:00
google_maps_Ci9DQUlRQUNvZENodHljRjlvT2xoaVoyZEhUbG8zYjJOcVYyWTRlSGhZYjNKMWNHYxAB,OSM_node_1498111667,5,"Không gian và sân chùa rất đẹp, cần mở cửa cho khách vào lễ bái nhiều hơn",5 tháng trước,,Google Maps,2026-08-29T06:26:28+00:00
google_maps_ChZDSUhNMG9nS0VJQ0FnSUNZemQ3bUt3EAE,OSM_node_1498111667,4,"Đây là 1 địa điểm di tích lịch sử đã đc xếp hạng qg, đẹp và chứa đựng nhiều ý nghĩa sâu sắc, tuy nhiên các hoạt động bổ trợ nhằm thúc đẩy du lịch phát triển ở đây thì chưa tốt. Chúc các bạn có chuyến đi bổ ích ^^",7 năm trước,,Google Maps,2026-08-29T06:26:28+00:00
google_maps_ChZDSUhNMG9nS0VKQ3o1TXpzaTZldmRnEAE,OSM_node_1498111667,5,"Ngôi chùa cổ rất đẹp, mình đã gắn bó với nơi này 3 năm hồi còn thuê trọ ở phố Chùa Láng.",một năm trước,,Google Maps,2026-08-29T06:26:28+00:00
google_maps_ChZDSUhNMG9nS0VJQ0FnSUQwdnNubkZnEAE,OSM_node_1498111667,3,"Chùa Láng tọa lạc tại làng Láng. Láng hay Kẻ Láng là tên chữ của làng Yên Lãng, nay thuộc phường Láng Thượng, quận Đống Đa, Hà Nội. Chùa Láng có nhiều nét đặc trưng riêng biệt, bởi đây là ngôi chùa thờ Phật, thờ Thánh, gắn với nhân vật nổi tiếng thời đại đó là Thiền sư Từ Đạo Hạnh. Chùa Láng có tên chữ là Chiêu thiền tự. Bia tạo lệ chùa Chiêu Thiền (Chiêu Thiền tạo lệ tự bi) được khắc vào năm Thịnh Đức thứ 4 (1656) còn lưu giữ tại chùa đã giải thích tên chùa như sau: “Đất phúc cõi thiêng duy có chùa Chiêu Thiền bậc nhất. Vì có điềm tốt rõ rệt, nên gọi là “Chiêu”. Đây là nơi sinh ra Thiền sư Đạo Hạnh nên gọi là Thiền” (2).",6 năm trước,,Google Maps,2026-08-29T06:26:28+00:00
google_maps_ChZDSUhNMG9nS0VJQ0FnSURjM09IN1pBEAE,OSM_node_1498111667,5,"Chùa Láng, hay còn gọi là Chiêu Thiền tự là một ngôi chùa ở làng Láng, Láng Thượng, quận Đống Đa, Hà Nội. Tên chùa có ý nghĩa rằng: ""Vì có điều tốt rõ rệt nên gọi là Chiêu. Đây là nơi sinh ra Thiền sư Đại Thánh nên gọi là Thiền"". Người Pháp gọi là Pagode des Dames.",6 năm trước,,Google Maps,2026-08-29T06:26:28+00:00
google_maps_ChdDSUhNMG9nS0VJQ0FnSUN4aXBTQ3lnRRAB,OSM_node_1498111667,5,Chùa đẹp và thanh tịnh. Khu cổng chùa là nơi tập trung tập luyện thể thao của người dân nơi đây. Lễ hội chùa Láng cũng được tổ chức hoành tráng.,3 năm trước,,Google Maps,2026-08-29T06:26:28+00:00
google_maps_ChdDSUhNMG9nS0VJQ0FnSUNXa0pxTDl3RRAB,OSM_node_1498111667,5,Ngôi chùa cổ kính. Một không gian yên tĩnh giữa Hà thành nhộn nhịp.,4 năm trước,,Google Maps,2026-08-29T06:26:28+00:00
google_maps_Ci9DQUlRQUNvZENodHljRjlvT2tOUWRHdHJiRFoxWVdWcVMxbDRMWGRYUkRORWFrRRAB,OSM_node_1498111667,5,Một ngôi chùa cổ thật tuyệt vời từ không gian đến thờ tự!,Thời gian chỉnh sửa: 4 tháng trước,,Google Maps,2026-08-29T06:26:28+00:00
google_maps_ChZDSUhNMG9nS0VJQ0FnSUNCbGM2cUNBEAE,OSM_node_1498111667,5,Chùa rộng- nhiều cây xanh- đi đúng lúc có lễ hội rất nhộn nhịp,3 năm trước,,Google Maps,2026-08-29T06:26:28+00:00
google_maps_ChdDSUhNMG9nS0VJQ0FnSUREc0pTOWxBRRAB,OSM_node_1498111667,5,"Chùa cổ, khuôn viên chùa rất rộng. Kiến trúc cổ kính của chùa là một điểm nhấn. Nam Mô A Di Đà Phật",2 năm trước,,Google Maps,2026-08-29T06:26:28+00:00
google_maps_ChZDSUhNMG9nS0VJQ0FnSURSaFlQNUVnEAE,OSM_node_1498111667,5,Không gian yên tĩnh ngày thường. Vào dịp lễ hội có các trương trình rất hay.,3 năm trước,,Google Maps,2026-08-29T06:26:28+00:00
google_maps_Ci9DQUlRQUNvZENodHljRjlvT2xwVWVEWjFWSGhvUmxWbVFsTlROVWhqVm5OMlExRRAB,OSM_node_3860801614,5,,7 tháng trước,,Google Maps,2026-08-29T06:28:36+00:00
google_maps_Ci9DQUlRQUNvZENodHljRjlvT2pKa0xVOUlabU52TTFJeVZDMTFNVGxLWnpsT2QwRRAB,OSM_node_3860801614,4,,9 tháng trước,,Google Maps,2026-08-29T06:28:36+00:00
google_maps_Ci9DQUlRQUNvZENodHljRjlvT21KTWRVVlRYMU5hVjNKZlFteHlkakEwV2pOd2VIYxAB,OSM_node_3860801614,5,Chỗ chơi công viên ạ,một tháng trước,,Google Maps,2026-08-29T06:28:36+00:00
google_maps_Ci9DQUlRQUNvZENodHljRjlvT21zM2FrZ3lTR2RhVG1RNVlVRnRlVWhPVUd3emMwRRAB,OSM_node_3860801614,5,,3 tháng trước,,Google Maps,2026-08-29T06:28:36+00:00
google_maps_Ci9DQUlRQUNvZENodHljRjlvT2pGM1puWkxTMWMyTFhWU2JYRjJPRWd4YzJOT1JWRRAB,OSM_node_3860801614,5,,một tháng trước,,Google Maps,2026-08-29T06:28:36+00:00
google_maps_Ci9DQUlRQUNvZENodHljRjlvT2xGaGFrMVBaVFZTVW1rNFNVUmtVbEpwTUhoalgyYxAB,OSM_node_3860801614,5,,2 tháng trước,,Google Maps,2026-08-29T06:28:36+00:00
google_maps_Ci9DQUlRQUNvZENodHljRjlvT25aQ1dFbFZUSE5NVmxWM2VVcE9RalJKY1VKeVEyYxAB,OSM_node_3860801614,5,,2 tháng trước,,Google Maps,2026-08-29T06:28:36+00:00
google_maps_Ci9DQUlRQUNvZENodHljRjlvT21GSFRubHFUekY2Ym01MWFVdGZaVFJEU1VOeldWRRAB,OSM_node_3860801614,5,,3 tháng trước,,Google Maps,2026-08-29T06:28:36+00:00
google_maps_Ci9DQUlRQUNvZENodHljRjlvT2xaVmNHWkJhVWN3YldWMWJHeHlVM2hXU2xSR1kxRRAB,OSM_node_3860801614,5,,3 tháng trước,,Google Maps,2026-08-29T06:28:36+00:00
google_maps_Ci9DQUlRQUNvZENodHljRjlvT20xTlIzUXhVM1JDVm5WM2FqTTBOelJLUjFGTWVWRRAB,OSM_node_3860801614,5,,3 tháng trước,,Google Maps,2026-08-29T06:28:36+00:00
google_maps_Ci9DQUlRQUNvZENodHljRjlvT2poeVJHNUNNSGRqYjNnNFlWQnhSRVZ2YkVOdFVuYxAB,OSM_node_3860801614,5,,3 tháng trước,,Google Maps,2026-08-29T06:28:36+00:00
google_maps_Ci9DQUlRQUNvZENodHljRjlvT21aMFlqbElSRkEwVEdObUxURjFkSEpJT1hGTGNuYxAB,OSM_node_3860801614,5,,4 tháng trước,,Google Maps,2026-08-29T06:28:36+00:00
google_maps_Ci9DQUlRQUNvZENodHljRjlvT213dGJrZFlObWxLUVZRd1JVVTFUREp3YW1WTVIyYxAB,OSM_node_3860801614,5,,4 tháng trước,,Google Maps,2026-08-29T06:28:36+00:00
google_maps_Ci9DQUlRQUNvZENodHljRjlvT2tKU1JYWlpSbWcyY1dOSWNteEZMWHBLWlhoNVdXYxAB,OSM_node_3860801614,5,,4 tháng trước,,Google Maps,2026-08-29T06:28:36+00:00
google_maps_Ci9DQUlRQUNvZENodHljRjlvT2tKVk5uZHpUVGRVVG1ZM2NFOWpkMlJvT0ZScFNtYxAB,OSM_node_3860801614,5,,5 tháng trước,,Google Maps,2026-08-29T06:28:36+00:00
google_maps_Ci9DQUlRQUNvZENodHljRjlvT21SUlZtNW5VMnRET1V3NU9EazBOM05uVGxkUVFuYxAB,OSM_node_3860801614,5,,6 tháng trước,,Google Maps,2026-08-29T06:28:36+00:00
google_maps_Ci9DQUlRQUNvZENodHljRjlvT25OU05IZFJjVTlsVVZKeE5sTXpPVGMxU0dJMVdGRRAB,OSM_node_3860801614,3,,6 tháng trước,,Google Maps,2026-08-29T06:28:36+00:00
google_maps_Ci9DQUlRQUNvZENodHljRjlvT2xnekxWTkVTemhRWkc5MlJraHpSRmR1WDNCU2FWRRAB,OSM_node_3860801614,5,,6 tháng trước,,Google Maps,2026-08-29T06:28:36+00:00
google_maps_Ci9DQUlRQUNvZENodHljRjlvT214TGVXeFRWV2RsYlZCVFdWTjRkMnB0ZWxoWlRuYxAB,OSM_node_3860801614,5,,6 tháng trước,,Google Maps,2026-08-29T06:28:36+00:00
google_maps_Ci9DQUlRQUNvZENodHljRjlvT2toNWRXOXJNWFJ2ZWpObk9GOUdMWGxNTkd4TGNYYxAB,OSM_node_3860801614,5,,10 tháng trước,,Google Maps,2026-08-29T06:28:36+00:00
google_maps_Ci9DQUlRQUNvZENodHljRjlvT2kxVFIweHhXbVJmZWs5WWRIQXlRaTF1YlROaFEyYxAB,OSM_node_4171889289,4,🏛️ Việt Phủ Thành Chương – Không gian văn hoá & lịch sử Việt giữa thiên nhiên yên bình …,6 tháng trước,,Google Maps,2026-08-29T06:29:25+00:00
google_maps_Ci9DQUlRQUNvZENodHljRjlvT2tGa1dVSTJXR3MxUmxCZlVuSlJPRm95TUVWRU5FRRAB,OSM_node_4171889289,5,"Đến vào đây vào dịp cuối tuần, nên có nhiều du khách tham quan cả trong và ngoài nước. Nhiều địa điểm, vật thể kiến trúc mang phong cách truyền thống văn hoá Việt Nam trên mọi miền. Nếu có nhiều dịp hơn, tôi sẽ quay lại và chụp tiếp thêm nhiều bức ảnh của cá nhân và gia đình.",4 tháng trước,,Google Maps,2026-08-29T06:29:25+00:00
google_maps_Ci9DQUlRQUNvZENodHljRjlvT2pnd1EwdHNVRk5xYlZsUk9EVlBUV0kxUzJwdVEzYxAB,OSM_node_4171889289,5,Yên tĩnh mát mẻ thự sự rất quý giá về bắc bộ và nhiều ký ức,3 tháng trước,,Google Maps,2026-08-29T06:29:25+00:00
google_maps_Ci9DQUlRQUNvZENodHljRjlvT2xFek5qZ3pOV3RZYkcxRE4ySjNVMGs0TkVWbU5tYxAB,OSM_node_4171889289,5,"Như bảo tàng lưu giữ những đồ dùng, cổ vật văn hóa, sinh hoạt xưa của tư nhân. Nằm giữa không gian núi non yên tĩnh, xanh mát, không khí trong lành. Phù hợp với người lớn tuổi hơn là các bạn trẻ thích vui chơi.",7 tháng trước,,Google Maps,2026-08-29T06:29:25+00:00
google_maps_Ci9DQUlRQUNvZENodHljRjlvT2xsVVIyNTZNR2MyUVRsUlpIWnFWVVZJZFRkNlFVRRAB,OSM_node_4171889289,4,"Một nơi với kiến trúc độc đáo đan xen đậm chất đồng bằng bắc bộ giao thoa với kiến trúc á đông, bà la môn, ... được gia chủ sưu tầm nhiều hiện vật và cổ vật, bạn cần phải mất ít nhất 2 tiếng để đi tham quan hết các khu vực trong Việt Phủ",4 tháng trước,,Google Maps,2026-08-29T06:29:25+00:00
google_maps_Ci9DQUlRQUNvZENodHljRjlvT2twV1NVOW9aRW95UXpSRFMyZHlNa2t4TkRkVk1uYxAB,OSM_node_4171889289,5,Rất gần gũi setup từng góc rất riêng biệt đẹp và cổ kính,3 tháng trước,,Google Maps,2026-08-29T06:29:25+00:00
google_maps_Ci9DQUlRQUNvZENodHljRjlvT2w5emJXODRjVWhwWVdocWNISTBhVkJVU0hwME9GRRAB,OSM_node_4171889289,5,"Không gian xanh, không khí mát lành, trà sen thơm vương vị, mình đi vào ngày mưa nên hơi trơn chút, đi cẩn thận là được. Ngoài ra ai đến nơi đây chụp áo dài, việt phục cổ phục quả thật sẽ rất đẹp, đồ ăn trưa là các món ăn với cơm, giá ổn, hương vị như cơm nhà thân quen.",9 tháng trước,,Google Maps,2026-08-29T06:29:25+00:00
google_maps_Ci9DQUlRQUNvZENodHljRjlvT2tGZldVcEdRa1JWVjFodlR6ZHdMVFJOWm5aMmRFRRAB,OSM_node_4171889289,2,"1. Điểm cộng: Pha trộn nét văn hoá nhiều dân tộc Kiến trúc có nét độc đáo, hoài cổ …",10 tháng trước,,Google Maps,2026-08-29T06:29:25+00:00
google_maps_ChZDSUhNMG9nS0VJQ0FnTUNRdkktME5BEAE,OSM_node_4171889289,5,"Hội tụ kiến trúc truyền thống, các nét văn hoá đa dạng của nhiều dân tộc Việt Nam trong một khuôn viên thu nhỏ. Trình bầy khá chi tiết, tỉ mỉ và công phu. Ngoài thăm quan thì cũng là điểm chụp ảnh được nhiều chị em và khách du lịch lựa chọn. Vào thăm phải mua vé nhé anh chị em.",một năm trước,,Google Maps,2026-08-29T06:29:25+00:00
google_maps_Ci9DQUlRQUNvZENodHljRjlvT2pOTGIwRnFlVUZMYkZJNGQyTjJTblEyZDJWbGNrRRAB,OSM_node_4171889289,3,Không bán vé nhưng lại bắt mua sách tham quan. Khó hiểu,7 tháng trước,,Google Maps,2026-08-29T06:29:25+00:00
google_maps_Ci9DQUlRQUNvZENodHljRjlvT21SbFgwNHdja0ZHWTNrMGVVRmZlV1J6WWpWV05XYxAB,OSM_node_4171889289,5,"Tham quan thư giãn, không gian rộng dãi, thoáng mát. Cuối tuần vào tham quan hít thở không khí trong lành, tản bộ rồi ngồi uống nước cũng chill phết.",9 tháng trước,,Google Maps,2026-08-29T06:29:25+00:00
google_maps_Ci9DQUlRQUNvZENodHljRjlvT2pONldHWmxVMlo2VEZGelRISnZXRGRRVlU0NVdtYxAB,OSM_node_4171889289,4,"Nếu bạn là người sinh ra ở vùng quê Bắc Bộ, cho dù bạn có ở đâu thì khi đến đây bạn cảm giác như dg ở chính làng quê của mình, mái đình, ao làng, mái nhà cổ đầy ký ức của thời kỳ rất tự nhiên trời sinh voi trời sinh cỏ cứ mộc mạc ùa về",một năm trước,,Google Maps,2026-08-29T06:29:25+00:00
google_maps_Ci9DQUlRQUNvZENodHljRjlvT25WRE9VYzJPQzF1YVdZMlYyWmFVM05UZVd0YVpIYxAB,OSM_node_4171889289,5,"VIỆT PHỦ THÀNH CHƯƠNG - ĐỊA ĐIỂM DU XUÂN ĐẦU NĂM 🌸✨ Nằm giữa vùng đồi núi Sóc Sơn, Việt Phủ Thành Chương không chỉ là điểm tham quan …",một năm trước,,Google Maps,2026-08-29T06:29:25+00:00
google_maps_ChdDSUhNMG9nS0VJQ0FnTUN3a2JQenZnRRAB,OSM_node_4171889289,3,"Không gian nhỏ. Đẹp mà giá vé quá cao, nói chung là đoàn chúng tôi đến và về với sự thất vọng. Các cháu nhỏ đoàn tôi đi thăm quan tới 1 khu khá âm u lạnh lẽo với những bức tượng không đầu, các cháu rất sợ. Thích hợp cho người tới chụp cổ phục. Người lớn 150k/1v. Người già , sinh viên 130k . Trẻ em dưới 1m1 miễn phí. 10k 1 gói thức ăn cho cá",một năm trước,,Google Maps,2026-08-29T06:29:25+00:00
google_maps_ChZDSUhNMG9nS0VJQ0FnTUNZekstY05nEAE,OSM_node_4171889289,4,"Đây là một bảo tàng tư nhân trưng bày các kiến trúc cổ của Việt Nam và các hiện vật trang trí kiến trúc. Xét về tổng thể thì không gian rất thú vị, tái hiện được cuộc sống của người …",một năm trước,,Google Maps,2026-08-29T06:29:25+00:00
google_maps_ChZDSUhNMG9nS0VJQ0FnSUNmb3M2WWRREAE,OSM_node_4171889289,5,"Nơi lưu giữ các kiến trúc văn hoá ngàn năm của người Việt với một khối lượng đồ sộ các công trình như nhà sàn, giếng nước, miếu thờ, nhà rường, tượng phật, hồ múa rối nước… Hoạ sỹ Thành Chương đã xuất sắc trong việc thiết kế các công trình cổ điển và thuần Việt này trên một khu đất rộng chừng 1ha. Khu đất có nhiều độ cao khác nhau nhưng đã được Hoạ sỹ khéo léo bố trí các công trình được nằm ở những vị trí phù hợp nhất mà công trình này lại tôn vinh được vẻ đẹp của công trình kề bên. Toàn bộ Việt phủ được bao phủ bởi nhiều loại cây cổ thụ nên trong các ngày hè nóng nực, không khí và nhiệt độ luôn mát mẻ hơn các khu vực xung quanh. Các giếng nước cổ được xây dựng thành giếng từ hàng chục chiếc cối đá, thành giếng được làm bằng đá, vẫn còn hàng loạt các vết mòn do vết dây kéo hàng trăm năm trước đây. Một ngôi nhà sàn được lưu giữ chắc ở mức độ nguyên bản với mái lá, cột gỗ và chắc chỉ dùng mộng ghép. Ngôi nhà tranh vách đất được xây dựng mới nhưng vẫn giữ kết cấu và chất liệu từ xưa, loại nhà này chỉ còn trong trí nhớ thời thơ ấu.",Thời gian chỉnh sửa: 7 tháng trước,,Google Maps,2026-08-29T06:29:25+00:00
google_maps_Ci9DQUlRQUNvZENodHljRjlvT2pkWVVFVjVOVzlGUTBWRkxYQmFURU5uUld0RGVHYxAB,OSM_node_4171889289,3,Cổ quái ma mị như chủ nhân của nó vậy,2 tháng trước,,Google Maps,2026-08-29T06:29:25+00:00
google_maps_ChdDSUhNMG9nS0VJQ0FnSUNudzd5TmtnRRAB,OSM_node_4171889289,5,"Một nơi chữa lành rất nhẹ nhàng mọi thứ rất mộc mạc gần gũi ,rất là đặc trưng phong cách kiến trúc của Việt Nam đơn sơ bình dị vô cùng thân quen Một nơi đáng để tới để chiêm nghiệm về đời sống văn hoá của cha ông ta ngày xưa …",một năm trước,,Google Maps,2026-08-29T06:29:25+00:00
google_maps_ChZDSUhNMG9nS0VJQ0FnSUNfck1ycEhREAE,OSM_node_4171889289,4,"Chỗ này thích hợp để chụp ảnh. Giá vé so với mình hơi đắt so với sự trải nghiệm. Nhưng xét kĩ thì từng chi tiết được thiết kế, xây dựng kì công và tỉ mỉ. 1 nơi đáng để thăm quan",một năm trước,,Google Maps,2026-08-29T06:29:25+00:00
google_maps_Ci9DQUlRQUNvZENodHljRjlvT25CMVExaENOR1UzTTJVeVpHTTFja05vUlY4eVYwRRAB,OSM_node_4171889289,5,"Vé vào 150k/ng lớn Mình vào với mục đích thăm quan thấy cũng ổn, cuối tuần mng có thể đi VPTC rồi chạy qua bên Đồng Đò cũng chill lắm …",7 tháng trước,,Google Maps,2026-08-29T06:29:25+00:00
google_maps_Ci9DQUlRQUNvZENodHljRjlvT2s5Uk5qaGpVbmN3U0ZkbWNGUkZaeTFmVFZSQk0yYxAB,OSM_node_4171889289,5,"Phủ rất rộng và đẹp. Mình tham quan hết hơn 2h. Đi bộ mỏi chân. Chỗ nào cũng đẹp, cũng chỉn chu. Rất đáng để trải nghiệm. Vào đây mình thấy có cả khu thờ nhà văn Kim Lân, giờ mới biết nhà văn chính là cha của họa sĩ Thành Chương.",9 tháng trước,,Google Maps,2026-08-29T06:29:25+00:00
google_maps_Ci9DQUlRQUNvZENodHljRjlvT2tSRFIySktUMkpVTFZaNlFYcHBWazVJZFhkdmRrRRAB,OSM_node_4171889289,5,"Cảnh đẹp, mang đậm sắc màu làng quê Việt Nam",4 tháng trước,,Google Maps,2026-08-29T06:29:25+00:00
google_maps_ChdDSUhNMG9nS0VJQ0FnTURRMmJLMmdRRRAB,OSM_node_4171889289,5,"Đẹp lắm luôn ạ, có rất nhiều bối cảnh, mình đi 45p mà vẫn chưa đi được hết, rất cổ kính, mình đi vừa qua Tết nhưng vẫn có nhiều khách đến chụp Việt Phục lắm",một năm trước,,Google Maps,2026-08-29T06:29:25+00:00
google_maps_ChZDSUhNMG9nS0VJQ0FnTUR3MklLWGJ3EAE,OSM_node_4171889289,5,"Không gian rất rộng và đẹp với nhiều kiến trúc cổ, có vườn cây, ao cá, thư viện, bảo tàng….Đoàn nhà mình vừa thăm quan, khám phá vừa tản bộ thư giãn giữa không gian yên tĩnh, mát mẻ, nhiều hoa và cây xanh. Địa điểm gần Hà Nội, rất nên đi",một năm trước,,Google Maps,2026-08-29T06:29:25+00:00
google_maps_ChdDSUhNMG9nS0VJQ0FnSURmMjhXanJnRRAB,OSM_node_4171889289,5,"Đến vãn cảnh nơi này vào một ngày cuối năm đầy nắng, khuôn viên như một resort phong cách VN, không gian rộng rãi rợp bóng cây với các khoảng sân gạch rộng, có ao cá nhà cổ Việt được chăm chút chi tiết. Yên tĩnh trong lành, đông đúc vừa …",một năm trước,,Google Maps,2026-08-29T06:29:25+00:00
google_maps_ChZDSUhNMG9nS0VJQ0FnSUN2dDhxUVJREAE,OSM_node_4171889289,5,"Giá vé 150k/người. Giữ xe máy 5k. Địa điểm không tệ, nhưng giá hơi đắt vì chẳng có gì ngoài nhìn cả.",một năm trước,,Google Maps,2026-08-29T06:29:25+00:00
google_maps_ChZDSUhNMG9nS0VJQ0FnSUQzLVBTM0V3EAE,OSM_node_4171889289,5,"Việt Phủ Thành Chương đúng là 1 nơi tuyệt vời, nơi đây chứa rất nhiều các tác phẩm nghệ thuật và không gian đầy thanh tịnh , an nhiên .Tôi sẽ còn quay trở lại rất nhiều lần nữa …",Thời gian chỉnh sửa: 11 tháng trước,,Google Maps,2026-08-29T06:29:25+00:00
google_maps_ChdDSUhNMG9nS0VJQ0FnTUNvNDVMRjBBRRAB,OSM_node_4171889289,4,"Nơi đây có bộ sưu tập phong phú, không dễ để thẩm thấu trong 1 ngày nếu không trang bị kiến thức về văn hoá lịch sử Việt Nam. Nhiều góc đẹp để chụp phong cách làng quê Bắc Bộ",một năm trước,,Google Maps,2026-08-29T06:29:25+00:00
google_maps_ChdDSUhNMG9nS0VJQ0FnSUNoN0w3eS13RRAB,OSM_node_4171889289,5,"Mình đi vào ngày chủ nhật, trời mưa bay bay. Buổi trưa trời có chút hửng nắng. Không khí trong lành, yên tĩnh, cảnh đẹp, kiến trúc, hoa văn tỉ mỉ, độc đáo. Mua vé xong bạn được tặng kèm 1 cuốn sách và 1 bản đồ, giới thiệu về Việt Phủ Thành Chương. Vé ng lớn là 150k/ người, ko mất phí gửi xe. Lưu ý là chỉ đc mang đồ ăn và để ở ngoài thôi, chỗ gửi xe ý, chứ ko đc mang vào trong đâu. Trong các gian phòng có trưng bày cổ vật cũng ko đc tùy ý chụp lại nha.",3 năm trước,,Google Maps,2026-08-29T06:29:25+00:00
google_maps_ChZDSUhNMG9nS0VJQ0FnSUNkX3Rxa0xREAE,OSM_node_4171889289,4,"Việt Phủ Thành Chương như một bộ sưu tập đặc biệt, tái hiện từ kiến trúc, nội thất, nếp sống của người Việt Nam xưa. Mang áo dài, mặc đồ kiểu cổ điển đi chụp ảnh thì hết xảy. Góc nào hầu như cũng có thể cho shot hình đẹp. Tuy nhiên, cảm …",2 năm trước,,Google Maps,2026-08-29T06:29:25+00:00
google_maps_ChZDSUhNMG9nS0VJQ0FnSURfaW83Y0VBEAE,OSM_node_4171889289,5,"Rất đẹp và yên tĩnh. Phù hợp để thư giãn, chụp ảnh với trang phục cổ truyền. Giá vé 150k/ng lớn, hssv và trẻ em giá rẻ hơn",một năm trước,,Google Maps,2026-08-29T06:29:25+00:00
google_maps_ChdDSUhNMG9nS0VJQ0FnSUREeV9tSmpBRRAB,OSM_node_4171889289,5,"Việt Phủ Thành Chương - Nơi lưu giữ “Hồn xưa đất Việt"" Nơi đây như một bức tranh mang đậm nét hoài cổ, tái hiện lại một số kiến trúc Bắc bộ nổi bật. …",2 năm trước,,Google Maps,2026-08-29T06:29:25+00:00
google_maps_ChdDSUhNMG9nS0VJQ0FnSUNYX191RXhBRRAB,OSM_node_4171889289,5,Không gian việt cổ với nhiều hoài niệm Nhiều đồ vật bình dị đến đáng giá Công sức của hoạ sỹ thật đáng ngưỡng mộ Giá vé 150k với cả âm thanh hướng dẫn viên Một địa điểm tuyệt vời để chụp ảnh và nhẹ nhàng tâm hồn,một năm trước,,Google Maps,2026-08-29T06:29:25+00:00
google_maps_ChZDSUhNMG9nS0VJQ0FnSUNIMDlxMlJREAE,OSM_node_4171889289,5,"TRỞ LẠI VIỆT PHỦ THÀNH CHƯƠNG Đây là lần 3 hay 4 gì đó đến đây, lần này là vì muốn giới thiệu văn hóa làng quê …",một năm trước,,Google Maps,2026-08-29T06:29:25+00:00
google_maps_Ci9DQUlRQUNvZENodHljRjlvT2tOc09IaDJYMmx2TkRRNWVUSnJXa2RGU0UxeVlsRRAB,OSM_node_4171889289,5,Không gian văn hoá truyền thống Bắc bộ,3 tháng trước,,Google Maps,2026-08-29T06:29:25+00:00
google_maps_ChdDSUhNMG9nS0VJQ0FnSURzNmZiSXB3RRAB,OSM_node_4171889289,4,"Việt phủ Thành Chương được họa sĩ Thành Chương xây dựng trên mảnh đất rộng 8.000 m2 (xã Hiền Ninh, huyện Sóc Sơn, TP Hà Nội) vào năm 2001 và được đưa vào sử dụng năm 2004. Việt phủ Thành Chương là một tổ hợp của các công trình kiến trúc cổ và giả cổ do hoạ sĩ Thành Chương xây dựng nhằm tôn vinh các di sản kiến trúc truyền thống của Việt Nam. Thời gian đầu, khách du lịch không phải trả phí nhưng hiện nay, gia đình họa sỹ Thành Chương tiến hành thu phí tham quan với mức người lớn: 150.000 đồng, trẻ em: 130.000 đồng, người già trên 65 tuổi: 130.000 đồng, sinh viên: 130.000 đồng (yêu cầu trình thẻ sinh viên) và miễn phí cho trẻ em cao dưới 1.1m. Mặc dù thu phí nhưng không có vé cụ thể mà khách chỉ được đưa lại một tờ hóa đơn thu tiền. (Nguồn: soha)",6 năm trước,,Google Maps,2026-08-29T06:29:25+00:00
google_maps_ChZDSUhNMG9nS0VJQ0FnSUQ3cjQyT0ZBEAE,OSM_node_4171889289,4,"Việt phủ có nghĩa là nhà, là phủ của người Việt, còn Thành Chương là tên của chủ nhân phủ đó. Việt phủ Thành Chương với diện tích trên 8.000m² được xây dựng dưới chân núi Sóc Sơn tại xã Hiền Ninh, cách trung tâm Hà Nội khoảng 40km. Việt Phủ …",một năm trước,,Google Maps,2026-08-29T06:29:25+00:00
google_maps_Ci9DQUlRQUNvZENodHljRjlvT2xsSU5rWnpaamxuZWkxeFJTMXZZVWc0V1RWdU5uYxAB,OSM_node_4171889289,4,"Nếu tìm một nơi để tìm hiều về kiến trúc, văn hoá việt xưa thì đây là nơi lý tưởng.",11 tháng trước,,Google Maps,2026-08-29T06:29:25+00:00
google_maps_ChdDSUhNMG9nS0VJQ0FnSUNwZ05HeHlnRRAB,OSM_node_4171889289,4,"Việt phủ Thành Chương có diện tích trên 8000m2 được xây từ năm 2001. Nơi đây là một địa điểm du lịch, thăm quan dã ngoại cho mọi người, vé vào cửa là 150k. Việt phủ như một ngôi làng Bắc Bộ thu nhỏ với những công trình mang những nét kiến …",3 năm trước,,Google Maps,2026-08-29T06:29:25+00:00
google_maps_ChZDSUhNMG9nS0VJQ0FnTUNReDV6WFNnEAE,OSM_node_4171889289,5,"Việt Phủ Thành Chương nằm tại hồ Kèo Cả, xã Hiền Linh, huyện Sóc Sơn, chỉ cách trung tâm Hà Nội khoảng 40km Việt Phủ Thành Chương được xây dựng từ năm 2001 bắt nguồn từ ý tưởng của họa sĩ Thành Chương – người muốn tái hiện lại dấu ấn văn hóa của cha ông ta thời xa xưa. Nằm trên mảnh đất với diện tích hơn 8000 hecta tại Sóc Sơn, Việt Phủ Thành Chương được xem là một công trình kiến trúc đồ sộ mang đậm nét đặc trưng của Việt Nam. Việt Phủ Thành Chương ôm trọn 30 công trình kiến trúc mang dáng dấp lịch sử Việt Nam thế kỷ trước. Dạo quanh một vòng rộng lớn, du khách sẽ cảm nhận được không gian lịch sử như ùa về trong kí ức. sẽ được chiêm ngưỡng vẻ đẹp của 13 ngôi nhà cổ với những tên gọi đặc biệt như lầu Tường Vân, nhà Thanh Tĩnh, cổng Hương, nhà Mạc Hương, quán Xuân Phong,… Lối xây dựng hiện đại kết hợp với lịch sử dân tộc từ thời Đinh, Lý, Trần, Lê,… Việt Phủ Thành Chương không chỉ gợi nhớ về một cội nguồn lịch sử dân tộc hào hùng mà còn mang trong mình vẻ đơn sơ, giản dị, mộc mạc đầy trầm tĩnh của người dân Việt Nam xưa.",một năm trước,,Google Maps,2026-08-29T06:29:25+00:00
google_maps_Ci9DQUlRQUNvZENodHljRjlvT21KQlVIaFhhMlZvYkd4R1VtUjZVbEJPTjJSNVdWRRAB,OSM_node_4171889289,4,"Sạch, đẹp, nên đến 1 lần, giá vào cửa 150k",8 tháng trước,,Google Maps,2026-08-29T06:29:25+00:00
google_maps_Ci9DQUlRQUNvZENodHljRjlvT205S1N6YzRlRmRLZDFCRk9UZG9XRFF4Tm1OSWVFRRAB,OSM_node_4171889289,5,Một nơi đáng để trải nghiệm về văn hoá Việt Nam,7 tháng trước,,Google Maps,2026-08-29T06:29:25+00:00
google_maps_ChZDSUhNMG9nS0VJQ0FnTURRcXV5NENnEAE,OSM_node_4171889289,5,"Một địa điểm thích hợp để đi chữa lành 🥰 checkin chụp ảnh, khung cảnh nào ở Việt Phủ Thành Chương cũng rất đẹp và cổ kính. Rất nên đi thử một lần trong đời 😍 …",một năm trước,,Google Maps,2026-08-29T06:29:25+00:00
google_maps_ChZDSUhNMG9nS0VJQ0FnSURMaDdxeEl3EAE,OSM_node_4171889289,5,Một không gian đẹp cho người đam mê kiến trúc và nhiếp ảnh. Nên đi vào ngày thường để thoải mái chụp ảnh. Phí vào cửa 150k/người.,2 năm trước,,Google Maps,2026-08-29T06:29:25+00:00
google_maps_ChdDSUhNMG9nS0VJQ0FnSURCejlpdGtnRRAB,OSM_node_4171889289,5,"Dự định đi Việt Phủ Thành Chương của team mình hoàn toàn bất ngờ ngoài dự kiến. Và khám phá này hóa ra là quá sức đáng yêu, tuyệt vời luôn. Diện tích tham quan, khu trưng bày, hệ thống bộ sưu tập của tác giả phải nói là cực kỳ công phu, đa dạng, đẹp và được bảo quản tốt. Không khí bên trong khu vực tham quan trong lành sạch sẽ. Các khu nhà cũng được dọn dẹp cẩn thận. Đây là địa điểm cực kỳ phù hợp cho các bạn yêu thích lịch sử, nghiên cứu, yêu nhiếp ảnh, thích chụp ảnh thời trang, hoặc đơn giản chốn an lành tĩnh tâm để Thiền định. Highly recommended 👍💯❤️",3 năm trước,,Google Maps,2026-08-29T06:29:25+00:00
google_maps_Ci9DQUlRQUNvZENodHljRjlvT25aNlVVcGljRXQ0T1dkTVlVZEhOUzA1UlRGV2IzYxAB,OSM_node_4463582690,,"Dịch vụ xe điện miễn phí ở đây rất là tệ, khách hàng chờ 20 đến 30 phút vẫn chưa có chiếc xe nào. Ở Việt Nam mùa hè mùa nắng nóng gia đình có con nhỏ thì lên cân nhắc. Đi đến đây đi nghỉ mát mà như kiểu đi đày. Dịch vụ bình thường bể bơi nhiều rác , rèm khách sạn bị hỏng ở trong nhà tắm, không có thảm lau chân ở trong nhà . Dép tông ở vila dễ bị ngã. Phòng xông hơi không sử dụng được.nhà bếp tượng trưng không có bát đũa chảo để nấu ăn!",,,Google Maps,2026-08-29T06:30:39+00:00
google_maps_Ci9DQUlRQUNvZENodHljRjlvT2s1d2JqUXhSbVpuVEVSSE9GUnRhRU5SUW5kMU1uYxAB,OSM_node_4463582690,,"Phong cảnh đẹp, mát mẻ, mang tính chất nghỉ dưỡng. Mọi người lưu ý đừng đặt ăn bf ở đây, ăn dở tệ, cực kỳ dở. E nhân viên nữ áo trắng đứng ở cửa mặt lúc nào cũng nhăn nhó cau có.",,,Google Maps,2026-08-29T06:30:39+00:00
google_maps_Ci9DQUlRQUNvZENodHljRjlvT2xKVVpHeHVRMGxrWjB4TVQwbGtTMUpQVjBsb2JtYxAB,OSM_node_4463582690,,"Lần đầu tiên đến Flamingo mk phải công nhận ở đây gói gọn trong 3 chữ “Sang, xịn, đẹp”. Bắt đầu từ cổng chào, vào sảnh tiếp đón resort đến khi lên phòng nhân viên đều phục vụ, hướng dẫn nhiệt tình, chu đáo, thân thiện giúp cho những người mớ tới lần đầu như mk không có cảm giác lạ lẫm, ngơ ngác. Đặc biệt là hai bạn ở quầy lễ tân tên Trang và Vy tiếp đón mk rất nhiệt tình, dù lúc ấy ở sảnh khá đông khách nhg 2 bạn vẫn rất niềm nở, tiếp khách lúc nào cx cười, còn hướng dẫn mk đặt bữa tối các thứ rất chi tiết. Tóm gọn lại thì ở đây 10/10 😁",,,Google Maps,2026-08-29T06:30:39+00:00
google_maps_Ci9DQUlRQUNvZENodHljRjlvT21KNFJuQkhYM1pzV0UxNWNETmllazgzYVhCc01FRRAB,OSM_node_4463582690,,Đi gia đình dưới 10 người thì tiện chứ đông hơn là phải book nhà gần nhau chứ không di chuyển sẽ khá xa và bất tiện vì phải phụ thuộc vào xe điện đến đón nếu ko có xe oto riêng,,,Google Maps,2026-08-29T06:30:39+00:00
google_maps_Ci9DQUlRQUNvZENodHljRjlvT2xsT2N5MWtWbVJmU2twMFoxRTVjV1JIVHpSVGFWRRAB,OSM_node_4463582690,,"Review Flamingo Đại Lải Resort Nếu cần tìm một khu nghỉ dưỡng gần Hà Nội để “đổi gió” cuối tuần thì Flamingo Đại Lải Resort là một trong những lựa chọn đáng cân nhắc nhất. Điểm ấn tượng nhất của resort là không gian xanh cực rộng nằm giữa hồ Đại Lải và rừng thông. Khu nghỉ dưỡng có diện tích hơn 120ha với nhiều biệt thự, khu Forest In The Sky phủ đầy cây xanh, tạo cảm giác gần gũi thiên nhiên nhưng vẫn sang trọng. Resort từng nhận nhiều giải thưởng kiến trúc và được nhắc đến trong các bảng xếp hạng resort nổi bật nhờ thiết kế độc đáo. Phòng nghỉ rộng rãi, sạch sẽ, nhiều hạng phòng có view hồ hoặc đồi thông rất đẹp. Khuôn viên cực kỳ thích hợp để đạp xe, đi dạo, chụp ảnh và nghỉ dưỡng gia đình. Ngoài ra còn có bể bơi, spa, khu vui chơi trẻ em, sân golf mini, bảo tàng nghệ thuật và nhiều hoạt động ngoài trời. Điểm trừ là resort khá rộng nên việc di chuyển giữa các khu đôi khi mất thời gian, đặc biệt vào cuối tuần hoặc dịp lễ thường rất đông khách. Giá đồ ăn và dịch vụ bên trong cũng cao hơn mặt bằng chung. Tổng kết: Flamingo Đại Lải là điểm nghỉ dưỡng lý tưởng cho các cặp đôi, gia đình hoặc nhóm bạn muốn tận hưởng không gian xanh, yên tĩnh chỉ cách Hà Nội khoảng 45 phút lái xe. Nếu đi vào ngày thường sẽ có trải nghiệm thoải mái hơn so với cuối tuần.",,,Google Maps,2026-08-29T06:30:39+00:00
google_maps_ChZDSUhNMG9nS0VKZm0tcFRNa3RDc0x3EAE,OSM_node_4463582690,,"Nhà hàng tre đồ ăn ngon, hợp khẩu vị, không gian thoáng mát. phòng đẹp, rộng rãi",,,Google Maps,2026-08-29T06:30:39+00:00
google_maps_Ci9DQUlRQUNvZENodHljRjlvT205MGVrRjZYMFJCY0VKblRETnRPVkJTZVVOalNsRRAB,OSM_node_4463582690,,"Vị trí đẹp nhưng dịch vụ và phục vụ quá chán. Tiện ích nội khu có xe đưa đón miễn phí nhưng đi ăn từ nhà hàng về resort báo hết xe điện, khách lưu trú đi bộ về thì thấy dưới sảnh khách sạn chục xe đứng chơi không.",,,Google Maps,2026-08-29T06:30:39+00:00
google_maps_Ci9DQUlRQUNvZENodHljRjlvT25sUVpsRldTRXhSWTFaRUxVUkVWRWc0WldSVFpuYxAB,OSM_node_4463582690,,"Nhà hàng sky đồ ăn ngon ,nviien phục vụ nhiệt tình , chu đáo tôi sẽ ghé lại",,,Google Maps,2026-08-29T06:30:39+00:00
google_maps_Ci9DQUlRQUNvZENodHljRjlvT25GTk1sOXFNSFUyU25KdlVVdGxaM0oyUmtoVWRXYxAB,OSM_node_4463582690,,"Tôi mơi chỉ tham gia cùng đoàn đến khu du lịch này trong một ngày thứ 7 cuối tuần, chưa có thời gian và cơ hội để ở lại lau hơn, về cơ bản có những cảm nhận sau Về không gian rất thoáng mát, nhiều cây xanh, rừng thông, không khí trong lành. Ở đây có khu nhà 11 tầng bao gồm khu vui chơi, bể bơi, lưu trú. Ngoài ra còn có các khu villa biệt thự liền kề để cho gia đình thuê ở lại, các biệt thự cũng có một số bể bơi nhỏ tuỳ theo từng căn Đường và khu bãi cỏ sạch sẽ, không rác, khu vui chơi có nhân viên hướng dẫn và hỗ trợ Thực đơn đồ ăn thì khá khiêm tốn, chủ yếu thực đơn về thịt bò, heo, gà, vịt và cá, ốc Đồ uống thì quá đắt, quả dừa 80k, lon bia tiger 70k thực sự lần đầu trải nghiệm với giá đồ uống trên máy bay ngay tại mặt đất, giá uống giảm xuống 1/2 khả năng sẽ bán được nhiều hơn rất nhiều, giá như này chắc không mấy khách hàng dám dùng Thời tiết thì nên đi vào mùa thu, đông hoặc xuân, mùa hè thì thực sự dù xó cây và hồ nước cũng không thể tránh khỏi không khí oi bức Chúng tôi đi ăn buffet chưa đến giờ nên phải đợi ở ngoài, có chỗ nhưng không có quạt thật sự quá nóng",,,Google Maps,2026-08-29T06:30:39+00:00
google_maps_Ci9DQUlRQUNvZENodHljRjlvT2xGMFdXaFFTVTlTT1RBMFNsRnFWR1ZhUld4bmRHYxAB,OSM_node_4463582690,,"Book hill top trên agoda 2tr8, ncl phòng rộng rãi nhưng cơ sở vc bình thường, ngoài trời nhiều muỗi, đạp xe chỗ sáng còn đỡ! Tuy nhiên rất rộng rãi, đạp xe đạp rất thích! - Đồ ăn sáng tương đối! Giá đồ ăn trong nhà hàng bamboo check giá ảo lắm!",,,Google Maps,2026-08-29T06:30:39+00:00
google_maps_Ci9DQUlRQUNvZENodHljRjlvT201dVZGRllSblZaYkdOV01tZDNjems1TnpoNk4zYxAB,OSM_node_4463582690,,"ưu điểm phòng rộng rãi sạch sẽ , cảnh khá là đẹp đầy đủ tiện ích , buffe có lẽ sẽ phù hợp với các bạn trẻ ít hải sản :nhược điểm : đồ khá là đắt so vói mặt bằng chung tiền dọn ko có trong chi phí trc khi về mình phải tự dọn ko mất thêm phí",,,Google Maps,2026-08-29T06:30:39+00:00
google_maps_Ci9DQUlRQUNvZENodHljRjlvT2tGV1oybHVUMnRDTUY5RWRWWkVUemQxT1ZjelJuYxAB,OSM_node_4463582690,,Nhân viên rất thái độ Xe điện thì mất tiền mới đyowcj đi Trên page đăng bài ăn uống 1 kiểu nhưng khi nhắn tin thì lại k có dịch vụ đó,,,Google Maps,2026-08-29T06:30:39+00:00
google_maps_Ci9DQUlRQUNvZENodHljRjlvT2t4U2RrSkdPRFZoYzFKRGJ6aEVkemxSY0hRNWRYYxAB,OSM_node_4463582690,,"Sân pickleball nhận cọc lock sân, đoàn du lịch chuẩn bị mọi thứ để đánh giải nội bộ thì quản lý sân gọi hủy vì lý do khắc phục lại sân do mưa giông. Từ lúc gọi đến lúc đoàn đi du lịch còn hơn 6 ngày mà báo lại ko thể khắc phục xong.",,,Google Maps,2026-08-29T06:30:39+00:00
google_maps_Ci9DQUlRQUNvZENodHljRjlvT2xsUVN6TkphMjVTTlVaMlYyUndOV1JPWlRONlRIYxAB,OSM_node_4463582690,,"Mình đi lần này lần thứ 4 rồi, đa số vẫn ổn, tuy nhiên cơ sở vật chất 1 số nơi bắt đầu đi xuống, nhất là khu vui chơi giải trí. Mình mua combo giải trí với 50 xèng, mà trong 2 hôm lúc thì lỗi điện, lúc thì lỗi máy game, nhiều thiết bị hỏng không được thay thế, trải nghiệm giải trí hơi chán. Đi trong tuần nên hơi vắng và ít nhộn nhịp, đôi khi chơi trò này cần chờ nhân viên hỗ trợ từ khu khác chạy tới để hỗ trợ.",,,Google Maps,2026-08-29T06:30:39+00:00
google_maps_Ci9DQUlRQUNvZENodHljRjlvT200eFlVYzVXVTVHY0RCcFRqUnNkbFppTmpScmQxRRAB,OSM_node_4463582690,,"Phòng nghỉ, view ra ban công rất đẹp, tiện nghi, có nhiều cây xanh nên bầu không khí khá trong lành và mát mẻ. Khu vực vui chơi rộng và khá đa dạng. Dịch vụ thì miễn chê, có nhiều bể bơi đông người và mát mẻ. Nói chung, resort này rất tuyệt vời 🔥",,,Google Maps,2026-08-29T06:30:39+00:00
google_maps_Ci9DQUlRQUNvZENodHljRjlvT21WR2FtNUVORXd3VWtZeWVWRnNZMTl1Yms1bGFsRRAB,OSM_node_4463582690,,"Cảnh quan sạch đẹp, dịch vụ chỉn chu, đồ ăn ở nhà hàng Sky Restaurant rất ngon, nhân viên thân thiện nhiệt tình",,,Google Maps,2026-08-29T06:30:39+00:00
google_maps_ChZDSUhNMG9nS0VNemJtWlNKazdYQ1dBEAE,OSM_node_4463582690,,"Tuyệt vời, tôi rất hài lòng với nhân viên và cách phục vụ ở đây, tôi sẽ quay lại thời gian sớm nhất",,,Google Maps,2026-08-29T06:30:39+00:00
google_maps_Ci9DQUlRQUNvZENodHljRjlvT2xWd01FNU9YMjltVlVGT1ZuTjVlQzEyVldSMmNHYxAB,OSM_node_4463582690,,"nhân viên thiếu chuyên nghiệp, chu đáo. Check rất chậm và hướng dẫn chỉ không tận tình, được các bạn lễ tân nice thôi. Tôi sẽ không quay lại vì thái độ sự chậm chạp này tuy chèo thuyền hay phòng ốc bể bơi rất kê đi nữa nhưng bỏ ra mấy tr thì tôi có nhiều lựa chọn hơn",,,Google Maps,2026-08-29T06:30:39+00:00
google_maps_Ci9DQUlRQUNvZENodHljRjlvT2xGc1FWSm5OalI2Vkd4dlNuSmtabXBLUzAxb1psRRAB,OSM_node_4463582690,,"Nói chung là tất cả đều ổn trừ việc khăn trong nhà tắm bẩn nhé!! mình là người sạch sẽ nên chỉ mỗi việc này cũng khiến trải nghiệm ở đây giảm đi đáng kể. Còn lại mọi thứ đều đáng để trải nghiệm, phù hợp với gia đình hoặc các cặp đôi đi chữa lành chill chill cuối tuầnn",,,Google Maps,2026-08-29T06:30:39+00:00
google_maps_Ci9DQUlRQUNvZENodHljRjlvT25oV1JYSjZVMkpZVEdGM1ZWaHJiV2syVmpSdGMxRRAB,OSM_node_4463582690,,"Nhà hàng Sky. Đồ ăn đảm bảo vệ sinh, chất lượng ngon, hợp khẩu vị. Phục vụ nhiệt tình",,,Google Maps,2026-08-29T06:30:39+00:00
google_maps_Ci9DQUlRQUNvZENodHljRjlvT2xjd1dIaGFZWHBEVW1RNU1FTXdPWGhrYXpZM1FsRRAB,OSM_node_4463582690,,"Dịch vụ ok nhưng phòng siêu bẩn, nhất là phòng tắm. Sàn toàn bụi, khăn cũng không sạch. Sofa có mùi hôi. Mình trả hơn 5tr cho gia đình để ở vào cuối tuần, thật sự thất vọng.",,,Google Maps,2026-08-29T06:30:39+00:00
google_maps_ChZDSUhNMG9nS0VNU3I4b09oZ0luOWFREAE,OSM_node_4463582690,,"spa tuyệt vời chăm sóc KH chu đáo cẩn thận massage lực vừa phải tận tâm, spa dịch vụ đạt chuẩn",,,Google Maps,2026-08-29T06:30:39+00:00
google_maps_Ci9DQUlRQUNvZENodHljRjlvT2psTWQwNUtWaTFoVWpWTU1XVXlXRVpPZW1GQ2NtYxAB,OSM_node_4463582690,,"Về không gian: Điểm ấn tượng nhất là sự kết hợp giữa kiến trúc hiện đại và cảnh quan thiên nhiên xanh mướt. Trong ảnh là tác phẩm điêu khắc nổi bật mang tên ""Vũ"" của nhà điêu khắc Lập Phương. Sắc đỏ rực rỡ của tác phẩm tạo nên sự tương phản mạnh mẽ với thảm cỏ xanh và bầu trời, tạo thành một điểm check-in đầy tính nghệ thuật. Về cảnh quan xung quanh: Phía xa là tòa nhà Forest In The Sky nổi tiếng với hàng vạn cây xanh bao phủ, được mệnh danh là tòa nhà xanh nhất hành tinh. Không gian ở đây cực kỳ thoáng đãng, trong lành, rất thích hợp cho những ai muốn tìm kiếm sự thư thái và cảm hứng sáng tạo. Tổng kết: Đây không chỉ là một khu nghỉ dưỡng mà còn là một ""bảo tàng nghệ thuật ngoài trời"" (Art In The Forest) độc đáo. Không gian được chăm sóc kỹ lưỡng, sạch sẽ và mang đậm tính thẩm mỹ cao, phù hợp cho cả gia đình vui chơi và những người yêu nghệ thuật đến thưởng lãm.",,,Google Maps,2026-08-29T06:30:39+00:00
google_maps_Ci9DQUlRQUNvZENodHljRjlvT21kcGQyWkhYMGRpVlhKcE1rVmFhVmhmYkVGUE5WRRAB,OSM_node_4463582690,,"Mình đi theo đoàn thuê 2 căn Villa view hồ, cả 2 căn đều có bể bơi sát hồ. Nhà sạch, đầy đủ tiện nghi, bếp, bát đĩa, tủ lạnh… không khí trong lành, cảnh vật xanh mát, hoa cỏ xinh xỉu. Bạn có thể đi bộ, hoặc đạp xe theo đường ven hồ, đi trượt cỏ…",,,Google Maps,2026-08-29T06:30:39+00:00
google_maps_Ci9DQUlRQUNvZENodHljRjlvT205WFZXbE1TR3AyUjE5WVRIWmxZVkpTUVVKWlNGRRAB,OSM_node_4463582690,,"Gala tại Opera Hall món ăn ngon hợp khẩu vị , trang trí đẹp mắt, ok , dịch vụ tốt , view đẹp ok",,,Google Maps,2026-08-29T06:30:39+00:00
google_maps_Ci9DQUlRQUNvZENodHljRjlvT2xOblRuRllVSEJVV1UxS1RVWmxiR05sVW5BeVdVRRAB,OSM_node_4463582690,,"Mọi thứ đều ok: view phòng, chất lượng phòng, các điểm tham quan vui chơi bên trong resort. Đồ ăn, buffet sáng trưa… mình có trải nghiệm tốt với resort này",,,Google Maps,2026-08-29T06:30:39+00:00
google_maps_Ci9DQUlRQUNvZENodHljRjlvT2xwaWQxbGpVV1pxVEc1U2RYbG5MV00zYVVNMGVWRRAB,OSM_node_4463582690,,Nhà hàng hàng tre nhân viên Ms . Quyên phục vụ rất rất tốt mọi người lên trải nghiệm nhé khoang gian thoáng đẹp đồ ăn hợp khẨu vị,,,Google Maps,2026-08-29T06:30:39+00:00
google_maps_Ci9DQUlRQUNvZENodHljRjlvT2xCalJtSXlMWFpqTUdzMlpXTlhUWEpOUjNsT1JIYxAB,OSM_node_4463582690,,"Bể bơi đẹp, phong cảnh đa dạng diện tích lớn phù hợp nghỉ dưỡng. Đồ ăn bình thường k có gi đặc sắc, nvien k nhiệt tình lắm. Phòng đẹp, view thiên nhiên. Điểm trừ là thiết kế gương nvs đối diện với toilet.",,,Google Maps,2026-08-29T06:30:39+00:00
google_maps_Ci9DQUlRQUNvZENodHljRjlvT2sxdFZIWk1TVGhqVjNGMVFVMVZNM0Y1U0c1cVNFRRAB,OSM_node_4463582690,,"Nhà hàng Bamboo Wings Đồ ăn ngon, Dịch vụ tốt, Phục vụ chu đáo , view đẹp 10đ",,,Google Maps,2026-08-29T06:30:39+00:00
google_maps_Ci9DQUlRQUNvZENodHljRjlvT2xoNVpHTjNVMHRvUmkxSVVWaEdXR1pPUjFsdlQxRRAB,OSM_node_4463582690,,Đồ ăn tại nhà hàng tre ngon và các bạn nhân viên phục vụ nhiệt tình ạ,,,Google Maps,2026-08-29T06:30:39+00:00
google_maps_Ci9DQUlRQUNvZENodHljRjlvT2xGWkxXbGpjRUp6UkRWV1VqSlBXV1ptVmtaVmJYYxAB,OSM_node_4463582690,,"Bữa sáng tại đây thật tuyệt. Đồ ăn ngon, chất lương, sạch sẽ, nhân viên thân thiện, chu đáo. Lần sau chúng tôi lại đến.",,,Google Maps,2026-08-29T06:30:39+00:00
google_maps_Ci9DQUlRQUNvZENodHljRjlvT2pGd1Z5MXZUV0ZMUmxoWU0xOTJaRVF5ZW1wMlVYYxAB,OSM_node_4463582690,,"Nhà hàng Tre ở đây không gian thoải mái, ấm cúng, đồ ăn chất lượng, nhân viên nhiệt tình, thân thiện. Sẽ quay lại trải nghiệm nhiều lần tới",,,Google Maps,2026-08-29T06:30:39+00:00
google_maps_Ci9DQUlRQUNvZENodHljRjlvT210c1JEbHRSMUF0ZFhKV01YUnhSVk5HYlZWTk0wRRAB,OSM_node_4463582690,,"Trượt cỏ rất cui, nhân viên rất nhiệt tình và khách sạn đẹp. Cảnh đẹp. Very nice",,,Google Maps,2026-08-29T06:30:39+00:00
google_maps_Ci9DQUlRQUNvZENodHljRjlvT21GMVFXbzFVRkJ5TFVKTmJtRnhTVFpNV2pVMlRWRRAB,OSM_node_4463582690,,Đã từng lưu trú ở resort nhiều lần trước đây và quay lại lần này để làm việc những không ngờ thái độ của nhân viên nó phải tụt gấp 10 lần so với ngày xưa. Nhất là nhân viên phụ trách các hoạt động ngoài trời. Tóm lại BQL nên xem lại nếu muốn cải thiện dịch vụ,,,Google Maps,2026-08-29T06:30:39+00:00
google_maps_Ci9DQUlRQUNvZENodHljRjlvT21OVk9HcFJhRjloUlRkSlVHOUNXRTlEYzB0a2EwRRAB,OSM_node_4463582690,,"Ghi danh “resort” nhưng dịch vụ rất thiếu chuyên nghiệp, không tôn trọng khách hàng. Thứ nhất, nhân viên bảo vệ chặn đường khách của resort để phục vụ đoàn chạy marathon trong khuôn viên, không hướng dẫn khách cách đi đường nào thay thế để vào villa, cực kỳ vô lý và phân biệt đối xử với khách. Cách bảo vệ xua đuổi khách vào “đường cấm” cũng rất mất lịch sự dù đường vào villa là đường chung. Thứ hai, nhân viên vườn thú nhăm nhe đuổi khách lúc 11 rưỡi trưa vì “12 phút nữa sẽ đóng cửa”. Nhà tôi có 4 người đã vào vườn thú, người thứ 5 vào sau 5 phút vì đi cất xe, nhưng bảo vệ chốt cửa không cho người thứ 5 vào, lấy lí do “hết vé”, dù tôi là khách lưu trú chỉ cần đăng ký, không cần mua vé, hơn nữa cả nhà đã vào nhưng chốt cửa không cho người thân vào cùng, và cũng chưa đến giờ đóng cửa. Vô cùng thô lỗ. Không bao giờ quay lại.",,,Google Maps,2026-08-29T06:30:39+00:00
google_maps_Ci9DQUlRQUNvZENodHljRjlvT2xCcFRWbE1iWFEzU1VoTVJEWkpjVzVMVkdvMGMyYxAB,OSM_node_4463582690,,"Bữa sáng nhà hàng tầng10 ngon,dịch vụ xuất sắc,nhân viên nhiệt tình sẽ quay lại lần sau",,,Google Maps,2026-08-29T06:30:39+00:00
google_maps_Ci9DQUlRQUNvZENodHljRjlvT25wVmRFcFlNSGhyVDBwV1ptWjNUVzFzZFVjek4zYxAB,OSM_node_4463582690,,Nhà hàng sky rất tuyệt vời. Nhiều món ngon. Hợp khẩu vị của đoàn Nhân viên nhiệt tình chu đáo. Đoàn nhà đại Dương rất hài lòng ♥️♥️♥️♥️♥️,,,Google Maps,2026-08-29T06:30:39+00:00
google_maps_Ci9DQUlRQUNvZENodHljRjlvT2s5VE5VNDNUM0JIT1ZsWFowNW9TMHQzY0ZWTlZGRRAB,OSM_node_4463582690,,"Cùng lâu rồi, chỉ nhớ là đồ ăn ngon và nhiều cây xanh, mát mẻ",,,Google Maps,2026-08-29T06:30:39+00:00
google_maps_Ci9DQUlRQUNvZENodHljRjlvT2pBMmRWVTNVbDh0Y0dKQlVrNURPRUZwWDIxalpIYxAB,OSM_node_4463582690,,"Trải nghiệm tại Flamingo Đại Lải Resort thật sự rất tuyệt vời. Không gian xanh, yên tĩnh và cực kỳ thư giãn. Nhân viên thân thiện, chuyên nghiệp, luôn hỗ trợ khách …",,,Google Maps,2026-08-29T06:30:39+00:00
google_maps_Ci9DQUlRQUNvZENodHljRjlvT21zd1lUQndiWGhYY2tSaGNsUlBRWFZGWWs0MmExRRAB,OSM_node_4463582690,,"gần gũi thiên nhiên, sofa xinh, hoa tươi, góc nào cũng ra ảnh. Nhân viên lễ tân chuyên nghiệp, chu đáo, hỗ trợ mình cả lúc đặt phòng. Sẽ quay lại",,,Google Maps,2026-08-29T06:30:39+00:00
google_maps_Ci9DQUlRQUNvZENodHljRjlvT21GNmJVb3RUMDFOUkhSVVVVOUJlbXh1TVVaeFIxRRAB,OSM_node_4463582690,,"Nhà hàng tre đồ ăn ngon , chất lượng, nhân viên nhiệt tình chu đáo",,,Google Maps,2026-08-29T06:30:39+00:00
google_maps_ChZDSUhNMG9nS0VLdm1fTm5Ba296V1NBEAE,OSM_node_4463582690,,"tôi rất hài lòng với all dịch vụ seva spa, không gian mùi hương tôi rất thích, nhân viên nhiệt tình",,,Google Maps,2026-08-29T06:30:39+00:00
google_maps_Ci9DQUlRQUNvZENodHljRjlvT2tkMmVVSllUamsxU0dkeE5HWkJaRnBFUkZWUFMzYxAB,OSM_node_4463582690,,"Món ăn buổi sáng ở Sky bar rất phù hợp với tôi. Các em phục vụ rất chuyên nghiệp, lịch sự và dẽ thương. Cảnh quan rất đẹp, sạch sẽ.",,,Google Maps,2026-08-29T06:30:39+00:00
google_maps_ChdDSUhNMG9nS0VKU0gwLWVtejZHRW5nRRAB,OSM_node_4463582690,,"trải nghiệm rất tốt tại seva spa , dịch vụ tốt , nhân viên thân thiện ,nhiệt tình , lễ tân rất okila , tuyệt vời.",,,Google Maps,2026-08-29T06:30:39+00:00
google_maps_Ci9DQUlRQUNvZENodHljRjlvT2xOSWNHd3hRMDlMYjFSelRscDNZVEJ0TjE5c1RuYxAB,OSM_node_4463582690,,"Nhà hàng tre_bamboo wings Dịch vụ thân thiện , chu đáo. Đồ ăn truyền thông ngon",,,Google Maps,2026-08-29T06:30:39+00:00
google_maps_Ci9DQUlRQUNvZENodHljRjlvT2tka1JWY3lXVzFOTkVzMlJWcEdVSGxpVTA0M2RWRRAB,OSM_node_4463582690,,"nhà hàng sky hôm nay tôi đi đồ ăn rất ngon , nhân viên pv tốt , chu đáo nhiệt tình ..",,,Google Maps,2026-08-29T06:30:39+00:00
google_maps_Ci9DQUlRQUNvZENodHljRjlvT2xaSFN6TmZWbFF4T0dwVVQwSnRlWGRVVGxwb1RVRRAB,OSM_node_4463582690,,"Flamingo Đại Lải Resort là khu nghỉ dưỡng rất đẹp gần Hà Nội, Bắc Ninh phù hợp đi nghỉ cuối tuần. Không gian xanh, nhiều cây và hồ nước tạo cảm giác thư giãn. Kiến trúc hiện đại, nhiều góc chụp ảnh đẹp. Dịch vụ khá tốt, có nhiều hoạt động …",,,Google Maps,2026-08-29T06:30:39+00:00
google_maps_Ci9DQUlRQUNvZENodHljRjlvT25wdWNtSlhPSGx6VjNkUVNHdGhjWGhTY1d0WlpGRRAB,OSM_node_4463582690,,"Khách sạn sạch sẽ, yên tĩnh, nhân viên nhiệt tình đón tiếp và hướng dẫn. Bữa tối tại nhà hàng ngon, kèm rượu vang. Bữa sáng đa dạng phù hợp. Bể bơi 4 mùa sạch sẽ, phù hợp cho cả trẻ em.",,,Google Maps,2026-08-29T06:30:39+00:00
google_maps_Ci9DQUlRQUNvZENodHljRjlvT201RFRuQkRjMk0zWWtabVRHUTRURWR0Ylc1WVVIYxAB,OSM_node_4463582690,,"Phòng thoáng đẹp, cũng có nhiều dấu hiệu xuống cấp theo thời gian, có view cây xanh cảnh quan mát mắt, rừng cây nhiệt đới đa dạng.",,,Google Maps,2026-08-29T06:30:39+00:00
google_maps_Ci9DQUlRQUNvZENodHljRjlvT2taek1WUlJjV3hrTmxJMlptOWhRMEZLWkVSQ1pIYxAB,OSM_node_4463582690,,"Bữa sáng tầng 10 rất ngon món ăn đa dạng nhân viên niềm nở thân thiện không gian sạch sẽ Chất lượng phục vụ rất tốt,sẽ quay lại trải nghiệm",,,Google Maps,2026-08-29T06:30:39+00:00
google_maps_ChZDSUhNMG9nS0VJQ0FnSUNCbjQ2b0t3EAE,OSM_node_4486828193,5,"Địa điểm mở cửa tự do, tranh đẹp. Giá cả xứng đáng",3 năm trước,,Google Maps,2026-08-29T06:31:17+00:00
google_maps_ChdDSUhNMG9nS0VJQ0FnSUN3aUxTVDNBRRAB,OSM_node_4486828193,4,tuyệt vời,9 năm trước,,Google Maps,2026-08-29T06:31:17+00:00
google_maps_Ci9DQUlRQUNvZENodHljRjlvT2xWT1JVeFNZVmhrUVV3NWVFRktUV2xRZFcxelNIYxAB,OSM_node_4486828193,5,Một phòng trưng bày lớn nằm trong một không gian nhỏ hẹp. Có tổng cộng 4 tầng và tôi phải nói rằng hầu hết các bức tranh đều rất thú vị. Chủ sở hữu hoặc có thể là một nhân viên có mặt khi tôi bước vào rất tốt bụng và trông rất vui vẻ khi có khách đến thăm. Anh ấy đã bật tất cả đèn ở các tầng trên (lúc đó tôi là người duy nhất). Chắc chắn đáng để ghé thăm.,9 tháng trước,,Google Maps,2026-08-29T06:31:17+00:00
google_maps_ChZDSUhNMG9nS0VJQ0FnSUNUOE9XekRnEAE,OSM_node_4486828193,5,"Một phòng trưng bày nghệ thuật đương đại thú vị tôn vinh các nghệ sĩ Việt Nam, nằm ngay trên phố Hàng Bông.",2 năm trước,,Google Maps,2026-08-29T06:31:17+00:00
google_maps_ChdDSUhNMG9nS0VJQ0FnSURUNWFlVXZRRRAB,OSM_node_4486828193,5,"Một phòng trưng bày nghệ thuật đương đại Việt Nam tuyệt vời. Không có khách tham quan nào khác khi chúng tôi đến (vào Chủ nhật). Người quản lý khá trầm lặng, bật tắt đèn khi chúng tôi đi ngang qua. Để trải nghiệm được tốt hơn nữa, sẽ tốt hơn nếu biết được những tác phẩm nào đang được bán và các thông tin chi tiết khác…",2 năm trước,,Google Maps,2026-08-29T06:31:17+00:00
google_maps_ChdDSUhNMG9nS0VJQ0FnSUNpcG9MbjJnRRAB,OSM_node_4486828193,5,Những viên ngọc ẩn mình trong khu phố cổ. Không gian nghệ thuật rộng lớn.,Thời gian chỉnh sửa: 2 năm trước,,Google Maps,2026-08-29T06:31:17+00:00
google_maps_ChZDSUhNMG9nS0VJQ0FnSUM1OUw3VE1BEAE,OSM_node_4486828193,5,Những tác phẩm ấn tượng và xuất sắc của nghệ sĩ Hà Nội.,2 năm trước,,Google Maps,2026-08-29T06:31:17+00:00
google_maps_ChZDSUhNMG9nS0VJQ0FnSUNRa0lPQ1BBEAE,OSM_node_4486828193,4,Mai Gallery là một nơi tuyệt vời để tìm hiểu về nghệ thuật đương đại Việt Nam. Nhân viên bán hàng của tôi (trong ảnh) rất dễ mến.,13 năm trước,,Google Maps,2026-08-29T06:31:17+00:00
google_maps_ChdDSUhNMG9nS0VJQ0FnSUMwMWNpM3ZnRRAB,OSM_node_4486828193,4,Phòng trưng bày khá tốt. Các tác phẩm nghệ thuật đã được trưng bày vài năm và có một vài tác phẩm thực sự nổi bật. Nhân viên cũng thân thiện.,6 năm trước,,Google Maps,2026-08-29T06:31:17+00:00
google_maps_ChZDSUhNMG9nS0VJQ0FnTURnLU02YkRnEAE,OSM_node_4486828193,5,"Những tác phẩm nghệ thuật tuyệt vời, những người ở đó rất thân thiện, sẵn sàng trả lời câu hỏi và chia sẻ những hiểu biết bổ ích.",một năm trước,,Google Maps,2026-08-29T06:31:17+00:00
google_maps_ChZDSUhNMG9nS0VJQ0FnSURzbHFfS2RREAE,OSM_node_4486828193,2,"Khi bạn hỏi về tác phẩm của một họa sĩ và được cho biết rằng anh ta sử dụng màu vàng và đỏ, điều đó khá khó chịu. Đặc biệt là khi họ bán bức tranh đó với giá 1600 USD.",6 năm trước,,Google Maps,2026-08-29T06:31:17+00:00
google_maps_ChdDSUhNMG9nS0VJQ0FnSUQ1dDdYUnZnRRAB,OSM_node_4486828193,5,Tác phẩm nghệ thuật rất đẹp.,2 năm trước,,Google Maps,2026-08-29T06:31:17+00:00
google_maps_ChdDSUhNMG9nS0VJQ0FnSURBb2MzT2h3RRAB,OSM_node_4486828193,5,Tác phẩm nghệ thuật đẹp,10 năm trước,,Google Maps,2026-08-29T06:31:17+00:00
google_maps_Ci9DQUlRQUNvZENodHljRjlvT21ad1dIUlhaak41WW5Gb1RqTXhiMFIxZHpVNFZrRRAB,OSM_node_4486828193,5,,5 tháng trước,,Google Maps,2026-08-29T06:31:17+00:00
google_maps_ChZDSUhNMG9nS0VJQ0FnSURwZ19DdUNBEAE,OSM_node_4486828193,4,,3 năm trước,,Google Maps,2026-08-29T06:31:17+00:00
google_maps_ChdDSUhNMG9nS0VJQ0FnSUNKanNpV2d3RRAB,OSM_node_4486828193,5,Tôi thích không khí ở đây.,3 năm trước,,Google Maps,2026-08-29T06:31:17+00:00
google_maps_ChdDSUhNMG9nS0VJQ0FnSURCckphVzZRRRAB,OSM_node_4486828193,5,Tốt!,3 năm trước,,Google Maps,2026-08-29T06:31:17+00:00
google_maps_ChZDSUhNMG9nS0VJQ0FnSUNyZ3FXbFpBEAE,OSM_node_4486828193,4,,2 năm trước,,Google Maps,2026-08-29T06:31:17+00:00
google_maps_ChZDSUhNMG9nS0VJQ0FnSUNsaGVqbEpREAE,OSM_node_4486828193,3,,2 năm trước,,Google Maps,2026-08-29T06:31:17+00:00
google_maps_Ci9DQUlRQUNvZENodHljRjlvT2xKSWNUQkpXREZxT0daMFdXUldRbTR4U0U1WU1IYxAB,OSM_node_4486828193,3,,3 tuần trước,,Google Maps,2026-08-29T06:31:17+00:00
google_maps_Ci9DQUlRQUNvZENodHljRjlvT2pOYVdVNVlXa0ZpVUc0NE5HUmlNVzB5YjBSdGJIYxAB,OSM_node_4486828193,5,,một tháng trước,,Google Maps,2026-08-29T06:31:17+00:00
google_maps_Ci9DQUlRQUNvZENodHljRjlvT25sUGFtTmpVVUZGZFU5b2FWUmhhWGN6Tm04eE1tYxAB,OSM_node_4486828193,5,,6 tháng trước,,Google Maps,2026-08-29T06:31:17+00:00
google_maps_ChdDSUhNMG9nS0VJQ0FnTUNneDVtUGtRRRAB,OSM_node_4486828193,5,,một năm trước,,Google Maps,2026-08-29T06:31:17+00:00
google_maps_ChdDSUhNMG9nS0VJQ0FnSUN6OU1TYl9nRRAB,OSM_node_4486828193,5,,2 năm trước,,Google Maps,2026-08-29T06:31:17+00:00
google_maps_ChdDSUhNMG9nS0VJQ0FnSUQxNmFUNjhnRRAB,OSM_node_4486828193,5,,2 năm trước,,Google Maps,2026-08-29T06:31:17+00:00
google_maps_ChZDSUhNMG9nS0VJQ0FnSUNGNjREUkNBEAE,OSM_node_4486828193,5,,2 năm trước,,Google Maps,2026-08-29T06:31:17+00:00
google_maps_ChZDSUhNMG9nS0VJQ0FnSUNKdm9IOFhREAE,OSM_node_4486828193,5,,3 năm trước,,Google Maps,2026-08-29T06:31:17+00:00
google_maps_ChdDSUhNMG9nS0VJQ0FnSUNCbl9hcmx3RRAB,OSM_node_4486828193,5,,3 năm trước,,Google Maps,2026-08-29T06:31:17+00:00
google_maps_ChdDSUhNMG9nS0VJQ0FnSUQyNXNpTW9nRRAB,OSM_node_4486828193,4,,4 năm trước,,Google Maps,2026-08-29T06:31:17+00:00
google_maps_ChZDSUhNMG9nS0VJQ0FnSUN5enN5V1BBEAE,OSM_node_4486828193,5,,5 năm trước,,Google Maps,2026-08-29T06:31:17+00:00
google_maps_ChdDSUhNMG9nS0VJQ0FnSUNTOEwzajNnRRAB,OSM_node_4486828193,5,,5 năm trước,,Google Maps,2026-08-29T06:31:17+00:00
google_maps_ChdDSUhNMG9nS0VJQ0FnSUM0bE8yWHNnRRAB,OSM_node_4486828193,5,,7 năm trước,,Google Maps,2026-08-29T06:31:17+00:00
google_maps_ChZDSUhNMG9nS0VJQ0FnSUN3XzdpMk9REAE,OSM_node_4486828193,4,,7 năm trước,,Google Maps,2026-08-29T06:31:17+00:00
google_maps_ChZDSUhNMG9nS0VJQ0FnSUN3cVltTEV3EAE,OSM_node_4486828193,4,,9 năm trước,,Google Maps,2026-08-29T06:31:17+00:00
google_maps_ChRDSUhNMG9nS0VJQ0FnSUNnNVp3RxAB,OSM_node_4486828193,5,,9 năm trước,,Google Maps,2026-08-29T06:31:17+00:00
google_maps_ChZDSUhNMG9nS0VJQ0FnSURRcjRpR0h3EAE,OSM_node_4486828193,3,,9 năm trước,,Google Maps,2026-08-29T06:31:17+00:00
google_maps_ChdDSUhNMG9nS0VJQ0FnSUNRakx6b3B3RRAB,OSM_node_4486828193,5,Tốt !!!,10 năm trước,,Google Maps,2026-08-29T06:31:17+00:00
google_maps_Ci9DQUlRQUNvZENodHljRjlvT25KVVFtZHhTMGsyU1habFIwbDVXalI0VDFGU1IwRRAB,OSM_node_4499978190,5,"Bảo tàng có rất nhiều mẫu đá quý đẹp, hoá thạch rõ hình, các khối đá tự nhiên. Ghi chú rõ thông tin của đá, mẫu vật. Vé vào cửa miễn phí. Rất đáng trải nghiệm nếu bạn muốn tìm hiểu nhữnh tinh hoa của tự nhiên tạo thành hoặc là một người yêu đá quý 💎.",8 tháng trước,,Google Maps,2026-08-29T06:32:09+00:00
google_maps_ChZDSUhNMG9nS0VOaWY4TFNYOG92bWVnEAE,OSM_node_4499978190,3,Bài trí trưng bày khá cũ cần sửa và nâng cấp. Khi mình đi được cô nhân viên ở đấy xem nhanh rồi xuống vì đèn mở lâu sẽ bị cháy.,một năm trước,,Google Maps,2026-08-29T06:32:09+00:00
google_maps_Ci9DQUlRQUNvZENodHljRjlvT21KcWFFSXdMVzlETld4dmIwbEZlRXBKWlhVNVpsRRAB,OSM_node_4499978190,5,"Không gian rộng rãi, yên tĩnh, hôm mình đi có các bạn sinh viên tới viết báo cáo nữa, là một nơi khá đáng đến, kiến trúc cổ kính",10 tháng trước,,Google Maps,2026-08-29T06:32:09+00:00
google_maps_Ci9DQUlRQUNvZENodHljRjlvT204dFkxVlBWbGswTmxSd2NHWjJOSEJsZVRCS01YYxAB,OSM_node_4499978190,4,"Bảo tàng free, mọi người cũng niềm nở, gửi xe (máy) cũng free, có chỗ gửi ô tô. bảo tàng khá vắng, không cần đặt trước, cứ đến là vào",11 tháng trước,,Google Maps,2026-08-29T06:32:09+00:00
google_maps_ChdDSUhNMG9nS0VJQ0FnSUM5ODVySWp3RRAB,OSM_node_4499978190,4,"01/03/2024 Miễn phí vé tham quan. Rất vắng khách. Đi vào thì ghi sổ đăng ký tham quan. Có 3 tầng, mẫu vật nhiều nhưng không có nhiều mẫu đẹp. Một số mẫu khoáng vật đẹp đến từ các bộ sưu tập tư nhân tặng cho bảo tàng. Tầng 3 có một số mẫu vật cổ sinh cũng được. :/",2 năm trước,,Google Maps,2026-08-29T06:32:09+00:00
google_maps_ChdDSUhNMG9nS0VJQ0FnSUM5eDlIdTJ3RRAB,OSM_node_4499978190,4,"Thích hợp cho những bạn đam mê khoáng sản.Mẫu vật tương đối nhiều nhưng không thú vị nếu bạn không hứng thú với những mẫu vật địa chất. Có nhiều tầng lầu để tham quan Vào cổng miễn phí, Nhân viên thân thiện",2 năm trước,,Google Maps,2026-08-29T06:32:09+00:00
google_maps_ChdDSUhNMG9nS0VJQ0FnSUR0MjUtYnN3RRAB,OSM_node_4499978190,4,"Miễn phí vào cửa, gửi xe, vắng vẻ, không có dịch vụ tương tác, nhiều mẫu đá, phù hợp với người nghiên cứu và đam mê địa chất.",2 năm trước,,Google Maps,2026-08-29T06:32:09+00:00
google_maps_Ci9DQUlRQUNvZENodHljRjlvT21aNFlqZERXbkY2UzFkUlZGWXlRMGhXYUdzd2VuYxAB,OSM_node_4499978190,3,Nhiều khoáng vật có cả thiên thạch,4 tháng trước,,Google Maps,2026-08-29T06:32:09+00:00
google_maps_ChdDSUhNMG9nS0VJQ0FnSUN6dU5iX3l3RRAB,OSM_node_4499978190,5,"Trải nghiệm tuyệt vời, chị hướng dẫn vô cùng nhiệt tình và đáng yêu, tới đây học được rất nhiều kiến thức về địa chất, khoáng sản...",2 năm trước,,Google Maps,2026-08-29T06:32:09+00:00
google_maps_Ci9DQUlRQUNvZENodHljRjlvT21Sb1RqaGFkbWQ0UW1wcmIzZFBjWEU1TVU1aFZsRRAB,OSM_node_4499978190,5,"Geology Museum ở Hà Nội thực sự gây ấn tượng cho tôi với bộ sưu tập phong phú về các mẫu khoáng sản và hóa thạch. Không gian nơi đây khá gọn gàng và sáng sủa, tạo cảm giác dễ chịu trong suốt chuyến tham quan. Dịch vụ ở đây cũng thấy ổn, …",7 tháng trước,,Google Maps,2026-08-29T06:32:09+00:00
google_maps_ChZDSUhNMG9nS0VJQ0FnTUR3c2ZETk53EAE,OSM_node_4499978190,5,"Bảo tàng có đủ loại khoáng vật, mình thấy thú vị🤩 Mặc dù phần trưng bày còn chưa được hoàn hảo nhưng nhìn chung cũng hay😋",một năm trước,,Google Maps,2026-08-29T06:32:09+00:00
google_maps_ChdDSUhNMG9nS0VJQ0FnSURSc19xcG9nRRAB,OSM_node_4499978190,5,"Bảo tàng kiến trúc cổ đẹp Nên có một hướng dẫn, hoặc người hiểu biết đi cùng để biết thêm về kiến thức khoa học khá thú vị:>",3 năm trước,,Google Maps,2026-08-29T06:32:09+00:00
google_maps_ChZDSUhNMG9nS0VJQ0FnSURnemFfY1pBEAE,OSM_node_4499978190,5,"Bảo tàng địa chất có rất nhiều mẫu đá, mẫu hoá thạch, có đá quý, đá nửa quý, bản đồ địa chất Việt Nam được in năm 1986",8 năm trước,,Google Maps,2026-08-29T06:32:09+00:00
google_maps_ChdDSUhNMG9nS0VJQ0FnSURSNFpDbTl3RRAB,OSM_node_4499978190,5,"Bảo tàng đẹp, nhiều mẫu quý! Nhân viên hướng dẫn rất nhiệt tình! Vote 5*",3 năm trước,,Google Maps,2026-08-29T06:32:09+00:00
google_maps_ChdDSUhNMG9nS0VJdXI1LWJrX3NtYTB3RRAB,OSM_node_4499978190,5,Không gian đẹp yên tĩnh,một năm trước,,Google Maps,2026-08-29T06:32:09+00:00
google_maps_ChdDSUhNMG9nS0VJQ0FnSURIX09TVnpRRRAB,OSM_node_4499978190,4,"Bảo tàng của VN nhưng khách tham quan phần lớn lại là người nước ngoài Ở đây có 1 mẫu vật xương khủng long cổ dài cực kỳ hiếm Có vô vàn các mẫu vật đất, đá, kim loại quý v.v… Phù hợp với những người đam mê địa chất học Tuy nhiên cơ sở vật chất quạt, điều hoà, tủ, ánh sáng trưng bày hỏng hóc rất nhiều Nhân viên cũng không quá nhiệt tình hỗ trợ khi khách thăm quan",một năm trước,,Google Maps,2026-08-29T06:32:09+00:00
google_maps_Ci9DQUlRQUNvZENodHljRjlvT21oWGMxQnJjVUZmWlhvelVHSlBSV2cwVkc4dGRsRRAB,OSM_node_4499978190,5,Phải đi làm bài tập ở đây môn khtđ=))) . Bảo tàng đẹp mát,9 tháng trước,,Google Maps,2026-08-29T06:32:09+00:00
google_maps_ChdDSUhNMG9nS0VJQ0FnSUNoa29LQnlBRRAB,OSM_node_4499978190,5,"10 đỉm, ko có nhưng!!!",3 năm trước,,Google Maps,2026-08-29T06:32:09+00:00
google_maps_ChZDSUhNMG9nS0VJQ0FnSUMybEx1YURnEAE,OSM_node_4499978190,5,"Bảo tàng miễn phí vé vào cửa, các cô chú nhân viên siêu thân thiện và nhiệt tình. Các cô chú rất hay hỏi han xem mình có cần giúp gì không hay có gì chưa rõ để các cô chỉ cho. Bảo tàng khá nhỏ nên đi khoảng 45' là hết, tuy nhiên để xem kỹ …",4 năm trước,,Google Maps,2026-08-29T06:32:09+00:00
google_maps_ChdDSUhNMG9nS0VJQ0FnSUNlOE12cm53RRAB,OSM_node_4499978190,4,"Lịch sử Bảo tàng bắt đầu vào năm 1898, khi Sở Địa chất Đông Dương thành lập và hai nhà địa chất Pháp là Honoré Lantenois và Henri Mansuy được giao nhiệm vụ xây dựng Bảo tàng Địa chất. Bảo tàng được xây trong khuôn viên của Sở và hoàn thành năm 1914. Kế thừa cơ sở này, sau năm 1954, Bảo tàng Địa chất trực thuộc Vụ Kỹ thuật của Cục Địa chất, Bộ Công nghiệp. Năm 1999, nhà trưng bày tại số 6 Phạm Ngũ Lão được khai trương. Đến năm 2008 Bảo tàng có chi nhánh phía Nam.",3 năm trước,,Google Maps,2026-08-29T06:32:09+00:00
google_maps_ChdDSUhNMG9nS0VJQ0FnSUNnZ3BTNmlRRRAB,OSM_node_4499978190,5,"Bảo tàng Địa chất là một bảo tàng chuyên ngành ở Việt Nam, lưu giữ các mẫu vật địa chất - khoáng sản. Bảo tàng Địa chất nằm trong hệ thống các Bảo tàng khoa học tự nhiên ở Việt Nam, …",9 năm trước,,Google Maps,2026-08-29T06:32:09+00:00
google_maps_ChZDSUhNMG9nS0VJQ0FnSUNBaEltSUpBEAE,OSM_node_4499978190,4,"Bảo tàng Địa chất hiện đặt trong khuôn viên của Tổng cục Địa chất và Khoáng sản, tại địa chỉ số 6, Phạm Ngũ Lão, Hà Nội. Bảo tàng là nơi lưu trữ và trưng bày vật địa chất - khoáng sản. Bào tàng cơ khu trưng bày không quá rộng, trang trí không bắt mắt, cũng không quá nhiều người đến tham quan bảo tàng chủ yếu là các nhà khoa học, các chuyên gia và những người yêu thích địa chất.",8 năm trước,,Google Maps,2026-08-29T06:32:09+00:00
google_maps_ChdDSUhNMG9nS0VJQ0FnSURBbUxHLW5BRRAB,OSM_node_4499978190,5,"Một điểm tham quan thú vị, qua các mẫu vật trưng bày, phản ánh tiềm năng tài nguyên khoáng sản của Việt Nam. Có một số mẫu hóa thạch rất có giá trị.",Thời gian chỉnh sửa: 4 năm trước,,Google Maps,2026-08-29T06:32:09+00:00
google_maps_ChdDSUhNMG9nS0VJQ0FnSUNneUp1UW13RRAB,OSM_node_4499978190,5,"Sau khi Sở Địa chất Đông Dương thành lập năm 1898, hai nhà địa chất Pháp là Honoré Lantenois và Henri Mansuy được giao xây dựng Bảo tàng Địa chất. Bảo tàng được xây trong khuôn viên của Sở và hoàn thành năm 1914.",9 năm trước,,Google Maps,2026-08-29T06:32:09+00:00
google_maps_ChdDSUhNMG9nS0VJQ0FnSUNweVlYU293RRAB,OSM_node_4499978190,4,"Bảo tàng khá hay nhưng hơi ít và khá cổ, có lẽ vì thế mà vé vào cửa miễn phí.",3 năm trước,,Google Maps,2026-08-29T06:32:09+00:00
google_maps_ChZDSUhNMG9nS0VJQ0FnSURNM2VlMkZ3EAE,OSM_node_4499978190,5,Một nơi thú vị để ghé thăm để hiểu hơn về địa chất và tài nguyên khoáng sản ở Việt Nam,Thời gian chỉnh sửa: 2 năm trước,,Google Maps,2026-08-29T06:32:09+00:00
google_maps_ChdDSUhNMG9nS0VJQ0FnSURRME5fand3RRAB,OSM_node_4499978190,5,Klandvn.vn đã đặt chân tới đây... Đây là nơi tôi chọn để làm đô án cải tạo bảo tàng địa chất dưới lòng đất,10 năm trước,,Google Maps,2026-08-29T06:32:09+00:00
google_maps_ChZDSUhNMG9nS0VJQ0FnSURNOVpyV0hREAE,OSM_node_4499978190,5,nơi lưu giữ lớp học trò ưu tú...nhằm giáo dục thế hệ trẻ tiếp tục học tập và rèn luyện tiếp bước cha ông.,6 năm trước,,Google Maps,2026-08-29T06:32:09+00:00
google_maps_ChRDSUhNMG9nS0VJQ0FnSURtalk5OBAB,OSM_node_4499978190,5,"nhiều mẫu vật lạ mắt, quý hiếm.., tìm hiểu về chúng để thấy thiên nhiên gần gũi hơn, trân trọng hơn,..",4 năm trước,,Google Maps,2026-08-29T06:32:09+00:00
google_maps_ChZDSUhNMG9nS0VJQ0FnSUNBejVDbFFnEAE,OSM_node_4499978190,5,Đây là nơi rất tuyệt để nghiên cưú về lịch sử và kiến thức địa chất khoáng sản,9 năm trước,,Google Maps,2026-08-29T06:32:09+00:00
google_maps_ChZDSUhNMG9nS0VJQ0FnSURDdC1lYmRBEAE,OSM_node_4499978190,5,Tò nhà hơn 100 năm tuổi với phong phú mẫu vật địa chất,5 năm trước,,Google Maps,2026-08-29T06:32:09+00:00
google_maps_ChdDSUhNMG9nS0VJQ0FnSURBbm9MM3h3RRAB,OSM_node_4499978190,4,Bảo tàng địa chất đã được xếp hạng di tích lịch sử,9 năm trước,,Google Maps,2026-08-29T06:32:09+00:00
google_maps_ChdDSUhNMG9nS0VJQ0FnSUNnbU4teV9nRRAB,OSM_node_4499978190,3,"Lưu giữ các mẫu vật địa chất, khoáng sản.",8 năm trước,,Google Maps,2026-08-29T06:32:09+00:00
google_maps_ChdDSUhNMG9nS0VJQ0FnSUNPcFAtdzVnRRAB,OSM_node_4499978190,4,"Vắng, nhiều thứ hay ho, nhiệt tình, free",Thời gian chỉnh sửa: 4 năm trước,,Google Maps,2026-08-29T06:32:09+00:00
google_maps_ChdDSUhNMG9nS0VJQ0FnSUM0bkpTRDlBRRAB,OSM_node_4499978190,4,Tốt cho công tác nghiên cứu và học tập,7 năm trước,,Google Maps,2026-08-29T06:32:09+00:00
google_maps_ChZDSUhNMG9nS0VJQ0FnSURRLTRxOERREAE,OSM_node_4499978190,5,Bảo tàng khá đầy đủ các khoáng sản VN,8 năm trước,,Google Maps,2026-08-29T06:32:09+00:00
google_maps_ChZDSUhNMG9nS0VJQ0FnSURDcnBuQUZBEAE,OSM_node_4499978190,5,Lưu trữ nhiều di sản địa chất.,5 năm trước,,Google Maps,2026-08-29T06:32:09+00:00
google_maps_ChdDSUhNMG9nS0VJQ0FnSUNNNGFPbXZnRRAB,OSM_node_4499978190,5,Một địa điểm tham quan cực thú vị,6 năm trước,,Google Maps,2026-08-29T06:32:09+00:00
google_maps_ChZDSUhNMG9nS0VJQ0FnSURZLXVfWmZ3EAE,OSM_node_4499978190,4,Bảo tàng trưng bày nhiều mẫu vật hay,7 năm trước,,Google Maps,2026-08-29T06:32:09+00:00
google_maps_ChZDSUhNMG9nS0VJQ0FnSURRbnEtVFp3EAE,OSM_node_4499978190,4,Rất đẹp,10 năm trước,,Google Maps,2026-08-29T06:32:09+00:00
google_maps_ChdDSUhNMG9nS0VJQ0FnSURJMTQzbHZBRRAB,OSM_node_4499978190,5,Trà chanh hơi đắt. 🤣 …,7 năm trước,,Google Maps,2026-08-29T06:32:09+00:00
google_maps_ChZDSUhNMG9nS0VJQ0FnSURndW9UNWZnEAE,OSM_node_4499978190,4,Đẹp nhiều hiện vật,10 năm trước,,Google Maps,2026-08-29T06:32:09+00:00
google_maps_ChdDSUhNMG9nS0VJQ0FnSUQ3bTlhc2d3RRAB,OSM_node_4499978190,5,Tôi mong đến đây,2 năm trước,,Google Maps,2026-08-29T06:32:09+00:00
google_maps_ChdDSUhNMG9nS0VJQ0FnSURReC1ES3lRRRAB,OSM_node_4499978190,4,Ít khi m đến,10 năm trước,,Google Maps,2026-08-29T06:32:09+00:00
google_maps_ChdDSUhNMG9nS0VJQ0FnSUNodkpmaDN3RRAB,OSM_node_4499978190,5,Cơ quan khang trang 🤩 …,3 năm trước,,Google Maps,2026-08-29T06:32:09+00:00
google_maps_ChdDSUhNMG9nS0VJQ0FnSURnM05uNGh3RRAB,OSM_node_4532962090,4,"Là nhà máy sản xuất thức ăn chăn nuôi, với dây chuyền máy móc khá hiện đại, sạch sẽ.",8 năm trước,,Google Maps,2026-08-29T06:32:46+00:00
google_maps_ChZDSUhNMG9nS0VJQ0FnSURpMnBqLVJnEAE,OSM_node_4532962090,5,Tuyệt vời,5 năm trước,,Google Maps,2026-08-29T06:32:46+00:00
google_maps_ChZDSUhNMG9nS0VJQ0FnSUM0cUxIYWVnEAE,OSM_node_4532962090,3,Nhà máy khá hiện đại,7 năm trước,,Google Maps,2026-08-29T06:32:46+00:00
google_maps_ChRDSUhNMG9nS0VJQ0FnSUNVbzRVcBAB,OSM_node_4532962090,5,Nhà máy hiện đại,7 năm trước,,Google Maps,2026-08-29T06:32:46+00:00
google_maps_ChdDSUhNMG9nS0VJQ0FnSURBeTRfUy1BRRAB,OSM_node_4532962090,4,Tốt,9 năm trước,,Google Maps,2026-08-29T06:32:46+00:00
google_maps_ChdDSUhNMG9nS0VJQ0FnSUNBcnNYM29nRRAB,OSM_node_4532962090,5,Tuyệt vời :)),Thời gian chỉnh sửa: 5 năm trước,,Google Maps,2026-08-29T06:32:46+00:00
google_maps_ChZDSUhNMG9nS0VJQ0FnSUR4OTczR1RnEAE,OSM_node_4532962090,5,Được rồi cho đến khi,3 năm trước,,Google Maps,2026-08-29T06:32:46+00:00
google_maps_ChZDSUhNMG9nS0VJQ0FnSUNOel8ydlh3EAE,OSM_node_4532962090,4,,2 năm trước,,Google Maps,2026-08-29T06:32:46+00:00
google_maps_ChdDSUhNMG9nS0VJQ0FnSUM4cXVYamhnRRAB,OSM_node_4532962090,5,,6 năm trước,,Google Maps,2026-08-29T06:32:46+00:00
google_maps_ChZDSUhNMG9nS0VJQ0FnSURTc3JXTWZ3EAE,OSM_node_4532962090,4,,5 năm trước,,Google Maps,2026-08-29T06:32:46+00:00
google_maps_ChdDSUhNMG9nS0VJQ0FnSUNLaXBINTBBRRAB,OSM_node_4532962090,5,Được rồi,5 năm trước,,Google Maps,2026-08-29T06:32:46+00:00
google_maps_ChZDSUhNMG9nS0VJQ0FnSURReS1QQk5nEAE,OSM_node_4532962090,4,aa,7 năm trước,,Google Maps,2026-08-29T06:32:46+00:00
google_maps_Ci9DQUlRQUNvZENodHljRjlvT21GbWNqUXhkWEJZVVMxWFJWcE5iMUpaTFVaclZGRRAB,OSM_node_4532962090,5,,4 tuần trước,,Google Maps,2026-08-29T06:32:46+00:00
google_maps_Ci9DQUlRQUNvZENodHljRjlvT2xCdFZXSkhVMU5OWVc1aU1GTTRXV2RPY25jd2JsRRAB,OSM_node_4532962090,5,,một tháng trước,,Google Maps,2026-08-29T06:32:46+00:00
google_maps_Ci9DQUlRQUNvZENodHljRjlvT21OaU5HaG5SVXhuUkVGNGNHOWxkQzE0T1c1MVpFRRAB,OSM_node_4532962090,5,,một tháng trước,,Google Maps,2026-08-29T06:32:46+00:00
google_maps_ChdDSUhNMG9nS0VJQ0FnTUNZbkpMY193RRAB,OSM_node_4532962090,5,,một năm trước,,Google Maps,2026-08-29T06:32:46+00:00
google_maps_ChdDSUhNMG9nS0VJQ0FnSURYdlpxbGt3RRAB,OSM_node_4532962090,5,,một năm trước,,Google Maps,2026-08-29T06:32:46+00:00
google_maps_ChdDSUhNMG9nS0VJQ0FnSUNEejR5VW9BRRAB,OSM_node_4532962090,5,,2 năm trước,,Google Maps,2026-08-29T06:32:46+00:00
google_maps_ChdDSUhNMG9nS0VJQ0FnSURleXFxa25BRRAB,OSM_node_4532962090,5,,3 năm trước,,Google Maps,2026-08-29T06:32:46+00:00
google_maps_ChZDSUhNMG9nS0VJQ0FnSUNlZ3RhWldBEAE,OSM_node_4532962090,5,Cảm ơn bạn đã đánh giá 5* cho công ty chúng tôi. Công ty rất hân hạnh được hợp tác với bạn! Cảm ơn bạn rất nhiều!,3 năm trước,,Google Maps,2026-08-29T06:32:46+00:00
google_maps_ChZDSUhNMG9nS0VJQ0FnSUQydDVmZUlnEAE,OSM_node_4532962090,5,,4 năm trước,,Google Maps,2026-08-29T06:32:46+00:00
google_maps_ChdDSUhNMG9nS0VJQ0FnSURXOUw2b19BRRAB,OSM_node_4532962090,5,,4 năm trước,,Google Maps,2026-08-29T06:32:46+00:00
google_maps_ChdDSUhNMG9nS0VJQ0FnSURtMU1uMGh3RRAB,OSM_node_4532962090,5,,4 năm trước,,Google Maps,2026-08-29T06:32:46+00:00
google_maps_ChdDSUhNMG9nS0VJQ0FnSUNhaXQybThnRRAB,OSM_node_4532962090,5,,5 năm trước,,Google Maps,2026-08-29T06:32:46+00:00
google_maps_ChdDSUhNMG9nS0VJQ0FnSURxeE11Mm9RRRAB,OSM_node_4532962090,5,,5 năm trước,,Google Maps,2026-08-29T06:32:46+00:00
google_maps_ChdDSUhNMG9nS0VJQ0FnSURLNzk3djVnRRAB,OSM_node_4532962090,5,,5 năm trước,,Google Maps,2026-08-29T06:32:46+00:00
google_maps_ChdDSUhNMG9nS0VJQ0FnSURLME1uYjZ3RRAB,OSM_node_4532962090,5,,5 năm trước,,Google Maps,2026-08-29T06:32:46+00:00
google_maps_ChZDSUhNMG9nS0VJQ0FnSUNLOTlPWk1nEAE,OSM_node_4532962090,5,,5 năm trước,,Google Maps,2026-08-29T06:32:46+00:00
google_maps_ChdDSUhNMG9nS0VJQ0FnSUNLb2NMaWtRRRAB,OSM_node_4532962090,1,,5 năm trước,,Google Maps,2026-08-29T06:32:46+00:00
google_maps_ChZDSUhNMG9nS0VJQ0FnSUNLaXVPdUlREAE,OSM_node_4532962090,5,,5 năm trước,,Google Maps,2026-08-29T06:32:46+00:00
google_maps_ChdDSUhNMG9nS0VJQ0FnSURTOWRQTHpRRRAB,OSM_node_4532962090,1,,5 năm trước,,Google Maps,2026-08-29T06:32:46+00:00
google_maps_ChZDSUhNMG9nS0VJQ0FnSURpc3ZDMUpBEAE,OSM_node_4532962090,5,,5 năm trước,,Google Maps,2026-08-29T06:32:46+00:00
google_maps_ChdDSUhNMG9nS0VJQ0FnSUM4eEkzcTNnRRAB,OSM_node_4532962090,5,,6 năm trước,,Google Maps,2026-08-29T06:32:46+00:00
google_maps_ChZDSUhNMG9nS0VJQ0FnSUNNazdXWWFREAE,OSM_node_4532962090,5,,6 năm trước,,Google Maps,2026-08-29T06:32:46+00:00
google_maps_ChZDSUhNMG9nS0VJQ0FnSURnaTRPM2RREAE,OSM_node_4532962090,5,,8 năm trước,,Google Maps,2026-08-29T06:32:46+00:00
google_maps_ChZDSUhNMG9nS0VJQ0FnSUNBX2RiYlhREAE,OSM_node_4532962090,5,,8 năm trước,,Google Maps,2026-08-29T06:32:46+00:00
google_maps_ChZDSUhNMG9nS0VJQ0FnSUN3NXRQYmNnEAE,OSM_node_4532962090,5,,8 năm trước,,Google Maps,2026-08-29T06:32:46+00:00
google_maps_ChZDSUhNMG9nS0VJQ0FnSURReHRMTVV3EAE,OSM_node_4532962090,5,,9 năm trước,,Google Maps,2026-08-29T06:32:46+00:00
google_maps_ChZDSUhNMG9nS0VJQ0FnSUNBcnRYbUJREAE,OSM_node_4532962090,5,,9 năm trước,,Google Maps,2026-08-29T06:32:46+00:00
google_maps_ChdDSUhNMG9nS0VJQ0FnSURBNnZQeGpnRRAB,OSM_node_4532962090,3,,10 năm trước,,Google Maps,2026-08-29T06:32:46+00:00
google_maps_ChdDSUhNMG9nS0VJQ0FnSURzdnFXYzF3RRAB,OSM_node_4716178925,4,Cty nội thất công trình,6 năm trước,,Google Maps,2026-08-29T06:35:03+00:00
google_maps_ChZDSUhNMG9nS0VJQ0FnSUNJN3NIZ0t3EAE,OSM_node_4716178925,5,Đây là địa điểm cửa hàng chuyên cung cấp các mặt hàng về gỗ nội thất có thể thiết kế tùy theo khách hàng đặt nhân viên ở đây tư vấn kết nhiệt tình cho khách hàng chủ cửa hàng rất dễ thương Mọi người đều có những câu mặt hàng này các bạn hãy liên hệ trực tiếp cho cửa hàng để được tư vấn tốt nhất nhé Đây là địa điểm khám uy tín nên các bạn hoàn toàn có thể yên tâm về chất lượng tại cửa hàng này Cảm ơn các bạn đã đọc thông tin của tôi,7 năm trước,,Google Maps,2026-08-29T06:35:03+00:00
google_maps_ChZDSUhNMG9nS0VJQ0FnSUNRZ3FTbllREAE,OSM_node_4716178925,5,Công ty thiết kế thi công nội thất đông dương chất lượng tốt 5* tại Bình Dương luôn vote vote,8 năm trước,,Google Maps,2026-08-29T06:35:03+00:00
google_maps_ChdDSUhNMG9nS0VJQ0FnSUN3bkwzcG13RRAB,OSM_node_4716178925,5,noi sản xuất các sản phẩm chất lượng cho khách hàng dự án.,7 năm trước,,Google Maps,2026-08-29T06:35:03+00:00
google_maps_ChZDSUhNMG9nS0VJQ0FnSUNaNWRXNk9REAE,OSM_node_4716178925,4,Thực hiện 5 s rất tốt!,2 năm trước,,Google Maps,2026-08-29T06:35:03+00:00
google_maps_ChdDSUhNMG9nS0VJQ0FnSURBZzU2dXhBRRAB,OSM_node_4716178925,5,Chuẩn 5 sao nhé !,8 năm trước,,Google Maps,2026-08-29T06:35:03+00:00
google_maps_ChdDSUhNMG9nS0VJQ0FnSUNZeXVMaHpRRRAB,OSM_node_4716178925,4,Tốt,7 năm trước,,Google Maps,2026-08-29T06:35:03+00:00
google_maps_ChdDSUhNMG9nS0VJQ0FnSUR3MXNXcGtBRRAB,OSM_node_4716178925,5,,7 năm trước,,Google Maps,2026-08-29T06:35:03+00:00
google_maps_ChZDSUhNMG9nS0VJQ0FnSUNZck5mb2VREAE,OSM_node_4716178925,3,xi,7 năm trước,,Google Maps,2026-08-29T06:35:03+00:00
google_maps_ChdDSUhNMG9nS0VJQ0FnSURiamZ6Q3R3RRAB,OSM_node_4716178925,5,,2 năm trước,,Google Maps,2026-08-29T06:35:03+00:00
google_maps_ChZDSUhNMG9nS0VJQ0FnSUNoei1mb0lnEAE,OSM_node_4716178925,5,,3 năm trước,,Google Maps,2026-08-29T06:35:03+00:00
google_maps_ChZDSUhNMG9nS0VJQ0FnSUQtaFlueGNREAE,OSM_node_4716178925,5,,3 năm trước,,Google Maps,2026-08-29T06:35:03+00:00
google_maps_ChdDSUhNMG9nS0VJQ0FnSUNHaWVIay1RRRAB,OSM_node_4716178925,5,,Thời gian chỉnh sửa: 3 năm trước,,Google Maps,2026-08-29T06:35:03+00:00
google_maps_ChdDSUhNMG9nS0VJQ0FnSUR1NmF1V3dBRRAB,OSM_node_4716178925,5,,4 năm trước,,Google Maps,2026-08-29T06:35:03+00:00
google_maps_ChZDSUhNMG9nS0VJQ0FnSUQydkxfOVFBEAE,OSM_node_4716178925,5,,4 năm trước,,Google Maps,2026-08-29T06:35:03+00:00
google_maps_ChZDSUhNMG9nS0VJQ0FnSURHOVBYM0Z3EAE,OSM_node_4716178925,5,,4 năm trước,,Google Maps,2026-08-29T06:35:03+00:00
google_maps_ChdDSUhNMG9nS0VJQ0FnSUN5NzRIbGt3RRAB,OSM_node_4716178925,1,,5 năm trước,,Google Maps,2026-08-29T06:35:03+00:00
google_maps_ChZDSUhNMG9nS0VJQ0FnSUN5OHNtcmVBEAE,OSM_node_4716178925,5,,5 năm trước,,Google Maps,2026-08-29T06:35:03+00:00
google_maps_ChdDSUhNMG9nS0VJQ0FnSUNpcl9Hd19BRRAB,OSM_node_4716178925,5,,5 năm trước,,Google Maps,2026-08-29T06:35:03+00:00
google_maps_ChZDSUhNMG9nS0VJQ0FnSURDcF9EbVFnEAE,OSM_node_4716178925,5,,5 năm trước,,Google Maps,2026-08-29T06:35:03+00:00
google_maps_ChZDSUhNMG9nS0VJQ0FnSURDOHJMck9REAE,OSM_node_4716178925,5,,5 năm trước,,Google Maps,2026-08-29T06:35:03+00:00
google_maps_ChdDSUhNMG9nS0VJQ0FnSUNzdDhHZl9nRRAB,OSM_node_4716178925,5,,6 năm trước,,Google Maps,2026-08-29T06:35:03+00:00
google_maps_ChZDSUhNMG9nS0VJQ0FnSUNJMHVTeENBEAE,OSM_node_4716178925,2,,7 năm trước,,Google Maps,2026-08-29T06:35:03+00:00
google_maps_ChdDSUhNMG9nS0VJQ0FnSURnbl9XUGxBRRAB,OSM_node_4716178925,5,,8 năm trước,,Google Maps,2026-08-29T06:35:03+00:00
google_maps_ChdDSUhNMG9nS0VJQ0FnSUQwanBHeXBRRRAB,OSM_node_4716178989,5,"Ăn thịt cá sấu có tốt không? Thịt cá sấu ngày nay không còn hiếm và đắt đỏ nhờ mô hình nuôi cá sấu thương phẩm ngày càng phát triển. Hơn nữa, thịt cá sấu là một loại thực phẩm bổ dưỡng thích hợp cho mọi lứa tuổi nên giờ đây bạn có thể cùng gia đình và bạn bè thưởng thức những món ăn từ cá sấu có thể chế biến được ngay ở nhà. Bán thịt cá sấu nguyên con lột da móc hàm tại hà nội,",6 năm trước,,Google Maps,2026-08-29T06:35:26+00:00
google_maps_ChdDSUhNMG9nS0VJQ0FnSUQwa1ptTjlBRRAB,OSM_node_4716178989,5,"Thịt cá sấu rất nhiều dinh dưỡng, giá cả phải chăng, Thịt cá sấu trị được bệnh suyễn hoặc sẽ lọc máu độc, bồi bổ sức khỏe, tăng cường sinh lực, thích hợp dùng để bồi dưỡng người bệnh, trẻ em suy dinh dưỡng. …",7 năm trước,,Google Maps,2026-08-29T06:35:26+00:00
google_maps_ChZDSUhNMG9nS0VJQ0FnSURxaHVDRlNnEAE,OSM_node_4716178989,5,Thịt cá sấu rất chắc và ngon. Cảm ơn shop đã tư vấn tận tình để tôi tìm được đúng loại cá sấu chất lượng.,5 năm trước,,Google Maps,2026-08-29T06:35:26+00:00
google_maps_ChZDSUhNMG9nS0VJQ0FnSUNNcTZqYU9REAE,OSM_node_4716178989,5,"thịt cá sấu ngon, giàu dinh dưỡng, mọi người lên ăn hàng ngày",6 năm trước,,Google Maps,2026-08-29T06:35:26+00:00
google_maps_ChdDSUhNMG9nS0VJQ0FnSURCa3REaHlRRRAB,OSM_node_4716178989,4,,3 năm trước,,Google Maps,2026-08-29T06:35:26+00:00
google_maps_ChZDSUhNMG9nS0VJQ0FnSUN1c2NHU1RBEAE,OSM_node_4716178989,1,,4 năm trước,,Google Maps,2026-08-29T06:35:26+00:00
google_maps_ChdDSUhNMG9nS0VJQ0FnSURLZ283cThBRRAB,OSM_node_4716178989,5,,5 năm trước,,Google Maps,2026-08-29T06:35:26+00:00
google_maps_Ci9DQUlRQUNvZENodHljRjlvT2xSRllVWndSR0V0VEVzek5YWmxaMjVWZEdzdGJtYxAB,OSM_node_4783069521,5,"Khu trải nghiệm vui chơi là mô hình không gian giải trí kết hợp giáo dục, rèn luyện kỹ năng sống cho người chơi thông qua các hoạt động thực tế. Mô hình này tập trung vào sự tương tác trực tiếp, thay vì chỉ xem hoặc chơi trò chơi thuần túy.Đặc điểm nổi bật:Tính tương tác cao: Người chơi trực tiếp tham gia, nhập vai, hoặc tự tay làm sản phẩm.Học mà chơi: Lồng ghép kiến thức khoa học, nghệ thuật, lịch sử, hoặc kỹ năng sinh tồn.Đa dạng lứa tuổi: Thiết kế riêng cho trẻ em (hướng nghiệp) hoặc người lớn (team building, mạo hiểm).",3 tháng trước,,Google Maps,2026-08-29T06:36:12+00:00
google_maps_ChZDSUhNMG9nS0VJQ0FnTURvbGFybFZBEAE,OSM_node_4783069521,5,"Đưa các bé tới Khu Trải Nghiệm Vạn An thấy yên tâm hẳn. Không gian rộng, sạch sẽ, nhiều trò chơi bổ ích mà an toàn. Các bạn nhỏ thì mê tít, còn phụ huynh cũng thoải mái vì con vừa được chơi vừa học hỏi. Thật sự đáng để cho các bé trải nghiệm!",một năm trước,,Google Maps,2026-08-29T06:36:12+00:00
google_maps_ChZDSUhNMG9nS0VJQ0FnTUNJdkw2Z0lBEAE,OSM_node_4783069521,5,Rộng rãi mát mẻ. Các bé được tìm hiểu lịch sử qua các trò chơi vận động và dân gian,một năm trước,,Google Maps,2026-08-29T06:36:12+00:00
google_maps_ChZDSUhNMG9nS0VJQ0FnSUNkODVQVEhREAE,OSM_node_4783069521,5,"Phong cảnh đẹp,sạch sẽ,đồ ăn ngon giá phải chăng. Cây cối nhiều nên rất dễ chịu. Phù hợp gia đình đưa con đến chơi vào cuối tuần. Trường học tổ chức dã ngoại cũng rất hợp lý!",2 năm trước,,Google Maps,2026-08-29T06:36:12+00:00
google_maps_Ci9DQUlRQUNvZENodHljRjlvT25KMGRqRXRPRlF0Yldwb2N6QjVTbVpzVWpSTFNrRRAB,OSM_node_4783069521,1,"siêu chán,nvs thì khai mù,đi ngang qua mà phải bịt chặt mũi,xích đu bị hỏng nhiều,đồ ăn bán ở 2 chỗ,1 chỗ bán ở gần chỗ nvs thì siêu đắt,chai c2 7k lên giá 20k,1 chỗ bán ở cuối khu để vào cái chỗ chải bạt cồng vòng thì bán c2 có 10k,cubgf 1 …",5 tháng trước,,Google Maps,2026-08-29T06:36:12+00:00
google_maps_ChdDSUhNMG9nS0VJQ0FnSURrcWRMM3ZRRRAB,OSM_node_4783069521,5,"Nơi đây không khí trong lành, mát mẻ. Địa điểm thích hợp cho các kỳ nghỉ hè, ngoại khoá, dã ngoại cho các bé mầm non, các bạn học sinh!",Thời gian chỉnh sửa: 6 năm trước,,Google Maps,2026-08-29T06:36:12+00:00
google_maps_ChZDSUhNMG9nS0VJQ0FnTURvOWFYS09REAE,OSM_node_4783069521,5,"Nhà mình đi cuối tuần, dịch vụ ổn. Là khu vui chơi nên cho con đi trải nghiệm, khu trải nghiệm ngoài trời với các hoạt động gắn liền với lịch sử, con trẻ có thể tìm hiểu lịch sử qua các mô hình. Phục vụ chu đáo và nhiệt tình, có chỗ nghỉ qua trưa. Ăn uống ổn, ngon và sạch sẽ. Hướng dẫn viên nhiệt tình hỗ trợ các con trải nghiệm, vui vẻ, thân thiện. Là khu trải nghiệm nên cho con em tham gia cuối tuần.",một năm trước,,Google Maps,2026-08-29T06:36:12+00:00
google_maps_ChZDSUhNMG9nS0VJQ0FnSUNmbXZQQVdBEAE,OSM_node_4783069521,5,"Khu trải nghiệm rỗng rãi, thoáng mát, nhiều trò chơi, trò vận động lý thú. Các mô hình, vườn cây, khu mô phỏng cũng rất đẹp. Đi 1 ngày cũng chưa hết được. Trường mình đăng ký cho các con trải nghiệm ở đây và được các bạn hướng dẫn viên chăm sóc rất tận tình, chu đáo. 10 điểm cho địa điểm này ạ!",một năm trước,,Google Maps,2026-08-29T06:36:12+00:00
google_maps_ChZDSUhNMG9nS0VJQ0FnTURvbFlxY1d3EAE,OSM_node_4783069521,5,"Khu Trải Nghiệm Vạn An thực sự là nơi lý tưởng cho các bé . Các hoạt động ở đây rất phong phú, giúp các con vừa vui chơi, vừa học hỏi thêm nhiều kỹ năng mới. Không gian rộng rãi, thoáng mát, rất an toàn cho các bé. Các anh chị hướng dẫn viên rất tận tình và thân thiện, luôn tạo ra một bầu không khí vui vẻ, giúp các bé cảm thấy thoải mái và tự tin tham gia. Mỗi lần đến đây, con mình đều có những trải nghiệm thú vị và học hỏi được nhiều điều bổ ích. Một địa điểm tuyệt vời để các bé có thể vui chơi và khám phá thế giới xung quan",một năm trước,,Google Maps,2026-08-29T06:36:12+00:00
google_maps_ChZDSUhNMG9nS0VJQ0FnSURCaEtxcFR3EAE,OSM_node_4783069521,4,- Khu trải nghiệm cho các bạn cấp 1. - Có khá nhiều hoạt động cho các bé tham gia trải nghiệm. - Khu chòi nghỉ hơi hẹp.,3 năm trước,,Google Maps,2026-08-29T06:36:12+00:00
google_maps_ChdDSUhNMG9nS0VJQ0FnSUNLamYyVHZ3RRAB,OSM_node_4783069521,5,"Khu vui chơi rộng rãi, thoáng mát. Gần gũi với thiên nhiên, nhiều hoạt động trải nghiệm có tính giáo dục cao phù hợp với nhiều lứa tuổi. Đội ngũ nhân viên nhiệt tình, chuyên nghiệp. Sẽ tiếp tục đến với Vạn An và giới thiệu thêm nhiều người tới đây.",5 năm trước,,Google Maps,2026-08-29T06:36:12+00:00
google_maps_ChdDSUhNMG9nS0VJQ0FnSUNJellPSnFnRRAB,OSM_node_4783069521,5,"Không quá lớn, ko nhiều tiện ích vui chơi giải trí nhưng ở Hà Nội có được một điểm như vậy là tốt rồi. Rất phù hợp cho các con vui chơi!",7 năm trước,,Google Maps,2026-08-29T06:36:12+00:00
google_maps_ChdDSUhNMG9nS0VJQ0FnSUM0c1ktSTd3RRAB,OSM_node_4783069521,4,Khu trải nghiệm vạn Một nơi học tập vui chơi đầy thú vị Không gian tuyệt vời cho các bạn học sinh,7 năm trước,,Google Maps,2026-08-29T06:36:12+00:00
google_maps_Ci9DQUlRQUNvZENodHljRjlvT2pkQ2JYaEtWa1ExZGw5c01FWTFhV05XUW5kRE5sRRAB,OSM_node_4783069521,5,Ở đấy tôi đã đi r những khi ko đc bơi làm món ăn rất ngon ở đấy chúng tôi mang điện thoại ở đấy chơi đi mua tôi thấy người chủ quán bán đồ chơi cầm que xem ai là người lấy trộm đồ chơi,7 tháng trước,,Google Maps,2026-08-29T06:36:12+00:00
google_maps_ChZDSUhNMG9nS0VJQ0FnSUMxd1BycFdnEAE,OSM_node_4783069521,5,Phù hợp với học sinh đi trải nghiệm. Đồ ăn ngon hướng dẫn viên nhiệt tình.,2 năm trước,,Google Maps,2026-08-29T06:36:12+00:00
google_maps_ChdDSUhNMG9nS0VJQ0FnSUN3NElyQnl3RRAB,OSM_node_4783069521,5,Chúc mừng năm mới phát tài nhé Trang trại học đường Vạn An DOC:14MAR2018,Thời gian chỉnh sửa: 8 năm trước,,Google Maps,2026-08-29T06:36:12+00:00
google_maps_ChdDSUhNMG9nS0VJQ0FnSUN4MHNXczZnRRAB,OSM_node_4783069521,5,"Khu trải nghiệm rộng rãi, thoáng mát, cây cối ko bị rậm quá nên ít muỗi, nhiều hoạt động",3 năm trước,,Google Maps,2026-08-29T06:36:12+00:00
google_maps_ChdDSUhNMG9nS0VJQ0FnSUNNOF9XcDB3RRAB,OSM_node_4783069521,5,Địa điểm vui chơi ngoài trời cho trẻ em tại Hà Nội,6 năm trước,,Google Maps,2026-08-29T06:36:12+00:00
google_maps_ChdDSUhNMG9nS0VJQ0FnSUNvcjhDSzFnRRAB,OSM_node_4783069521,3,Phù hợp với các bé nhỏ đi hoạt động trải nghiệm 1 ngày,7 năm trước,,Google Maps,2026-08-29T06:36:12+00:00
google_maps_ChZDSUhNMG9nS0VJQ0FnSURnNEp5M1NBEAE,OSM_node_4783069521,5,"Rất nhiều trò chơi trải nghiệm thú vị cho trẻ em và phù hợp với rất nhiều lứa tuổi, hơn nữa trò nào các bé cũng được chơi ""tới bến"" làm thỏa mãn sự hiếu động và trí tò mò của trẻ. Các bạn hướng dẫn thì thực sự rất nhiệt tình, đến bất kỳ lúc …",8 năm trước,,Google Maps,2026-08-29T06:36:12+00:00
google_maps_ChdDSUhNMG9nS0VJQ0FnSUNYa0xuVm5RRRAB,OSM_node_4783069521,5,"Nhiều trò chơi, trải nghiệm rất tuyệt vời cho các bé",một năm trước,,Google Maps,2026-08-29T06:36:12+00:00
google_maps_ChZDSUhNMG9nS0VJQ0FnSUNVdzl1TE5REAE,OSM_node_4783069521,5,Nhiều trò chơi món ăn khá ngon . thích hợp trẻ nhỏ thực tế,7 năm trước,,Google Maps,2026-08-29T06:36:12+00:00
google_maps_ChdDSUhNMG9nS0VJQ0FnSURxNHZmWGt3RRAB,OSM_node_4783069521,5,Một nơi vui chơi tuyệt vời cho các bé cùng gia đình.,Thời gian chỉnh sửa: 4 năm trước,,Google Maps,2026-08-29T06:36:12+00:00
google_maps_ChdDSUhNMG9nS0VJQ0FnSUNfaWJ6NDN3RRAB,OSM_node_4783069521,1,"Thực sự là tôi không hiểu về cái khu này đấy tôi nghe con tôi kể mà các lớp không phân chia mà cứ ở cùng nhau thậm chỉ những bạn lớp khác còn đè nên cặp của các bạn trong lớp con tôi trong đó có con tôi, nó còn bị hỏng đồ nữa còn cả nhà vệ …",một năm trước,,Google Maps,2026-08-29T06:36:12+00:00
google_maps_Ci9DQUlRQUNvZENodHljRjlvT2pSa2N6Vk1iRnBPTjFwb2RtZHVZa0owT1dveFNtYxAB,OSM_node_4783069521,5,Cho e hỏi vé vào như thế nào vậy ạ,7 tháng trước,,Google Maps,2026-08-29T06:36:12+00:00
google_maps_ChZDSUhNMG9nS0VJQ0FnSUNOLWJMblJ3EAE,OSM_node_4783069521,4,Đẹp rộng thích hợp cho trẻ em,2 năm trước,,Google Maps,2026-08-29T06:36:12+00:00
google_maps_ChdDSUhNMG9nS0VJQ0FnTUR3eTRxN3JnRRAB,OSM_node_4783069521,1,"Bộ phận điều phối xe kém. Khi học sinh đang di chuyển giữa 2 xe, nhân viên điều phối vẫn hướng dẫn cho xe bus di chuyển song song gây mất an toàn cho học sinh. Khi được góp ý, nhân viên tỏ thái độ không hợp tác và có lời lẽ không hay.",một năm trước,,Google Maps,2026-08-29T06:36:12+00:00
google_maps_ChdDSUhNMG9nS0VJQ0FnSUNZdWREdXl3RRAB,OSM_node_4783069521,5,"Khu trải nghiệm khá đẹp. Cho tôi được trở lại tuổi thơ Được bắt cá , chèo bè , nấu cơm niêu ......",7 năm trước,,Google Maps,2026-08-29T06:36:12+00:00
google_maps_ChZDSUhNMG9nS0VJQ0FnSUNZcEw3SFB3EAE,OSM_node_4783069521,3,Khu vui chơi giành cho trẻ em.,7 năm trước,,Google Maps,2026-08-29T06:36:12+00:00
google_maps_ChZDSUhNMG9nS0VJQ0FnSUM5MF9MQkxBEAE,OSM_node_4783069521,5,Khu vui chơi rộng rãi . Hđ bổ ích.,2 năm trước,,Google Maps,2026-08-29T06:36:12+00:00
google_maps_ChdDSUhNMG9nS0VJQ0FnSUN3ejRPQm1BRRAB,OSM_node_4783069521,4,"Hồi ức kbh quên, đầy đủ tiện nghi 🔊 …",8 năm trước,,Google Maps,2026-08-29T06:36:12+00:00
google_maps_ChZDSUhNMG9nS0VJQ0FnSUREM2UyTERnEAE,OSM_node_4783069521,1,Cơ sỏ vât chất nghèo nàn lac hậu Tôi ko bao gio cho Cháu tôi đến đây chơi Vi Nhà truòng Mua Tuor Ép các cháu hoc sinh TIÊU HOC TƯ LOP 1 ĐÉN LOP 5 PHAI ĐÉN ĐÂY THAN GIA PHỤ HUYNH NÔP TIỀN CHO GIAO VIEN NHÀ TRUÒNG RỒI BON TUOR NÓ THUE XE 45 CHỖ ĐÉN CHƠ CÁC CHÁU ĐÉN ĐÂY aen uống ko ngon ko đảm bảo vê sinh chi các con Còn bọn Tuor Ăn trua giêng va an rát ngon Kể cả giáo viên Nữa vi bon vạn an này phải Mòi Cơm ngon miễn phí cho Giáo vien vao bin làm Tuor trong khi đây các cháu đóng tiền ko đc ăn ngon Kể cả lai xe 45 chõ đưa các cháu đén Nó mặc kệ TÔI ĐÃ ĐI THEO CÁC CHÁU VÀ BIẾT HÊT MÁNH KHÓE CỦA BON NÓ TUOR ĐẠI VIÊT Lần sau ko bao gio tôi cho con va cháu tôi đi theo nhà truòng Nũa,2 năm trước,,Google Maps,2026-08-29T06:36:12+00:00
google_maps_ChZDSUhNMG9nS0VJQ0FnSURqMnNLNFh3EAE,OSM_node_4783069521,4,"Khu trải nghiệm rộng rãi. M đi cùng con vào cuối tuần nên đông, chủ yếu là các trường học đưa các bé đến tham gia trải nghiệm. Vì đi theo tour nên ko đc tự do, đi theo hướng dẫn, hạn chế về thời gian trải nghiệm, chờ đợi lâu ở một số hạng …",2 năm trước,,Google Maps,2026-08-29T06:36:12+00:00
google_maps_ChdDSUhNMG9nS0VJQ0FnSUNaa0l5TGh3RRAB,OSM_node_4783069521,5,Tuyệt vời,2 năm trước,,Google Maps,2026-08-29T06:36:12+00:00
google_maps_ChZDSUhNMG9nS0VJQ0FnSURwOU1MU0RREAE,OSM_node_4783069521,5,"Khi trải nghiệm rộng rãi , có nhièu trò chơi trải nghiệm cuộc sống và sinh tồn , nhiều trò giải trí hấp dẫn , không gian xanh thoáng mát và trong lành , một nơi trải nghiệm thú vị",3 năm trước,,Google Maps,2026-08-29T06:36:12+00:00
google_maps_ChZDSUhNMG9nS0VJQ0FnSURleGZQN05BEAE,OSM_node_4783069521,2,"Một chuyến đi buồn tẻ! Hôm nay tôi sẽ kể cho các bạn một câu chuyện tồi tệ ở khu vực này! Vào ngày thứ Năm hôm đó.Cả trường Tiểu học Ngô Quyền tổ chức một buổi đi tham quan ở Vạn An!Tôi và lũ bạn cùng nói chuyện bàn tán về chuyến tham quan này!Phải chờ lâu mới được lên xe khách!Buổi sáng thì khá sôi nổi vì anh hướng dẫn viên bật nhạc quẩy cho chúng tôi nghe!Lúc đấy,tôi ngồi ngắm cảnh còn mấy ông bạn lớp tôi quẩy hơi bị sung!Nhất là bà lớp trưởng Thu Trà này,bà quẩy sung nhất lớp,ko biết bà lớp trưởng có múa quạt hay ko nữa!Khoảng tầm 7h rưỡi thì mới xuống xe!Mấy ông bạn lớp tôi nhìn cái đã thấy tuyệt rồi!Bây giờ mới là thời điểm buồn tẻ nhất của tôi!Lúc đang chơi trò chơi thì bỗng ông Tiến Minh chen hàng làm tôi ngã vào tổ kiến,xong rồi ông Tiến Minh lại bảo tôi là: -Ông này chen hàng rồi ngã! May là ông bạn Minh Tâm tốt bụng đã giúp đứng dậy! Buổi trưa,lúc chúng tôi vừa ăn cơm xong!Thì tôi lại thấy chẳng ông bạn nào chơi cùng tôi cả!Thế là tôi đứng ngoài trời nắng chói chang!Lúc đó,bà lớp trưởng Thu Trà hỏi tôi rằng: -Minh Đức ơi,cậu có bao nhiêu tiền? Tôi đáp lại: -Tớ chỉ có 20.000₫! Bà Thu Trà nói: -Tớ có 30.000₫! Thế là tôi ngắm mấy ông bạn cầm tiền mua đồ,mấy ông bạn chơi đoàn tàu cùng nhau rất vui vẻ!Mà tôi có được như thế đâu!Đời tôi buồn tẻ biết bao! Buổi chiều mới là buồn tẻ nhất trên cõi đời này!Lúc đó tôi và các bạn của tôi đang chơi trò chơi gì đó mà tôi ko nhớ tên!Lúc đó,bọn con gái lớp tôi cướp luôn tờ giấy của bọn con trai lớp tôi,xong rồi bọn con gái lớp tôi lại ko cho bọn con trai lớp tôi cướp được một tờ giấy nào cả!Thế là bọn con gái thắng rồi còn đâu!Lúc đó tôi bảo là: -Bọn con gái thắng rồi còn đâu! Sau khi chơi trò chơi thì lại xảy ra một cuộc cãi nhau!Lúc đó,tôi nói: -Bọn con gái thắng xong rồi đi bảo là thua! Ông lớp phó học tập Minh Hiếu lớp tôi đáp lại với tôi là: -Ừ,đúng rồi! Thế là bọn con gái và bọn con trai lớp tôi lại vừa đi vừa cãi nhau!Lúc đó,bà Bảo Linh lớp tôi bảo là: -Con trai ngu,con trai ngu! Còn ông Minh Hiếu bảo là: -Con gái ngu,con gái ngu! Đến khu vực kéo co thì bà lớp trưởng lại khóc!Thế là mấy bà con gái túm tụm ra chỗ bà lớp trưởng,rồi nói đủ thứ với chúng tôi!Thế là anh hướng dẫn viên đến chỗ bà lớp trưởng và hỏi bà lý do tại sao khóc!Bà lớp trưởng nói: -Mấy bạn này cứ trêu em ý! Rồi anh hướng dẫn viên bảo: -Ừ,tí nữa về mách cô! Bà lớp trưởng lúc nào cũng được mọi người hỏi han dù đối xử ko tốt với mấy ông lớp phó hoặc tổ phó!Nhất là ông Công Anh,ông Minh Hiếu và ông Tiến Minh!Lúc về,bà lớp trưởng cười tươi và quẩy sung như chưa hề có gì xảy ra cả!Và tôi nói lại luôn là ngày hôm đó là ngày buồn tẻ nhất của tôi! Và tôi xin được kết thúc bài đánh giá này!Nếu như các bạn muốn nghe niềm vui nỗi buồn của tôi ở các địa điểm thì hãy bảo với tôi để tôi còn biết đường kể chuyện nhé!Mà nếu muốn nghe thì bây giờ phải chúc mừng sinh nhật tôi đã rồi tôi còn chụp cho các bạn xem bánh Gatô hoặc các bạn sang thẳng nhà tôi cũng được!",3 năm trước,,Google Maps,2026-08-29T06:36:12+00:00
google_maps_ChZDSUhNMG9nS0VJQ0FnSURla2VPYVVBEAE,OSM_node_4783069521,5,"Rất nhiều trạm game thú vị , các trạm đều có cốt truyện riêng và ý nghĩa riêng. Nhân viên thân thiện . Nhiều cảnh đẹp để sống ảo. Vệ sinh sạch sẽ. Rất phù hợp cho học sinh cấp 1 đến sinh hoạt ngoài giờ học",3 năm trước,,Google Maps,2026-08-29T06:36:12+00:00
google_maps_ChdDSUhNMG9nS0VJQ0FnSUNUdlBXOXZnRRAB,OSM_node_4783069521,1,"chơi cái trò đu giây qua thì bị kẹt ở giữa, xong nhân viên thì nhìn 🙂 đẩy thì đẩy nhẹ, xg mình tuột xuống bơi vào r lúc đấy mới chạy ra cứu, lên bờ r mới gần tới chỗ để đi. Trước mình có 1 chị cũng bị vậy thì được các anh nhân viên cứu?? không hiểu? …",2 năm trước,,Google Maps,2026-08-29T06:36:12+00:00
google_maps_ChZDSUhNMG9nS0VJQ0FnSURNOHBuQlVnEAE,OSM_node_4783069521,5,"So với nho tươi, nho khô có công dụng cao hơn và bảo quản tốt hơn gấp nhiều lần. Bên cạnh việc dùng làm trang trí trong những món tráng miệng thơm ngon, nho khô có chứa hàm lượng cao vitamin B, C, acid folic và nhiều dưỡng chất khác tốt cho …",6 năm trước,,Google Maps,2026-08-29T06:36:12+00:00
google_maps_ChdDSUhNMG9nS0VJQ0FnSUNnbjRlaXFRRRAB,OSM_node_4783069521,4,"Một khu vui chơi ngoài trời rất bổ ích cho trẻ từ 5 đến 10 tuổi. Không gian thân thiện, có hướng dẫn viên các trò chơi. Lối vào bụi bẩn, các trò chơi không phù hợp với lứa tuổi <3 và khách lẻ thì ít được quan tâm như khách đoàn.",9 năm trước,,Google Maps,2026-08-29T06:36:12+00:00
google_maps_ChdDSUhNMG9nS0VJQ0FnSUNUeEx2aHd3RRAB,OSM_node_4783069521,5,"Chỗ chơi rộng rãi, các con rất thích. Đồ ăn ngon, cám ơn vì những trải nghiệm tuyệt vời",2 năm trước,,Google Maps,2026-08-29T06:36:12+00:00
google_maps_ChZDSUhNMG9nS0VJQ0FnSURCNUstMUx3EAE,OSM_node_4783069521,1,"Trải nghiệm dở , quản lý sắp xếp ưu tiên . Học sinh lớp mình phải chờ dài ở cánh gà để nhường cho trường khác biểu diễn 4 bài . Khu vui chơi bt , nhưng quản lý thiếu chuyên nghiệp",3 năm trước,,Google Maps,2026-08-29T06:36:12+00:00
google_maps_ChRDSUhNMG9nS0VJQ0FnSURvXzk1TBAB,OSM_node_4783069521,4,Tuyệt vời,7 năm trước,,Google Maps,2026-08-29T06:36:12+00:00
google_maps_ChdDSUhNMG9nS0VJQ0FnSUR3Z2NPRTNBRRAB,OSM_node_4783069521,4,Ngay bên đê sông hồng thuộc khu vực Đông Mỹ huyện Thanh trì vị trí đẹp thoáng mát bố trí nhiều trò chơi trải nhiệm về lịch sử các câu truyện kể bổ ích hỗ trợ trẻ nhỏ vừa chơi vừa học.,7 năm trước,,Google Maps,2026-08-29T06:36:12+00:00
google_maps_ChdDSUhNMG9nS0VJQ0FnSUQtd2ZtNzBRRRAB,OSM_node_4783069521,2,Đi cx bt ko quá vui nhma buổi trưa di ngủ chỉ nói chuyện thôi mà bị đứng lên ngồi xuống 100c 150c về hôm sau các bạn kêu đau lưng đau chân ko đi được đi như bà đẻ tập đi,3 năm trước,,Google Maps,2026-08-29T06:36:12+00:00
google_maps_ChZDSUhNMG9nS0VJQ0FnSUNVa015SEh3EAE,OSM_node_4783069521,3,"Khung cảnh khá hữu tình với hồ nước, điểm vui chơi ngoài trời và khá gần trung tâm đi lại không quá xa. Thích hợp cho trường học, nhóm gia đình.",7 năm trước,,Google Maps,2026-08-29T06:36:12+00:00
google_maps_ChdDSUhNMG9nS0VJQ0FnTUNRcDVIdXBnRRAB,OSM_node_4783069521,5,"Nhiều trò vui chơi cho trẻ em, đồ ăn ngon",một năm trước,,Google Maps,2026-08-29T06:36:12+00:00
google_maps_ChZDSUhNMG9nS0VJQ0FnSURZbkxXZER3EAE,OSM_node_4783069521,5,Vui nhộn đồ ăn ngon góc view đẹp,7 năm trước,,Google Maps,2026-08-29T06:36:12+00:00
google_maps_ChZDSUhNMG9nS0VJQ0FnSUMtaWF6V0h3EAE,OSM_node_4783069521,5,Trang trại có nhiều trò chơi mang tính dân gian bổ ích cho trẻ em hoạt động. Giá cả bình dân,3 năm trước,,Google Maps,2026-08-29T06:36:12+00:00
google_maps_ChZDSUhNMG9nS0VJQ0FnSUR6bGUtNEpnEAE,OSM_node_4783069521,5,"Mình thấy rất nhiều khu trò chơi để thăm quan, sạch và đẹp",2 năm trước,,Google Maps,2026-08-29T06:36:12+00:00
google_maps_ChZDSUhNMG9nS0VJQ0FnSURSdzk2UkVBEAE,OSM_node_4887075112,2,"This place is known for being featured in a poem written by a solder who commemorated his lover who died during the war Núi đôi Bảy năm về trước, em mười bảy Anh mới đôi mươi, trẻ nhất làng Xuân Dục, Đoài Đông hai cánh lúa Bữa thì em tới, bữa anh sang Lối ta đi giữa hai sườn núi Đôi ngọn nên làng gọi núi Đôi Em vẫn đùa anh: sao khéo thế Núi chồng núi vợ đứng song đôi! Bỗng cuối mùa chiêm quân giặc tới Ngơ chùa cháy đỏ những thân cau Mới ngỏ lời thôi, đành lỗi hẹn Đâu ngờ từ đó bặt tin nhau. Anh vào bộ đội, lên Đông Bắc Chiến đấu quên mình năm lại năm Mấy bận dân công về lại hỏi Ai người Xuân Dục, núi Đôi chăng? Anh nghĩ, quê ta giặc chiếm rồi Trăm nghìn căm uất bao giờ nguôi Mỗi tin súng nổ vành đai địch Sương trắng người đi lại nhớ người. Đồng đội có nhau thường nhắc nhở Trung du làng nước vẫn chờ trông Núi Đôi bốt dựng kề ba xóm Em vẫn đi về những bến sông? Náo nức bao nhiêu ngày trở lại Lệnh trên ngừng bắn, anh về xuôi Hành quân qua tắt đường sang huyện Anh ghé thăm nhà, thăm núi Đôi. Mới tới đầu ao, tin sét đánh Giặt giết em rồi, dưới gốc thông Giữa đêm bộ đội vây đồn Thửa Em sống trung thành, chết thuỷ chung! Anh ngước nhìn lên hai dốc núi Hàng thông bờ có con đường quen. Nắng lụi bỗng dưng mờ bóng khói Núi vẫn đôi mà anh mất em! Dân chợ Phù Linh ai cũng bảo: Em còn trẻ lắm, nhất làng trong; Mấy năm cô ấy làm du kích Không hiểu vì sao chẳng lấy chồng? Từ núi qua thôn, dường nghẽn lối Xuân Dục, Đoài Đông cỏ ngút đầy Sân biến thành ao, nhà đổ chái Ngổn ngang bờ bụi cánh dơi bay Cha mẹ đưa nhau về nhận đất Tóc bạc thương từ mỗi gốc cau Nứa gianh nửa mái lều che tạm Sương nắng khuây dần chuyện xót đau. Anh nghe có tiếng người qua chợ: Ta gắng: mùa sau lúa sẽ nhiều Ruộng thấm mồ hôi từng nhát cuốc Làng ta rồi đẹp biết bao nhiêu! Nhưng núi còn kia, anh vẫn nhớ. Oán thù còn đó, anh còn đây Ở đâu cô gái làng Xuân Dục Đã chết vì dân giữa đất này! Ai viết tên em thành liệt sĩ Bên những hàng bia trắng giữa đồng Nhớ nhau anh gọi em: đồng chí Một tấm lòng trong vạn tấm lòng. Anh đi bộ đội sao trên mũ Mãi mãi là sao sáng dẫn đường Em sẽ là hoa trên đỉnh núi Bốn mùa thơm mãi cánh hoa thơm. 1956",3 năm trước,,Google Maps,2026-08-29T06:36:49+00:00
google_maps_ChdDSUhNMG9nS0VJQ0FnSUNPOG9UYXdRRRAB,OSM_node_4887075112,5,Khu du lịch núi đôi sóc Sơn hà Noii đẹp tuyệt vời phong cảnh trữ tình thơ mộng! Mình đã đến !,4 năm trước,,Google Maps,2026-08-29T06:36:49+00:00
google_maps_Ci9DQUlRQUNvZENodHljRjlvT214Mk0zSldSR0pYUzAxeExYUXlkM1pCWWxaTGRFRRAB,OSM_node_4887075112,5,Quá tuyệt vời dịch vụ 5s,6 tháng trước,,Google Maps,2026-08-29T06:36:49+00:00
google_maps_ChdDSUhNMG9nS0VJQ0FnSUNzMExETDhBRRAB,OSM_node_4887075112,4,"Có đại học điện lực cơ sở hai, núi thì trả có gì",6 năm trước,,Google Maps,2026-08-29T06:36:49+00:00
google_maps_ChdDSUhNMG9nS0VJQ0FnSUNBLV9DVHB3RRAB,OSM_node_4887075112,3,"Núi Đôi là nơi nhà thơ Vũ Cao đã viết bài thơ tình lãng mạn nổi tiếng "" Núi Đôi "" thời kỳ chống Pháp. Di tích còn lại là các bốt của Pháp trên đôi thông. Vệ sinh môi trường chưa tốt, chưa có đầu tư để phát triển du lịch.",9 năm trước,,Google Maps,2026-08-29T06:36:49+00:00
google_maps_ChZDSUhNMG9nS0VJQ0FnSUNtNGItSFlREAE,OSM_node_4887075112,5,"Không gian thoáng dân cư còn thưa,song sự giao lưu lớn đường xá chật hẹp cần phát triền song song và quy hoạch ngay từ ban đầu, tiết kiệm tiền,của dân.",4 năm trước,,Google Maps,2026-08-29T06:36:49+00:00
google_maps_ChZDSUhNMG9nS0VJQ0FnSURlM3I2Q0d3EAE,OSM_node_4887075112,5,Để lại một mốc son lịch sử về thời kỳ chống Pháp và một câu chuyện tình nên Thơ đầy cảm xúc !,3 năm trước,,Google Maps,2026-08-29T06:36:49+00:00
google_maps_ChdDSUhNMG9nS0VJQ0FnSUR2bk9LMW9RRRAB,OSM_node_4887075112,5,Nghe Họ Kể Có Nhiều Truyền Thuyết Nơi Đây Chằng!’,một năm trước,,Google Maps,2026-08-29T06:36:49+00:00
google_maps_ChZDSUhNMG9nS0VJQ0FnSURDNk9XamRREAE,OSM_node_4887075112,5,"có sân bóng đá,ai muốn học đá thì sang đấy nha",5 năm trước,,Google Maps,2026-08-29T06:36:49+00:00
google_maps_ChdDSUhNMG9nS0VJQ0FnSUNGa08yUWpBRRAB,OSM_node_4887075112,3,Khu di tích lịch sử một thời chống quân Pháp xâm lược,2 năm trước,,Google Maps,2026-08-29T06:36:49+00:00
google_maps_ChdDSUhNMG9nS0VJQ0FnSUNJeVkycmd3RRAB,OSM_node_4887075112,5,"Một bài thơ gắn liền với di tích lịch sử Núi đôi: Bảy năm về trước, em mười bảy Anh mới đôi mươi, trẻ nhất làng …",7 năm trước,,Google Maps,2026-08-29T06:36:49+00:00
google_maps_ChdDSUhNMG9nS0VJQ0FnSUM2MkxhTV9RRRAB,OSM_node_4887075112,3,Nhiều chiến sĩ đã ngã xuống ở đây,4 năm trước,,Google Maps,2026-08-29T06:36:49+00:00
google_maps_ChZDSUhNMG9nS0VJQ0FnSUNtcUlIVlBnEAE,OSM_node_4887075112,3,Đđường khó đi map thì sai nhiều,4 năm trước,,Google Maps,2026-08-29T06:36:49+00:00
google_maps_ChZDSUhNMG9nS0VJQ0FnSURVbk5HcUpBEAE,OSM_node_4887075112,3,Đẹp,Thời gian chỉnh sửa: 6 năm trước,,Google Maps,2026-08-29T06:36:49+00:00
google_maps_ChZDSUhNMG9nS0VJQ0FnSURZaEt5ZE9BEAE,OSM_node_4887075112,5,"Đẹp, thoáng mát nhưng hơi bụi",Thời gian chỉnh sửa: 7 năm trước,,Google Maps,2026-08-29T06:36:49+00:00
google_maps_ChdDSUhNMG9nS0VJQ0FnSUNBME1hOF9BRRAB,OSM_node_4887075112,3,Giống như những khu dân cư khác,8 năm trước,,Google Maps,2026-08-29T06:36:49+00:00
google_maps_ChZDSUhNMG9nS0VJQ0FnSUNDM0xyTmJBEAE,OSM_node_4887075112,3,Núi đôi Sóc sơn HN,6 năm trước,,Google Maps,2026-08-29T06:36:49+00:00
google_maps_ChdDSUhNMG9nS0VJQ0FnSUNBdUtXRV9RRRAB,OSM_node_4887075112,4,Thiên nhiên khá còn hoang sơ,8 năm trước,,Google Maps,2026-08-29T06:36:49+00:00
google_maps_ChdDSUhNMG9nS0VJQ0FnSUR1cEwtQi1nRRAB,OSM_node_4887075112,2,Đường hẹp,4 năm trước,,Google Maps,2026-08-29T06:36:49+00:00
google_maps_ChZDSUhNMG9nS0VJQ0FnSUNXaDYzbVFREAE,OSM_node_4887075112,5,View đẹp,4 năm trước,,Google Maps,2026-08-29T06:36:49+00:00
google_maps_Ci9DQUlRQUNvZENodHljRjlvT2kxSlZUbHZRbm80Tms5RVpXUndjV0p2YkZOd2RGRRAB,OSM_node_4887075112,3,Tạm,8 tháng trước,,Google Maps,2026-08-29T06:36:49+00:00
google_maps_ChZDSUhNMG9nS0VJQ0FnSURHZ2ZPbkh3EAE,OSM_node_4887075112,5,Rất đẹp,4 năm trước,,Google Maps,2026-08-29T06:36:49+00:00
google_maps_ChZDSUhNMG9nS0VJQ0FnSUNJektHbE5BEAE,OSM_node_4887075112,3,Mới đi qua nhưng chưa bít tn,7 năm trước,,Google Maps,2026-08-29T06:36:49+00:00
google_maps_ChdDSUhNMG9nS0VJQ0FnSUN2OGFTNXpnRRAB,OSM_node_4887075112,5,Tốt,một năm trước,,Google Maps,2026-08-29T06:36:49+00:00
google_maps_ChZDSUhNMG9nS0VJQ0FnSUNxdmYyelBREAE,OSM_node_4887075112,5,Rất đẹp,5 năm trước,,Google Maps,2026-08-29T06:36:49+00:00
google_maps_ChZDSUhNMG9nS0VJQ0FnSURCMV9LNkZBEAE,OSM_node_4887075112,2,Tôi chưa trải nghiệm,3 năm trước,,Google Maps,2026-08-29T06:36:49+00:00
google_maps_ChZDSUhNMG9nS0VJQ0FnSURmMzZQdmZBEAE,OSM_node_4887075112,5,Đẹp,một năm trước,,Google Maps,2026-08-29T06:36:49+00:00
google_maps_ChZDSUhNMG9nS0VJQ0FnSURvM3M2ZklnEAE,OSM_node_4887075112,5,Chất lượng cao,7 năm trước,,Google Maps,2026-08-29T06:36:49+00:00
google_maps_ChZDSUhNMG9nS0VJQ0FnSURLdHMyNmZREAE,OSM_node_4887075112,1,Không có gì,5 năm trước,,Google Maps,2026-08-29T06:36:49+00:00
google_maps_ChZDSUhNMG9nS0VJQ0FnSUNVN3VHUlRBEAE,OSM_node_4887075112,5,Tôi đã tới,7 năm trước,,Google Maps,2026-08-29T06:36:49+00:00
google_maps_ChZDSUhNMG9nS0VJQ0FnSURldU55ZVNREAE,OSM_node_4887075112,5,Đẹp,3 năm trước,,Google Maps,2026-08-29T06:36:49+00:00
google_maps_Ci9DQUlRQUNvZENodHljRjlvT2tKNldHaGZYMlZTWDBneWNIWjJVMUJpYkUxUlltYxAB,OSM_node_4887075112,2,"Lúc mình đến và có hỏi người ở đây rồi Cơ bản đường đi bây giờ rất rất rậm- không đi nổi đâu, đến nơi mà muốn kiếm không gian xanh để picnic đơn giản thì cũng tạm chấp nhận đc vì cảnh vẫn đẹp và có 1 bãi đất cạnh rừng nhưng đừng kỳ vọng nhiều vì chẳng có gì đâu",2 tuần trước,,Google Maps,2026-08-29T06:36:49+00:00
google_maps_Ci9DQUlRQUNvZENodHljRjlvT2xoS1NsTlFla2QxWnkxMVMyTkJlRk42VjFKTFJVRRAB,OSM_node_4887075112,2,Bỏ hoang đã lâu,một tháng trước,,Google Maps,2026-08-29T06:36:49+00:00
google_maps_Ci9DQUlRQUNvZENodHljRjlvT214T2QxRktOSHBFYXpWNWNXbzRNelpmTjB4dVJtYxAB,OSM_node_4887075112,5,Được rồi các chàng trai,một năm trước,,Google Maps,2026-08-29T06:36:49+00:00
google_maps_Ci9DQUlRQUNvZENodHljRjlvT2xoc2JVdGlhekE1Ym5CUGNrSk5SRGROUldnNVUxRRAB,OSM_node_4887075112,5,Được rồi,7 tháng trước,,Google Maps,2026-08-29T06:36:49+00:00
google_maps_ChdDSUhNMG9nS0VJQ0FnTUN3bjh5TjlnRRAB,OSM_node_4887075112,5,,một năm trước,,Google Maps,2026-08-29T06:36:49+00:00
google_maps_ChZDSUhNMG9nS0VJQ0FnSUNCMzV2MWV3EAE,OSM_node_4887075112,5,,3 năm trước,,Google Maps,2026-08-29T06:36:49+00:00
google_maps_ChdDSUhNMG9nS0VJQ0FnSURPazVqNnFRRRAB,OSM_node_4887075112,5,Được rồi,4 năm trước,,Google Maps,2026-08-29T06:36:49+00:00
google_maps_ChdDSUhNMG9nS0VJQ0FnSUN3aEtDbmlBRRAB,OSM_node_4887075112,5,Được rồi,8 năm trước,,Google Maps,2026-08-29T06:36:49+00:00
google_maps_Ci9DQUlRQUNvZENodHljRjlvT2tzMlJETTFXREZ3YXkxT2JYQktjVzV3WkRGNU4xRRAB,OSM_node_4887075112,5,,một tháng trước,,Google Maps,2026-08-29T06:36:49+00:00
google_maps_Ci9DQUlRQUNvZENodHljRjlvT25GTU1tRmhjSEptVDIxYVJWWXpWM293T0VGU2NHYxAB,OSM_node_4887075112,5,,2 tháng trước,,Google Maps,2026-08-29T06:36:49+00:00
google_maps_Ci9DQUlRQUNvZENodHljRjlvT214dU9VRjZSVXRyVUZjMVUyMVdMV1JhTjFsVVoxRRAB,OSM_node_4887075112,5,,2 tháng trước,,Google Maps,2026-08-29T06:36:49+00:00
google_maps_Ci9DQUlRQUNvZENodHljRjlvT2xsWFExQTNhRnBwVDNOUFdWQlVRMXBvY1hJM1UyYxAB,OSM_node_4887075112,5,,3 tháng trước,,Google Maps,2026-08-29T06:36:49+00:00
google_maps_Ci9DQUlRQUNvZENodHljRjlvT201NGIzUjVUSFEwUWtGclMwbFpZazlaYW1kU1kwRRAB,OSM_node_4887075112,4,,6 tháng trước,,Google Maps,2026-08-29T06:36:49+00:00
google_maps_Ci9DQUlRQUNvZENodHljRjlvT2twVlZteFdURWRTTmtOU00wNTZTazlQVWpsMWJHYxAB,OSM_node_4887075112,2,,7 tháng trước,,Google Maps,2026-08-29T06:36:49+00:00
google_maps_Ci9DQUlRQUNvZENodHljRjlvT2xwcE5HbzBia3RvTXpKMWVGQTRVMjVRYVZCTE9FRRAB,OSM_node_4887075112,5,,7 tháng trước,,Google Maps,2026-08-29T06:36:49+00:00
google_maps_Ci9DQUlRQUNvZENodHljRjlvT2xZeUxWazRVbkZzUXpGMmJsQk1jVWMxVEhJMlVtYxAB,OSM_node_4887075112,5,,7 tháng trước,,Google Maps,2026-08-29T06:36:49+00:00
google_maps_Ci9DQUlRQUNvZENodHljRjlvT2xsRWNXWXlhMGh1YlRFMVVtTk1abTQ1V0hwM2JIYxAB,OSM_node_4887075112,5,,8 tháng trước,,Google Maps,2026-08-29T06:36:49+00:00
google_maps_Ci9DQUlRQUNvZENodHljRjlvT2pGblpFaFBSVVY1VnpONWIxVTVVV2hQV0VoUUxYYxAB,OSM_node_4887075112,5,,8 tháng trước,,Google Maps,2026-08-29T06:36:49+00:00
google_maps_Ci9DQUlRQUNvZENodHljRjlvT2pSUE9FMW5hVjloWTJoVVdWOVZWRTFOV2tSdWIzYxAB,OSM_node_4887075112,5,,9 tháng trước,,Google Maps,2026-08-29T06:36:49+00:00
google_maps_Ci9DQUlRQUNvZENodHljRjlvT2tONWNVMURRMFJGUkRReWFYUTVSRXQzZEVwQmFYYxAB,OSM_node_4888934656,5,"Tượng đài Thánh Gióng là một công trình văn hóa, tâm linh hùng vĩ tọa lạc trên đỉnh núi Đá Chồng thuộc quần thể di tích Đền Sóc, xã Phù Linh, huyện Sóc Sơn, Hà Nội. Tượng được đúc bằng đồng nguyên chất theo phương pháp thủ công, mô tả hình ảnh Thánh Gióng cưỡi ngựa sắt, nhổ tre ngà đánh giặc, sau đó bay về trời. ​Công trình nằm ở độ cao hơn 290m so với mực nước biển, từ đây bạn có thể phóng tầm mắt ngắm nhìn toàn cảnh vùng đất Sóc Sơn trù phú và thơ mộng. ​Đây là một trong những biểu tượng quan trọng về tinh thần yêu nước và sức mạnh quật cường của dân tộc Việt Nam.",6 tháng trước,,Google Maps,2026-08-29T06:37:30+00:00
google_maps_Ci9DQUlRQUNvZENodHljRjlvT2xCWGFHaFZUVkJYZUUxNU9VbDZVUzEyUVVoNlluYxAB,OSM_node_4888934656,5,"Một công trình đẹp và kỳ vĩ. Nằm trên ngọn núi cao nên không khí trong lành, khuôn viên rộng rãi, view đẹp. Có leo bộ từ dưới đền thờ, leo khá lâu và dốc nên nếu mn chân tay yếu có thể thuê xe ôm lên đỉnh núi.",5 tháng trước,,Google Maps,2026-08-29T06:37:30+00:00
google_maps_Ci9DQUlRQUNvZENodHljRjlvT20xV1gxQkxWVkI1UzFSamN5MXVNeTFGU1hrMGNVRRAB,OSM_node_4888934656,5,"Đã quay lại lần thứ 2 Quang cảnh vẫn thơ mộng pha thêm nét oai vệ của Thánh Gióng - vị anh hùng đánh tan giặc Ân Có 2 hướng để lên tượng đài: 1. Đi từ đền qua n bậc thang để thử sức bền bản thân, gửi xe bên dưới đền 2. Luyện tay lái, leo đèo lên bãi đỗ xe Phí gửi xe: 15k/xe máy, 30k/ô tô Chuông đồng bị vẽ bậy hơi nhiều, nhất là trong lòng chuông, còn lại di tích được bảo tồn khá ổn",7 tháng trước,,Google Maps,2026-08-29T06:37:30+00:00
google_maps_Ci9DQUlRQUNvZENodHljRjlvT2xGSWEzVlNRMEZ1YUV4VlprdEJTSE5hZGxoV1EyYxAB,OSM_node_4888934656,5,"Đường lên tượng đài Thánh Gióng rất đẹp, thơ mộng Đi bộ lên cũng thik Nếu vào đền Gióng rồi leo bậc thang lên tượng đài cũng rất phê Lên mất vé trông oto 30k! Còn lại free",7 tháng trước,,Google Maps,2026-08-29T06:37:30+00:00
google_maps_Ci9DQUlRQUNvZENodHljRjlvT25ReU1XcHVRMEpVVjJkeGRGbHhkakl0Wkcxc1pYYxAB,OSM_node_4888934656,5,"Nếu anh chị em đang muốn tìm một nơi vừa để chiêm bái, bày tỏ lòng biết ơn với bậc tiền nhân, vừa muốn phóng tầm mắt ngắm nhìn mây trời Sóc Sơn hùng vĩ, thì nhất định phải một lần leo lên đỉnh núi Đá Chồng thăm cụ Gióng. Tượng đài nằm ở độ cao hơn 300m so với mực nước biển. Cảm giác khi đứng dưới chân bức tượng đồng khổng lồ (nặng hơn 85 tấn), nhìn hình ảnh Ngài cưỡi ngựa sắt bay về trời, thực sự rất xúc động và tự hào. Không gian ở đây lộng gió, mây vờn quanh đỉnh núi, tạo nên một vẻ đẹp vừa thiêng liêng vừa khoáng đạt. Để lên đến đỉnh tượng đài, anh chị em có hai cách: Đi bộ (Leo bậc thang): Dành cho những ai muốn thử thách sức bền và thể hiện lòng thành kính qua từng bước chân. Đường leo dốc nhưng rợp bóng cây xanh, rất mát mẻ. Đi xe máy/ô tô: Có đường nhựa uốn lượn dẫn thẳng lên tận đỉnh. Đường hơi dốc và nhiều khúc cua tay áo, nên anh chị em chắc tay lái thì đi sẽ rất phê, tha hồ ngắm cảnh rừng thông hai bên đường. Lưu ý nhỏ: * Trang phục: Vì là nơi thờ tự linh thiêng, mọi người nên mặc đồ lịch sự, kín đáo. Trên đỉnh núi gió khá to, nếu đi vào mùa đông hoặc sáng sớm, nhớ mang theo áo khoác để tránh cảm lạnh. * Thời điểm: Đẹp nhất là đi vào những ngày nắng ráo để ngắm được toàn cảnh huyện Sóc Sơn từ trên cao. Nếu đi vào dịp lễ hội (mùng 6 tháng Giêng), không khí sẽ cực kỳ náo nhiệt nhưng cũng rất đông đúc. * Anh chị em nhớ giữ gìn vệ sinh, không vứt rác bừa bãi để giữ cho không gian của Ngài luôn xanh - sạch - đẹp nhé. Đây không chỉ là một điểm tham quan, mà là nơi để chúng ta tìm về cội nguồn, nhắc nhở bản thân về tinh thần yêu nước và sức mạnh của dân tộc. Đứng trước tượng Ngài, tự nhiên thấy lòng mình tĩnh lại, bao nhiêu muộn phiền dường như tan biến theo làn gió đại ngàn. Một chuyến đi ngắn nhưng giá trị tinh thần rất lớn. Anh chị em nếu có dịp về Sóc Sơn, đừng chỉ ghé đền Sóc ở dưới chân núi, mà hãy cố gắng lên tận đỉnh để diện kiến Ngài nhé!",5 tháng trước,,Google Maps,2026-08-29T06:37:30+00:00
google_maps_Ci9DQUlRQUNvZENodHljRjlvT2tGUlpFUlBZemhFVTFSTVpucDFaSEZvTkU1Sk5VRRAB,OSM_node_4888934656,5,Từ Xuân Hoà-Phúc Yên đi đền Gióng 18km. Lần đầu e đi luôn ạ. Mong 1 năm mới mã đáo thành công,6 tháng trước,,Google Maps,2026-08-29T06:37:30+00:00
google_maps_Ci9DQUlRQUNvZENodHljRjlvT21aT1dHTkNUVGxYWkVzNVprRnJZbWN6U1Mxa1EzYxAB,OSM_node_4888934656,5,"Bậc cao, leo rất căng chân, trẻ em sẽ hơi vất một chút, và đường leo núi rất nhiều muỗi. Nhưng lên đến nơi thì rất đẹp!",3 tháng trước,,Google Maps,2026-08-29T06:37:30+00:00
google_maps_Ci9DQUlRQUNvZENodHljRjlvT2s1eVdXMDVUbGR1ZVhBeFgzQlNTMXBmWkZGTlNIYxAB,OSM_node_4888934656,5,Trải nghiệm lên đây bằng con đường đi bộ leo núi không quá khó so với những chặng leo núi khác. Nhưng khi leo đến nơi có thể ngắm trọn vẹn phong cảnh non nước cùng tượng đài Thánh Gióng. Chỉ tiếc hôm đi trời quá nhiều bụi mù nên không ngắm trọn vẹn được hết phong cảnh. Nhưng tôi hy vọng sẽ được đến và trải nghiệm nơi đây trong một ngày đẹp trời hơn.,4 tháng trước,,Google Maps,2026-08-29T06:37:30+00:00
google_maps_Ci9DQUlRQUNvZENodHljRjlvT21WbE9XaENhbEpzVUU5UE5qSm9NRXhGT0RsMFVYYxAB,OSM_node_4888934656,5,"Một địa điểm gắn với truyền thuyết Thánh Gióng đánh giặc ngoại xâm, địa điểm vị trí đẹp, có nhiều ý nghĩa dân gian Việt Nam, nên đến thăm!",6 tháng trước,,Google Maps,2026-08-29T06:37:30+00:00
google_maps_Ci9DQUlRQUNvZENodHljRjlvT21zdGMzSTFkekZ4YldWa2NuaEphM0pMVVRrMGNIYxAB,OSM_node_4888934656,5,"Có nhiều các để đi lên đến Gióng. Bạn có thể đi xe máy , oto hoặc neo núi tùy thích bạn trải nghiệm",6 tháng trước,,Google Maps,2026-08-29T06:37:30+00:00
google_maps_Ci9DQUlRQUNvZENodHljRjlvT25Gck4wSlphbmxPWkdsdVpWZExNVVJxYjFsU2JHYxAB,OSM_node_4888934656,5,"Nơi để tĩnh tâm, hoà mình với thiên nhiên và rèn luyện sức khoẻ",4 tháng trước,,Google Maps,2026-08-29T06:37:30+00:00
google_maps_Ci9DQUlRQUNvZENodHljRjlvT2pSWlNsQmxRa2g0VDFSRVYxQjBYMFJHVTBWSWJHYxAB,OSM_node_4888934656,5,Khu vực tượng đài nên đến đối với người yêu lịch sử và văn hoá dân gian Việt Nam,5 tháng trước,,Google Maps,2026-08-29T06:37:30+00:00
google_maps_Ci9DQUlRQUNvZENodHljRjlvT21aa1FsQkdUbGM0V0RVeFMzUmFkRGR1Y2tONFIyYxAB,OSM_node_4888934656,5,"Thánh Gióng (chữ Nôm: 聖揀), hiệu là Phù Đổng Thiên Vương (chữ Hán: 扶董天王) hay Sóc Thiên vương (朔天王), là một nhân vật trong truyền thuyết Việt Nam, một trong bốn vị thánh mà người Việt gọi là Tứ bất tử trong tín ngưỡng dân gian Việt Nam. Ông …",8 tháng trước,,Google Maps,2026-08-29T06:37:30+00:00
google_maps_Ci9DQUlRQUNvZENodHljRjlvT25SMWVFWmxUM1pFWlV0NE9FbzRkRXh5ZEd4emJHYxAB,OSM_node_4888934656,5,Tự hào là người con quê hương Sóc Sơn - vùng đất thiêng liêng nơi Thánh Gióng đặt chân qua 🧡,3 tháng trước,,Google Maps,2026-08-29T06:37:30+00:00
google_maps_Ci9DQUlRQUNvZENodHljRjlvT21wWGVHRnBha3RTUlVoa1ozUkRUSE5uVkdGMlNWRRAB,OSM_node_4888934656,5,Điểm đến tâm linh không thể bỏ qua khi đến Sóc Sơn Khuôn viên Đền Thờ đang được đầu tư cải tạo rất nhiều,3 tháng trước,,Google Maps,2026-08-29T06:37:30+00:00
google_maps_Ci9DQUlRQUNvZENodHljRjlvT21sRFkxRkJaMUEzVm0xNlpVdHdTbWd3T0ZscGRIYxAB,OSM_node_4888934656,4,"Tượng đài thánh gióng ở trên đỉnh núi Đá Chồng với độ cao khoảng 300m có 2 lối đi bộ lên và 1 đường xe ô tô lên, đi vào mùa hè sẽ khá nắng và oi bức, tuy nhiên bạn có thể đi lên vào mùa thu và mùa xuân khá mát mẻ. Tượng đài và bệ thờ dường như làm bằng đồng đúc nguyên khối, tượng đài thánh gióng trẻ trung uy nghiêm. Từ đỉnh núi có thể vọng mắt nhìn xa quang cảnh Sóc Sơn",9 tháng trước,,Google Maps,2026-08-29T06:37:30+00:00
google_maps_Ci9DQUlRQUNvZENodHljRjlvT21Wa1dEZFhRVGd6UmxOemJrNXJURlZYZURRNU9YYxAB,OSM_node_4888934656,4,Địa điểm lý tưởng cho các tay đạp xe Hà nội tập luyện leo núi,7 tháng trước,,Google Maps,2026-08-29T06:37:30+00:00
google_maps_Ci9DQUlRQUNvZENodHljRjlvT25rMk1UbDZPSGxzVG1JMVJpMUNZa0l6UzNOV2JtYxAB,OSM_node_4888934656,5,"Tượng Đài Đẹp , Trang Nghiêm,Hùng Vĩ đi xe máy lên phải số 2 mới lên đk",Thời gian chỉnh sửa: 7 tháng trước,,Google Maps,2026-08-29T06:37:30+00:00
google_maps_Ci9DQUlRQUNvZENodHljRjlvT2xreVRuWnBMWEV3TkRkWE5FOXVPRGc0Y3pkS2FHYxAB,OSM_node_4888934656,5,"Nếu bạn đang tìm một nơi vừa **hít thở không khí trong lành**, vừa **có chút tâm linh và lịch sử Việt Nam**, thì **Tượng đài Thánh Gióng ở núi Sóc Sơn** là một điểm đến đáng để thử ít nhất một lần …",10 tháng trước,,Google Maps,2026-08-29T06:37:30+00:00
google_maps_Ci9DQUlRQUNvZENodHljRjlvT2pkZmRYVmtOR3c0WlY4MFYyTnlUV1l3V0RWdFJFRRAB,OSM_node_4888934656,5,"Tượng đài đẹp. Đường lên hơi cua lắt léo. Nhưng lên đến nơi thì chỉ có tượng đài, xung quanh hoang sơ chỉ có 1 hàng nước nên hơi bị tẻ nhạt.",6 tháng trước,,Google Maps,2026-08-29T06:37:30+00:00
google_maps_ChdDSUhNMG9nS0VJQ0FnTURBcmNDZGhBRRAB,OSM_node_4888934656,5,"Tượng đài Thánh Gióng được khánh thành ngày 5 tháng 10 năm 2010, trên đỉnh núi Sóc, thuộc khu du lịch tâm linh đền Sóc - Chùa Non, xã Phù Linh, huyện Sóc Sơn. Tượng được đặt tại nơi tương truyền rằng sau khi dẹp xong giặc Ân, cậu bé làng Phù Đổng đã cởi áo giáp, vẫy chào quê hương bay về trời.",một năm trước,,Google Maps,2026-08-29T06:37:30+00:00
google_maps_Ci9DQUlRQUNvZENodHljRjlvT2tVNVpWOWtPVWxmZG5Cd1JUVTBTVVpuT0RodldHYxAB,OSM_node_4888934656,4,Kỷ niệm về một truyền thuyết. Đường lên đỉnh Sóc Sơn dễ đi và cũng gần Việt phủ. Trải nghiệm ngắm cảnh và thưởng thức các món ăn truyền thống cũng rất hay.,11 tháng trước,,Google Maps,2026-08-29T06:37:30+00:00
google_maps_Ci9DQUlRQUNvZENodHljRjlvT21WSVltbEpMV2szVkc5NWFXTnRTSFJQWlY5cWVIYxAB,OSM_node_4888934656,5,"Một trải nghiệm thú vị, thử sức cuối tuần với con dốc thần sầu cho người mới đạp xe. Phải nói là: rất tuyệt vời! Không khí trong lành và mát mẻ.",8 tháng trước,,Google Maps,2026-08-29T06:37:30+00:00
google_maps_Ci9DQUlRQUNvZENodHljRjlvT2xSd2VFaFFPRkp1TWxSWFNGVnBXSFl3UjBOQ1lVRRAB,OSM_node_4888934656,5,"Một ngày nắng đẹp trời, tôi đi tới nơi đây, thật khó khăn khi phải đi bộ băng qua con đường sau núi để lên tới đây. Nhưng cảnh sắc trên này rất đẹp và hùng vĩ, trời quang và ít mây làm cho tầm nhìn rộng và xa, có thể nhìn bao quát cả một vùng phía dưới. Rất đáng để mọi người trải nghiệm, hãy thử leo lên bằng con đường bộ dù cây cỏ khá um xùm và nhiều ong.",9 tháng trước,,Google Maps,2026-08-29T06:37:30+00:00
google_maps_Ci9DQUlRQUNvZENodHljRjlvT2xkWmIwNVJkM2RJUVZJMk1FSjNkVmcwVEcxNFFsRRAB,OSM_node_4888934656,5,"Một trong những trải nghiệm thú vị khi đến tượng đài là hành trình leo núi. Bạn có thể lựa chọn đi bộ theo những bậc thang đá, hoặc đi xe theo con đường uốn lượn quanh núi. Dù đi theo cách nào, hành trình này cũng mang lại cảm giác thư giãn …",11 tháng trước,,Google Maps,2026-08-29T06:37:30+00:00
google_maps_Ci9DQUlRQUNvZENodHljRjlvT2pCZmEzZEZjSFpEV25JemRVOTNkMlJyVjNGUmFYYxAB,OSM_node_4888934656,4,"Địa điểm nằm trên ngọn núi, không gian rộng, buông tầm mắt xuống phố huyện. Công trình văn hoá bề thế, uy nghiêm. Lối lên hơi khó nếu đi xe. Đi bộ từ Đền Hạ lên cũng khá xa.Nằm trong Khu quần thể thăm quan du lịch Đền Sóc- Chùa Non Nước, đáng để du khách ghé qua.",11 tháng trước,,Google Maps,2026-08-29T06:37:30+00:00
google_maps_ChdDSUhNMG9nS0VJQ0FnTURBdzdLZ2lnRRAB,OSM_node_4888934656,5,"Tượng đài Thánh Gióng được đúc bằng đồng, uy nghi hùng vĩ trên đỉnh núi Sóc, đường bộ leo có nhiều con dốc, leo lưng đồi có chùa Non Nước rất đẹp, với những ai sk ko cho phép có thể đi xe máy/ô tô lên đó, dịch vụ xe ôm và xe khách 16c trở xuống rất thuận tiện",một năm trước,,Google Maps,2026-08-29T06:37:30+00:00
google_maps_ChZDSUhNMG9nS0VJQ0FnTURnMDlYTUZnEAE,OSM_node_4888934656,5,"Tượng đài Thánh Gióng nằm trên đỉnh núi Đá Chồng, Sóc Sơn, là biểu tượng oai hùng của dân tộc Việt Nam. Bức tượng bằng đồng cao 11m, thể hiện hình ảnh Thánh Gióng cưỡi ngựa sắt bay lên trời, mang khí thế mạnh mẽ và tinh thần quật cường. …",một năm trước,,Google Maps,2026-08-29T06:37:30+00:00
google_maps_Ci9DQUlRQUNvZENodHljRjlvT25GaFFtdHdaa2d0Vlc1RGFsZDZUakUyYjNGQlowRRAB,OSM_node_4888934656,5,"Rất thích hợp cho hoạt động đạp xe, đi bộ. Đường lên có độ dốc khá cao, nếu đạp xe nên chuẩn bị trước thể lực và tinh thần Cảnh quan vẫn giữ được nét tự nhiên, nhiều muỗi Sau khi đã lên đến đỉnh thì sẽ có tầm nhìn quanh Sóc Sơn, khá đẹp",một năm trước,,Google Maps,2026-08-29T06:37:30+00:00
google_maps_Ci9DQUlRQUNvZENodHljRjlvT2tWSFRucDZUVmhZUzNGWk0waDZVMTlrWVZWME5FRRAB,OSM_node_4888934656,5,"Đẹp, tâm linh, yên bình, thiêng liêng và tĩnh tâm",4 tháng trước,,Google Maps,2026-08-29T06:37:30+00:00
google_maps_Ci9DQUlRQUNvZENodHljRjlvT2pZNVNIZEJVamhpZVhCdWFUUkNSbkZhTkRJMFlXYxAB,OSM_node_4888934656,5,"Lối lên bằng ô tô thuận tiện, view toàn cảnh núi non",3 tháng trước,,Google Maps,2026-08-29T06:37:30+00:00
google_maps_Ci9DQUlRQUNvZENodHljRjlvT2xaSFkwaFVkRzFDYlZvM2RtazJOMFY0VTNsamNrRRAB,OSM_node_4888934656,5,Địa điểm tuyệt đối vời cho dân đạp xe Hà Nội,7 tháng trước,,Google Maps,2026-08-29T06:37:30+00:00
google_maps_ChZDSUhNMG9nS0VJQ0FnSURYd0tIY2VBEAE,OSM_node_4888934656,5,"Tượng đài Thánh Gióng là một công trình điêu khắc tọa lạc trên đỉnh núi Sóc, xã Phù Linh, huyện Sóc Sơn, Hà Nội. Tượng đài được xây dựng để tưởng nhớ công đức của Phù Đổng Thiên Vương - một vị thánh trong truyền thuyết Việt Nam. Là công trình văn hóa kỷ niệm 1000 năm Thăng Long Hà Nội.",một năm trước,,Google Maps,2026-08-29T06:37:30+00:00
google_maps_Ci9DQUlRQUNvZENodHljRjlvT21wRU5HRmxjM1JGV1VneVdDMTJSV1ZmVnpGTWJXYxAB,OSM_node_4888934656,5,"Tượng đài rất đẹp và uy nghi, vị trí cao không gian rộng lớn 🥰🤩😘 …",3 tháng trước,,Google Maps,2026-08-29T06:37:30+00:00
google_maps_Ci9DQUlRQUNvZENodHljRjlvT2t4b2JFUkNVVE5aVUZkS1FVNUtjVFJaVVRReVdHYxAB,OSM_node_4888934656,5,"Tượng đài Thánh Gióng là một công trình văn hóa – lịch sử hoành tráng, biểu tượng cho tinh thần yêu nước, ý chí quật cường và khát vọng độc lập, tự do của dân tộc Việt Nam. Đây là một trong những tượng đài lớn và ấn tượng nhất cả nước.",một năm trước,,Google Maps,2026-08-29T06:37:30+00:00
google_maps_Ci9DQUlRQUNvZENodHljRjlvT210Q05tSlVZMlJqV0UwMk4zSlRUMmxPYVVJNWNFRRAB,OSM_node_4888934656,5,"Khu tưởng niệm tri ân tượng đài Thánh Gióng. Núi non mát mẻ, cảnh sắc hữu tình nên thơ.",Thời gian chỉnh sửa: 11 tháng trước,,Google Maps,2026-08-29T06:37:30+00:00
google_maps_ChdDSUhNMG9nS0VJQ0FnSURmZ01uaTNBRRAB,OSM_node_4888934656,5,"Đường lên quanh co và khá dốc, hẹp. Các bạn đi xe máy tay ga nên cẩn trọng. Tượng đài rất đẹp. Nhưng không gian nhỏ hơn tưởng tượng một chút.",một năm trước,,Google Maps,2026-08-29T06:37:30+00:00
google_maps_Ci9DQUlRQUNvZENodHljRjlvT21sclNISmZWVkZQUTA1MllrVk1ORVZIYWpOd2RtYxAB,OSM_node_4888934656,5,"Siêu đẹp, hà nội năm trọn trong tầm nhìn của bạn. Nơi yêu thích của những người thích rèn luyện leo bộ trong không khí thanh sạch yên tĩnh",11 tháng trước,,Google Maps,2026-08-29T06:37:30+00:00
google_maps_ChZDSUhNMG9nS0VJQ0FnSUNqOE9Md0p3EAE,OSM_node_4888934656,5,"Một năm đi nơi này mấy lần liền, cho bọn trẻ leo núi hút thở không khí trong lành rất tốt, khoẻ người. Luôn cố gắng leo lên đỉnh tượng đài Thánh Gióng rồi mới xuống. Mình đi đủ 4 mùa, mua xuân & thu đi thích, mát mẻ dễ chịu. Mùa đông thì hơi vắng, mùa hè nhiều ong vò vẽ nguy hiểm. Lúc xuống cho chim bồ câu và cá ăn, bọn trẻ rất thích, nghỉ ngơi 1 lúc rồi về.",2 năm trước,,Google Maps,2026-08-29T06:37:30+00:00
google_maps_ChZDSUhNMG9nS0VJQ0FnSUNqbi1tWUxREAE,OSM_node_4888934656,4,"Lên tượng đài thấy rất thú vị. Đỉnh núi rõ cao, lên bằng xe máy mà mình cũng thấy kinh cả người=)). Nói chung là cảnh rất đẹp nhé mọi người, lên cao nhìn được các khối nhà, con đường, được gió mát thổi vào tai cảm giác như mình đang chinh …",2 năm trước,,Google Maps,2026-08-29T06:37:30+00:00
google_maps_ChdDSUhNMG9nS0VJQ0FnSURkeHJER3ZBRRAB,OSM_node_4888934656,5,"Lên đền gióng khá thuận lợi, dễ đi, đi vào dịp lễ tết âm lên mất 30k gửi xe. Độ dốc đèo bình thường, có 1 vài điểm cua tay áo dốc 10%.",2 năm trước,,Google Maps,2026-08-29T06:37:30+00:00
google_maps_ChdDSUhNMG9nS0VJQ0FnSUNCcmJiMTBRRRAB,OSM_node_4888934656,4,"Tượng đài Thánh Gióng - một lựa chọn cho các bạn thích trải nghiệm bằng xe đạp. Xuất phát tại cổng Times City. Quãng đường Đi và về hơn 80km. Đi theo Đường Võ Nguyên Giáp hướng sân bay - rẽ đường đi Mai Đình, đi qua làng Đông Sơn và hướng vào quốc lộ 35 là đến đến tượng đài Thánh Gióng. Theo các đapper kinh nghiệm việc đi lại cần tránh QL 3 vì đường này thường đông xe tải. Đoạn dốc lên tượng đài Thánh Gióng khoảng 3km và khá thách thức. Tip: Ko đạp được thì dắt bộ. Ăn sáng đầy đủ. (Đoạn rẽ QL2 và QL 18 có nhiều quán để ăn sáng). 😜 — with Rồng Au and 2 others at Tượng đài Thánh Gióng.",3 năm trước,,Google Maps,2026-08-29T06:37:30+00:00
google_maps_ChdDSUhNMG9nS0VJQ0FnSUN2dF9Mb2hnRRAB,OSM_node_4888934656,5,"Địa điểm tham quan khi đến Sóc Sơn. Cảnh quan khá chill, không khí mát mẻ. Giữ xe máy 10k",một năm trước,,Google Maps,2026-08-29T06:37:30+00:00
google_maps_Ci9DQUlRQUNvZENodHljRjlvT2t0clJubDRPRGd3ZDNZMVdHVlBiRkYzWHpCQ1EzYxAB,OSM_node_4888934656,5,Tượng đài rất đẹp linh thiêng ạ. Nhân duyên nếu ai dc đến day ạ,7 tháng trước,,Google Maps,2026-08-29T06:37:30+00:00
google_maps_ChdDSUhNMG9nS0VJQ0FnSURQNGVqZjl3RRAB,OSM_node_4888934656,5,"Tượng đài Thành Gióng tại Sóc Sơn, khu du lịch tâm linh tại núi Tam Đảo, cao 292m. Địa điểm để tham quan leo núi, đi trong ngày hưởng không khí xanh mát.",một năm trước,,Google Maps,2026-08-29T06:37:30+00:00
google_maps_Ci9DQUlRQUNvZENodHljRjlvT2xFMU5UWXRiR3BXT1hJeFMxVkhNRk4wTTFGc1FVRRAB,OSM_node_4888934656,5,"Khuôn viên rộng rãi, sạch đẹp với nhiều cây xanh. Chúng tôi đã có chuyến đi an toàn, vui khoẻ !",7 tháng trước,,Google Maps,2026-08-29T06:37:30+00:00
google_maps_Ci9DQUlRQUNvZENodHljRjlvT214alpVZGhkRGhIY2xOM2NuTTRNRXRMVlVveVJVRRAB,OSM_node_4888934656,5,"Thích đẹp. Chuyến đầu chạy Ex đến chân dốc thì mưa dông, đến đỉnh, mưa xối xả kèm sấm chớp nên quay xuống. Chuyến sau chạy Vcan, đến đỉnh dừng thì bị đổ. Quay xuống rồi lên lần nữa.",4 tháng trước,,Google Maps,2026-08-29T06:37:30+00:00
google_maps_ChZDSUhNMG9nS0VJQ0FnSUQ5d1ppRENREAE,OSM_node_4888934656,5,"Mình chọn điểm này để tập Leo cầu thang, bậc thang cao, không khí trong lành! Dịch vụ trông xe và trạm nước nghỉ giá hợp lý! Một nơi rất gần Hanoi để đến thăm tượng Thánh Gióng và rèn luyện sức khỏe!",2 năm trước,,Google Maps,2026-08-29T06:37:30+00:00
google_maps_Ci9DQUlRQUNvZENodHljRjlvT2trMlFYSktTbVpUV25KNFZsbEtVSEZsY0RKaFFWRRAB,OSM_node_4888934656,5,"Địa điểm nổi tiếng trong truyền thuyết mà ta có thể tận mắt chứng kiến ngoài đời thực. Một nơi chứng minh cho sự quật cường và diệu kỳ của dân tộc Việt Nam. Đường lên tượng đài là một con dốc dài 2,5km mà bất cứ một độp thủ nào cũng mong muốn một lần chinh phục.",một năm trước,,Google Maps,2026-08-29T06:37:30+00:00
google_maps_ChZDSUhNMG9nS0VJQ0FnSURiLXRmdURBEAE,OSM_node_4888934656,4,"Đẹp. Tượng đài rất to, hùng vĩ. Cảnh quan sát từ núi xuống rất thơ mộng. Các chị làm dịch vụ chụp ảnh đứng quanh tượng lớn tiếng, kéo khách chụp hình kiếm tiền. Có thể nghe thấy tiếng súng tập bắn ở trường bắn gần đó",2 năm trước,,Google Maps,2026-08-29T06:37:30+00:00
google_maps_Ci9DQUlRQUNvZENodHljRjlvT21nMWNHeG5NV1Z5Ym1WTVUxUlJlVTFpY1RCNWNuYxAB,OSM_node_4889087244,5,"Bảo tàng rất nhiều hiện vật được trưng bày, hướng dẫn viên chia sẻ nhiều thông tin rất hữu ích, bảo tàng có app để có thể tham quan bảo tàng online",một tháng trước,,Google Maps,2026-08-29T06:38:09+00:00
google_maps_Ci9DQUlRQUNvZENodHljRjlvT21sdlZHeHpTVmxaTlY5MlJXeDZaelYwVUdKT05IYxAB,OSM_node_4889087244,5,"Bảo tàng vắng nhưng có nhiều hiện vật cổ giá trị, sống động",2 tháng trước,,Google Maps,2026-08-29T06:38:09+00:00
google_maps_ChZDSUhNMG9nS0VMS0Q3c3k3aE1MRUdBEAE,OSM_node_4889087244,5,"Mình đi vào chiều thứ Tư nắng vỡ đầu, được đồng chí tên Đại che ô cho lúc đi dưới sân lên (cảm ơn anh nhiều nhiều). Bảo tàng vắng vẻ, yên tĩnh, hữu duyên một mình một bảo tàng hẹ hẹ. …",Thời gian chỉnh sửa: một năm trước,,Google Maps,2026-08-29T06:38:09+00:00
google_maps_Ci9DQUlRQUNvZENodHljRjlvT2tSNVNXMTBkRUkyZFROT056bEpWazU1Y0RKc2JWRRAB,OSM_node_4889087244,5,Tham quan bảo tàng để biết về lịch sử truyền thống ngành hậu cần - kỹ thuật rất vinh dự và tự hào,10 tháng trước,,Google Maps,2026-08-29T06:38:09+00:00
google_maps_ChZDSUhNMG9nS0VJQ0FnSUNQZzVYUEdREAE,OSM_node_4889087244,5,Bảo tàng có 2 tầng trưng bày hiện vật và 1 khu trưng bày xe ở ngoài Không mất phí gửi xe hay vé tham quan Khuôn viên rộng và hữu duyên sẽ gặp được bé moè siêu yêu nhé 🤣,Thời gian chỉnh sửa: một năm trước,,Google Maps,2026-08-29T06:38:09+00:00
google_maps_ChdDSUhNMG9nS0VJQ0FnSUNCdjdQZjN3RRAB,OSM_node_4889087244,5,Hơi khó tìm đường vào nhưng khá thú vị. Bào tàng có trang bị các kiot khá hiện đại. Và đặc biệt không mất vế thăm quan. Hôm mình đi vội quá nên chưa đi hết tầng 2 được.,3 năm trước,,Google Maps,2026-08-29T06:38:09+00:00
google_maps_ChdDSUhNMG9nS0VJQ0FnSURyMkkyQy1BRRAB,OSM_node_4889087244,3,"Bảo tàng có khuôn viên rộng và khang trang sạch sẽ khu vực Mỹ Đình 1. Địa chỉ cụ thể là số 01, ngõ 2 đường Hoàng Trọng Mậu. Tương lai đường làm hoàn thiện thì lối đi lại vào tham quan sẽ được dễ đàng còn nay đang bị khuất nẻo trong khu vực dân cư giáp lai Đình Thôn,...",2 năm trước,,Google Maps,2026-08-29T06:38:09+00:00
google_maps_Ci9DQUlRQUNvZENodHljRjlvT25oMWRERTRiekpHTkZCRWRuVmFZV1pXVmtkS1FYYxAB,OSM_node_4889087244,4,Bảo tàng cũng khá là nhiều hiện vật dù không gian không quá rộng so với những bảo tàng mình từng đi nhưng không sao vẫn tha hồ khám phá. …,8 tháng trước,,Google Maps,2026-08-29T06:38:09+00:00
google_maps_ChdDSUhNMG9nS0VJQ0FnSURNLWZUdzd3RRAB,OSM_node_4889087244,5,Bảo tàng nơi lưu giữ những kỉ vật lịch sử..,6 năm trước,,Google Maps,2026-08-29T06:38:09+00:00
google_maps_ChdDSUhNMG9nS0VJQ0FnSUM0MFplMXhBRRAB,OSM_node_4889087244,5,"Hôm qua đến Bảo tàng Hậu cần Quân đội thăm người anh em vừa rồi cùng đi Trường Sa với mình. Đại tá Tiến sĩ Đào Hải Triều, Giám đốc Bảo tàng. Trong chuyến ra Trường Sa, DK1 anh mang về 6 lá cờ từng treo trên các đảo và Nhà giàn. Những lá cờ Tổ quốc không bao giờ ngừng bay trên đảo, nhà giàn, khẳng định chủ quyền của đất nước Việt Nam.",7 năm trước,,Google Maps,2026-08-29T06:38:09+00:00
google_maps_ChZDSUhNMG9nS0VJQ0FnSUNqak1LbFN3EAE,OSM_node_4889087244,5,"1 nơi yên tĩnh, không khí thoáng đãng ngay Thủ Đô HN, Bảo tàng rộng rãi yên tĩnh và nhiều cây xanh, có nhiều phương tiện, khí tài đã từng phục vụ QĐNDVN thời kỳ chiến tranh",2 năm trước,,Google Maps,2026-08-29T06:38:09+00:00
google_maps_ChdDSUhNMG9nS0VJQ0FnSUNreW9xdXFRRRAB,OSM_node_4889087244,3,Tổng kết và trao giải cuộc thi 70 năm ngành Vận tải Quân sự.,7 năm trước,,Google Maps,2026-08-29T06:38:09+00:00
google_maps_ChdDSUhNMG9nS0VJQ0FnSUNkNk4tSV9RRRAB,OSM_node_4889087244,5,Bảo tàng khá là khó tìm dù mình ở ngay gần đấy nhưng không nhận ra. Bảo tàng khá là to và nhiều không gian thú vị bên trong.,2 năm trước,,Google Maps,2026-08-29T06:38:09+00:00
google_maps_ChZDSUhNMG9nS0VJQ0FnSUNSN05DT1B3EAE,OSM_node_4889087244,5,"Bảo tàng Hậu cần đẹp, trưng bày nhiều hiện vật có giá trị lịch sử của ngành Hậu cần Quân đội, không mất tiền vé, hướng dẫn viên nhiệt tình",3 năm trước,,Google Maps,2026-08-29T06:38:09+00:00
google_maps_Ci9DQUlRQUNvZENodHljRjlvT2psWlNGZHJWa2xaT1ROSVduSm9kVGRwVmxjeGNVRRAB,OSM_node_4889087244,5,"Bảng tàng rộng, nhiều hiện vật",5 tháng trước,,Google Maps,2026-08-29T06:38:09+00:00
google_maps_ChdDSUhNMG9nS0VJQ0FnSUNSLXNEa2pRRRAB,OSM_node_4889087244,5,"Bảo tàng Hậu cần Quân đội- “điểm đến của lịch sử”. Bạn hãy đến tham quan và trải nghiệm ngay và luôn nhé, rất thú vị. Thật đó, tin tôi đi.",3 năm trước,,Google Maps,2026-08-29T06:38:09+00:00
google_maps_ChdDSUhNMG9nS0VJQ0FnTUNBMDZXSGxBRRAB,OSM_node_4889087244,3,"Không gian rộng, vắng người",một năm trước,,Google Maps,2026-08-29T06:38:09+00:00
google_maps_ChdDSUhNMG9nS0VJQ0FnSUNtNE1TZm9BRRAB,OSM_node_4889087244,5,Lính ngĩa vụ 2020 - 2021 mãi yêu Bảo Tàng Hậu Cần ❤️❤️😍 …,4 năm trước,,Google Maps,2026-08-29T06:38:09+00:00
google_maps_ChdDSUhNMG9nS0VJQ0FnSURSb3ZlZzZnRRAB,OSM_node_4889087244,1,"Bảo tàng trưng bày đẹp, cảnh quan cũng rất đẹp. Nhiều hiện vật có giá trị, điểm đến cho nhưng ai yêu thích khám phá",3 năm trước,,Google Maps,2026-08-29T06:38:09+00:00
google_maps_ChdDSUhNMG9nS0VJQ0FnSUNJdHBDT3ZRRRAB,OSM_node_4889087244,4,"- Bảo tàng Hậu Cần là bảo tàng lịch sử quân sự chuyên về ngành hậu cần quân đội. Bảo tàng Hậu Cần hiện đang lưu trữ và trưng bày hàng ngàn hiện vật, tư liệu, hình ảnh phản ánh quá trình xây dựng, chiến đấu, trưởng thành của ngành hậu cần …",7 năm trước,,Google Maps,2026-08-29T06:38:09+00:00
google_maps_ChZDSUhNMG9nS0VJQ0FnSURZX3RUcUp3EAE,OSM_node_4889087244,5,"Bước chân vào bảo tàng cảm giác rất thú vị. Có cơ hội Phiên dịch viên tiếng TRung của Đáo dịch sẽ tiếp tục tới! Địa chỉ: Tầng 2 Số 173 Đình Thôn, Mỹ Đình, Từ Liêm, Hà Nội",7 năm trước,,Google Maps,2026-08-29T06:38:09+00:00
google_maps_ChdDSUhNMG9nS0VJQ0FnSUM5Ny12dDRnRRAB,OSM_node_4889087244,5,Tôi đã có một trải nghiệm tuyệt vời tại đây,2 năm trước,,Google Maps,2026-08-29T06:38:09+00:00
google_maps_ChZDSUhNMG9nS0VJQ0FnSURoaGJYck1REAE,OSM_node_4889087244,1,"Phải đợi tầm 8-9p vì không thấy ai gác cổng, khi gặp được thì thái độ khó chịu, nên về luôn.",3 năm trước,,Google Maps,2026-08-29T06:38:09+00:00
google_maps_ChdDSUhNMG9nS0VJQ0FnSUMwMWRYWXdnRRAB,OSM_node_4889087244,3,"Bảo tàng của hậu cần Việt Nam, lịch sử thời kỳ kháng chiến cho những ai thích khám phá văn hóa lịch sử dân tộc",6 năm trước,,Google Maps,2026-08-29T06:38:09+00:00
google_maps_ChdDSUhNMG9nS0VJQ0FnSUNjdFozMzdBRRAB,OSM_node_4889087244,5,Bảo tàng nơi lưu giữ những kỉ niệm của quân và dân việt nam. Thật tự hào,6 năm trước,,Google Maps,2026-08-29T06:38:09+00:00
google_maps_ChdDSUhNMG9nS0VJQ0FnSUN3cnIzWF9RRRAB,OSM_node_4889087244,5,là nơi lưu trữ những tài liệu về tổng cục hậu cần của việt nam . có sân khá rộng,8 năm trước,,Google Maps,2026-08-29T06:38:09+00:00
google_maps_ChZDSUhNMG9nS0VJQ0FnSUNIaE9peVFnEAE,OSM_node_4889087244,5,Tuyệt vời,một năm trước,,Google Maps,2026-08-29T06:38:09+00:00
google_maps_ChdDSUhNMG9nS0VJQ0FnSURSb3ZlcGhnRRAB,OSM_node_4889087244,5,"Cảnh quan đẹp, có nhiều hiện vật giá trị, thuyết minh viên hướng dẫn nhiệt tình!",3 năm trước,,Google Maps,2026-08-29T06:38:09+00:00
google_maps_ChZDSUhNMG9nS0VJQ0FnSUNla2RiT2R3EAE,OSM_node_4889087244,5,"Rất hữu ích cho trẻ trên 10 tuổi, xem và hiểu được ý nghĩa của Quân Đội Nhân Dân Việt Nam.",3 năm trước,,Google Maps,2026-08-29T06:38:09+00:00
google_maps_ChZDSUhNMG9nS0VJQ0FnSUNqZzd1cWRBEAE,OSM_node_4889087244,5,Rất đẹp,2 năm trước,,Google Maps,2026-08-29T06:38:09+00:00
google_maps_ChdDSUhNMG9nS0VJQ0FnSUQ4czlpVzVnRRAB,OSM_node_4889087244,3,Bảo tàng về đơn vị hậu cần quân đội nhân dân Việt Nam,6 năm trước,,Google Maps,2026-08-29T06:38:09+00:00
google_maps_ChdDSUhNMG9nS0VJQ0FnSURZdy1qYjBnRRAB,OSM_node_4889087244,5,Ở đây sẽ cho bạn biết công việc hậu cần của quân đội ta đánh thắng giặc như thế nào,7 năm trước,,Google Maps,2026-08-29T06:38:09+00:00
google_maps_ChZDSUhNMG9nS0VJQ0FnSUNnbjdhOVVnEAE,OSM_node_4889087244,5,Nhiều bổ ích,8 năm trước,,Google Maps,2026-08-29T06:38:09+00:00
google_maps_ChZDSUhNMG9nS0VJQ0FnSUNVc0pQX0xnEAE,OSM_node_4889087244,5,"Dễ tìm, cho trẻ em tới chụp ảnh cùng các ô tô Hậu Cần được.",7 năm trước,,Google Maps,2026-08-29T06:38:09+00:00
google_maps_ChZDSUhNMG9nS0VJQ0FnSUMweXRfblVREAE,OSM_node_4889087244,5,Bảo tàng làm việc trách nhiệm. Có cho thuê hội trường,6 năm trước,,Google Maps,2026-08-29T06:38:09+00:00
google_maps_ChZDSUhNMG9nS0VJQ0FnSURRMkp6cVp3EAE,OSM_node_4889087244,3,"Đơn điệu, sơ sài và nhạt nhẽo. Cần bổ sung thêm nhiều hạng mục di vật hơn nữa.",8 năm trước,,Google Maps,2026-08-29T06:38:09+00:00
google_maps_ChZDSUhNMG9nS0VJQ0FnSURnd3VhV2JnEAE,OSM_node_4889087244,3,"Bảo tàng có vài chiếc xe ô tô cũ, chả có gì",7 năm trước,,Google Maps,2026-08-29T06:38:09+00:00
google_maps_ChdDSUhNMG9nS0VJQ0FnSURVaHNqNGpBRRAB,OSM_node_4889087244,5,"Bảo tàng hậu cần, khu quân sự của quân fdooij việt nam",7 năm trước,,Google Maps,2026-08-29T06:38:09+00:00
google_maps_ChdDSUhNMG9nS0VJQ0FnSURVLW8ybS13RRAB,OSM_node_4889087244,4,"Thật sự có rất nhiều cái hay mọi người hãy thử tới đó nhá,😉😉 …",7 năm trước,,Google Maps,2026-08-29T06:38:09+00:00
google_maps_ChdDSUhNMG9nS0VJQ0FnSURodjg3amtBRRAB,OSM_node_4889087244,1,1 trải nghiệm tệ về thái độ. Còn cảnh quan cùng được,3 năm trước,,Google Maps,2026-08-29T06:38:09+00:00
google_maps_ChZDSUhNMG9nS0VJQ0FnSUN4NVpxUVhREAE,OSM_node_4889087244,5,"Sinh động, nội dung phong phú, thuận tiện trong tra cứu thông tin.",3 năm trước,,Google Maps,2026-08-29T06:38:09+00:00
google_maps_ChdDSUhNMG9nS0VJQ0FnSUNJd19PS2hRRRAB,OSM_node_4889087244,5,"Là nơi nên ghé thăm, nhất là đối với học sinh trung học",7 năm trước,,Google Maps,2026-08-29T06:38:09+00:00
google_maps_ChZDSUhNMG9nS0VJQ0FnSUMwd3FUOUFREAE,OSM_node_4889087244,5,"bảo tàng nằm trong ngõ nhỏ, khá khó tìm",6 năm trước,,Google Maps,2026-08-29T06:38:09+00:00
google_maps_ChdDSUhNMG9nS0VJQ0FnSUNFX2RLYy1nRRAB,OSM_node_4889087244,5,"Nơi lưu giữ, giới thiệu về ngành vận tải quân sự",7 năm trước,,Google Maps,2026-08-29T06:38:09+00:00
google_maps_ChZDSUhNMG9nS0VJQ0FnSURrdkl2MEx3EAE,OSM_node_4889087244,5,"Quang cảnh đẹp, có nhiều di sản lịch sử quý giá",7 năm trước,,Google Maps,2026-08-29T06:38:09+00:00
google_maps_ChZDSUhNMG9nS0VJQ0FnSUNnM0lpUFBREAE,OSM_node_4889087244,4,Có hội trường tổ chứ tiệc cưới khá rộng rãi.,8 năm trước,,Google Maps,2026-08-29T06:38:09+00:00
google_maps_ChdDSUhNMG9nS0VJQ0FnSUN4MS1PQTFRRRAB,OSM_node_4889087244,5,hay cho trẻ con vào sân chơi thoải mái,3 năm trước,,Google Maps,2026-08-29T06:38:09+00:00
google_maps_ChdDSUhNMG9nS0VJQ0FnSUQ1NXBUVWhRRRAB,OSM_node_4889087244,5,"Yên tĩnh, chuyên nghiệp.",2 năm trước,,Google Maps,2026-08-29T06:38:09+00:00
google_maps_ChdDSUhNMG9nS0VJQ0FnSURBeTdPMHpBRRAB,OSM_node_4889087244,4,Bài trí đẹp tuy nhiên hơi ít hiện vật,9 năm trước,,Google Maps,2026-08-29T06:38:09+00:00
google_maps_ChdDSUhNMG9nS0VJQ0FnSURncWJMc2dBRRAB,OSM_node_4889087244,5,có nhiều xe sư dụng từ thời chiên tranh,10 năm trước,,Google Maps,2026-08-29T06:38:09+00:00
google_maps_Ci9DQUlRQUNvZENodHljRjlvT210SmQzcFBNbU5EVTFWd2JYSlZRblZXV1daTU9GRRAB,OSM_node_4927916321,5,"Để có được một bảo tàng B52 như ngày hôm nay, người dân Hà Nội nói riêng, cũng như cả nước nói chung đã phải trải qua rất nhiều đau thương, mất mát. Người Việt mình quá giỏi khi đã khai thác được các mỏ nhôm khổng lồ bay trên bầu trời. Bảo tàng không thu vé vào cửa, chình vì vậy, bảo tàng thu hút khá nhiều đoàn khách Tây. Khuôn viên bảo tàng sạch sẽ, có nhà vệ sinh ở các tầng.",3 tháng trước,,Google Maps,2026-08-29T06:38:50+00:00
google_maps_Ci9DQUlRQUNvZENodHljRjlvT25oTWRXTlpibVJzUkZSVGFtdHhjVGxGU0c0M2RYYxAB,OSM_node_4927916321,5,"Bảo tàng trưng bày hiện vật ngoài trời và trong nhà, tuy hơi nhỏ nhưng sạch sẽ, bố trí dễ xem, miễn phí cho tất cả mọi người.",3 tháng trước,,Google Maps,2026-08-29T06:38:50+00:00
google_maps_Ci9DQUlRQUNvZENodHljRjlvT20xamVrRkVPV2REUXpBeFNYSjFlRU4xYlRGWGMwRRAB,OSM_node_4927916321,5,Nhìn xác máy bay làm cảm thấy thật hào hùng và làm mọi sự tưởng tượng của mình không thể tin nổi nó to đến thế! Người xưa thật quá giỏi,2 tháng trước,,Google Maps,2026-08-29T06:38:50+00:00
google_maps_Ci9DQUlRQUNvZENodHljRjlvT25GcFpEUkVla3BKTmtseU1qbHNhbVZRYkZSNGMxRRAB,OSM_node_4927916321,5,"Bảo tàng miễn phí với mọi người, vào xem để hiểu rằng sực mạnh tuyệt đối về vũ khí trang bị, chưa chắc đã thắng được lòng dũng cảm, sự đoàn kết và tinh thần bất khuất của quân và nhân dân Việt Nam",5 tháng trước,,Google Maps,2026-08-29T06:38:50+00:00
google_maps_Ci9DQUlRQUNvZENodHljRjlvT2t0b2NWSnlVbUZhYkZNeGJtbzFZMEp3V1cwNWFWRRAB,OSM_node_4927916321,5,"Mình đi hôm t3 lúc 8r, bảo tàng ko thu phí j hết nên thoải mái ra vào, mng nên đi thử 1 lần để thấy trong bảo tàng có gì",9 tháng trước,,Google Maps,2026-08-29T06:38:50+00:00
google_maps_Ci9DQUlRQUNvZENodHljRjlvT2pGUGRsWjFWVWxGYVc1VFNHNVdVVTV5YWpGRGJIYxAB,OSM_node_4927916321,4,"Bảo tàng Chiến thắng B-52 tại 157 Đội Cấn, Hà Nội, là nơi lưu giữ những hiện vật và tư liệu quý giá về chiến thắng “Hà Nội - Điện Biên Phủ trên không” năm 1972. Tại đây, du khách có thể chiêm ngưỡng xác máy bay B-52 bị bắn rơi, các loại vũ …",11 tháng trước,,Google Maps,2026-08-29T06:38:50+00:00
google_maps_Ci9DQUlRQUNvZENodHljRjlvT2t4Q2JGRkZlSGxsY0ZCcU5VbEZOR2xxUzNWUVQwRRAB,OSM_node_4927916321,5,"Mình ghé bảo tàng B-52 vào đúng ngày lễ nên bên trong không mở cửa, chỉ tham quan được bên ngoài. Nhưng như vậy thôi cũng rất ấn tượng. Ngay từ cổng đã thấy phần xác máy bay B-52 trưng bày, kích thước khổng lồ, nhìn tận mắt cảm giác choáng ngợp lắm. Khuôn viên bên ngoài khá rộng, thoáng mát và sạch sẽ. Có nhiều hiện vật quân sự đặt xung quanh, đi dạo một vòng vừa ngắm vừa chụp ảnh cũng rất thú vị. Không khí ở đây trang nghiêm, yên tĩnh, cảm giác rất đặc biệt, khiến mình thấy tự hào khi đứng trước những kỷ vật lịch sử. Dù không vào được bên trong nhưng mình vẫn thấy chuyến đi đáng giá. Nếu có dịp khác quay lại Hà Nội vào ngày thường, chắc chắn mình sẽ ghé thêm một lần nữa để xem đầy đủ hơn. Đây là một điểm tham quan rất nên đến khi đi Hà Nội.",11 tháng trước,,Google Maps,2026-08-29T06:38:50+00:00
google_maps_Ci9DQUlRQUNvZENodHljRjlvT210SE5GUmllRmQwVFZnMk9FeFNiMHRsU1RSWWNrRRAB,OSM_node_4927916321,5,"Bảo tàng free vé vào cửa, free cả vé gửi xe, không nhầm đâu, free vé nhé mọi người (xe máy), mình cũng hơi ngạc nhiên vì free mọi thứ như này Bảo tàng có một số hiện vật, khí tài quân sự, điểm nổi bật là xác máy bay B52 và …",một năm trước,,Google Maps,2026-08-29T06:38:50+00:00
google_maps_Ci9DQUlRQUNvZENodHljRjlvT25CUWJtbzFRMEZrWm1KbmVUaHlSR2hSVmpkTk5WRRAB,OSM_node_4927916321,4,"Bảo tàng free vé vào cửa, các hiện vật được bảo quản và giữ gìn tốt, có nhiều câu nói trich dẫn của Bác, phù hợp cho các bạn nhỏ tới để học tập. Tuy nhiên nhà vệ sinh ở tầng 2 còn rất hôi và cần cải thiện.",một năm trước,,Google Maps,2026-08-29T06:38:50+00:00
google_maps_Ci9DQUlRQUNvZENodHljRjlvT21WaFJGTm9TVlZ6UVU1RmJEUmtTbEpsWlRocFFXYxAB,OSM_node_4927916321,5,"Bảo tàng có 2 tầng, nhiều thông tin, hiện vật, bố cục trưng bày khá hợp lí. Có nhiều góc dựng minh hoạ 3 chiều, trích câu nói và tranh tuyên truyền khá đẹp.",một năm trước,,Google Maps,2026-08-29T06:38:50+00:00
google_maps_ChdDSUhNMG9nS0VJQ0FnTUNZbHNHczNBRRAB,OSM_node_4927916321,5,"Bảo tàng được xây dựng trên diện tích 1.567m2 phố Đội Cấn, quận Ba Đình - Hà Nội, gồm 2 khu vực trưng bày chính: ở ngoài trời và trong nhà. Phần trưng bày trong nhà được sắp xếp trên nguyên tắc dựa theo không gian chung của nội thất, diễn tả hình tượng “Thăng Long - Rồng bay”, tạo dựng các tổ hợp hình tượng, kết hợp các sưu tầm hiện vật điển hình nhằm khắc hoạ truyền thống của lực lượng vũ trang Thủ đô. Tầng 1 (400m2) giới thiệu truyền thống Thăng Long - Đông Đô - Hà Nội và truyền thống lực lượng vũ trang Thủ đô qua các thời kỳ lịch sử: Cách mạng tháng Tám 1945, 60 ngày đêm chiến đấu trong lòng địch (1946 - 1947), chi viện cho chiến trường miền Nam đánh Mỹ, lực lượng vũ trang Thủ đô trong giai đoạn mới... Tầng 2 (200m2) là một phòng sa bàn về trận “Điện Biên Phủ trên không”. Phía trước thể hiện địa hình Hà Nội ở thời điểm tháng 12/1972 bao gồm nhà cửa, phố xá, các trận địa rađa, tên lửa, sân bay, đài quan sát, các khu vực bị máy bay B52 của giặc Mỹ tàn phá và điểm rơi của B52... Hệ thống ánh sáng, âm thanh, tạo khói và màn hình cỡ lớn phía rước tái tạo sinh động không gian quyết liệt tháng 12/1972. 12 ngày đêm bão tố được đúc kết trong 20 phút phim với đầy đủ âm thanh chớp đạn, lửa khói, khiến người xem thực sự sống lại không khí giữa lòng Hà Nội vào tháng 12/1972. Đây thực sự là một kỳ công, có hiệu quả cao, gây được ấn tượng sâu sắc cho khách tham quan. Phần ngoài trời trưng bày những hiện vật tiêu biểu của quân dân Thủ đô như 3 cỗ súng máy của tự vệ Nhà máy dệt 8/3, dân quân xã Trâu Quỳ (Gia Lâm), liên đội tự vệ Hoàn Kiếm, Hai Bà Trưng... Hai hệ thống tên lửa SAM2, xe điều khiển của không quân Việt Nam đã bắn rơi 3 máy bay F4 của giặc Mỹ. Đặc biệt, từ xác 23 máy bay Mỹ bị bắn rơi trong trận “Điện Biên Phủ trên không”, trong đó có nhiều chiếc B52, đã được bảo tàng sắp đặt thành xác một chiếc B52 với chiều dài 48,07m, sải cánh 56,42m. Bảo tàng Chiến thắng B52 là chứng tích về chiến công lẫy lừng thế giới của quân dânThủ đô và quân đội Việt Nam anh hùng trong cuộc kháng chiến chống Mỹ cứu nước. Đến thăm bảo tàng, chúng ta sẽ được mắt thấy tai nghe về trận đánh thắng B52, thêm khâm phục, tự hào về tài trí, quyết tâm của thế hệ cha anh đã ghi một mốc sơn chói lọi vào lịch sử kháng chiến của Thủ đô và dân tộc. Bảo tàng Chiến thắng B52 còn gọi là Bảo tàng Quân khu Thủ đô./.",một năm trước,,Google Maps,2026-08-29T06:38:50+00:00
google_maps_ChZDSUhNMG9nS0VJQ0FnTUNJenFlTkpnEAE,OSM_node_4927916321,4,Ghé trong ngày cuối cùng của chuyến đi xuyên Việt đầu tiên. Khi đến thì thấy toàn mô hình kỉ niệm 30/4 của các đồng chí thôi à :))) …,một năm trước,,Google Maps,2026-08-29T06:38:50+00:00
google_maps_ChZDSUhNMG9nS0VJQ0FnTURJeE42SWVBEAE,OSM_node_4927916321,4,"Bảo tàng nằm trên đường Đội Cấn, cổng vào rộng rãi, có nhiều du khách nước ngoài đến thăm. Bảo tàng miễn phí vé vào cửa, để xe ngay trong sân bảo tàng. Bảo tàng gồm hai không gian trưng bày: khu trong nhà hai tầng tóm tắt sơ qua về chiến công của quân dân Việt Nam trong chiến dịch Điện Biên Phủ trên không (chiến dịch Linebacker II). Khu ngoài trời trưng bày xác máy bay B-52, các máy bay chiến lược của Mỹ sử dụng trong chiến dịch, và hệ thống phòng không của Việt Nam ở thời kỳ này. Nổi bật nhất là hai bệ phòng tên lửa SAM 2 đặt ngay trước lối vào bảo tàng. Điểm công, bảo tàng sạch sẽ, dễ tìm, dễ tham quan. Điểm trừ, không có quá nhiều hiện vật, chủ yếu là mô hình phục dựng và tranh ảnh. Sau khi thăm bảo tàng, các bạn có thể đi đến hồ B-52, nơi còn nguyên xác máy bay B-52 bị bắn rơi năm 1972, cũng khá gần bảo tàng.",một năm trước,,Google Maps,2026-08-29T06:38:50+00:00
google_maps_Ci9DQUlRQUNvZENodHljRjlvT2tsS0xXdzFVQzAzVUhWVk1FNHRXalY2Y2twcGRFRRAB,OSM_node_4927916321,5,Bảo tàng mở cửa miễn phí rất nhiều tư liệu quý.,7 tháng trước,,Google Maps,2026-08-29T06:38:50+00:00
google_maps_ChZDSUhNMG9nS0VJQ0FnSUNEd3EzdUx3EAE,OSM_node_4927916321,5,"Bảo tàng Chiến thắng B52 trực thuộc Cục Chính trị, Bộ Tư lệnh Thủ đô Hà Nội, là một viện bảo tàng trưng bày các loại vũ khí, khí tài, xác máy bay B52 bị bắn rơi, lưu giữ cả hình ảnh và hiện vật của quân và dân Hà Nội trong trận Điện Biên Phủ trên không năm 1972 với không quân Hoa Kỳ. Bảo tàng này được khánh thành vào ngày 22 tháng 12 năm 1997 và đặt tại 157 phố Đội Cấn, phường Đội Cấn, quận Ba Đình, thành phố Hà Nội.",2 năm trước,,Google Maps,2026-08-29T06:38:50+00:00
google_maps_ChdDSUhNMG9nS0VJQ0FnSUNEd05hNXV3RRAB,OSM_node_4927916321,5,"Bảo tàng có khuôn viên và một tầng, không lớn lắm nhưng sạch sẽ. Trong bảo tàng có khá nhiều hiện vật thú vị . Không mất vé vào bảo tàng và cũng không mất phí gửi xe . Bảo tàng nên có một chiếc tivi chiếu phim tư liệu để khách có được cái nhìn rõ ràng hơn.",2 năm trước,,Google Maps,2026-08-29T06:38:50+00:00
google_maps_Ci9DQUlRQUNvZENodHljRjlvT2xjMFNVTlJSbXBNYzJ4TWVtbHNNWEYxV0VKR05IYxAB,OSM_node_4927916321,5,"Tôi đã có dịp tham quan một bảo tàng và có trải nghiệm rất thú vị. Nơi đây trưng bày nhiều hiện vật, tư liệu quý giá giúp du khách hiểu thêm về lịch sử, văn hóa và con người Việt Nam. Không gian rộng rãi, sạch sẽ, cách bố trí khoa học nên …",2 tháng trước,,Google Maps,2026-08-29T06:38:50+00:00
google_maps_ChZDSUhNMG9nS0VJQ0FnSUNCeEk3eVhREAE,OSM_node_4927916321,5,"các bạn chú ý ! thứ 2 và thứ 6 bảo tàng đóng cửa !! chỉ mở bên ngoài thôi nhé ! bảo tàng có nhiều thứ rất thú vị ! Bảo tàng Chiến thắng B-52 tọa lạc tại địa chỉ 157 Đội Cấn, Ba Đình, Hà Nội. Đây là một bảo tàng lịch sử quân đội, nơi trưng bày các tàn tích của máy bay chiến đấu B-52, các loại vũ khí và thiết bị phòng thủ được sử dụng trong Chiến dịch Điện Biên Phủ trên không năm 1972.",Thời gian chỉnh sửa: 8 tháng trước,,Google Maps,2026-08-29T06:38:50+00:00
google_maps_ChZDSUhNMG9nS0VJQ0FnSURuLS1EUmVREAE,OSM_node_4927916321,5,Thật sự xúc động khi tới thăm Bảo tàng chiến thắng B52. những chiến hạm khủng khiếp thời đó đã rơi trên bầu trời Hà Nội. …,một năm trước,,Google Maps,2026-08-29T06:38:50+00:00
google_maps_ChZDSUhNMG9nS0VJQ0FnSUN0OU03cVlnEAE,OSM_node_4927916321,5,"Bảo tàng Chiến thắng B-52 - nơi tái hiện lại một thời kỳ vàng son và hào hùng của dân tộc. Người ta tìm đến đây để hiểu hơn về lịch sử và cũng là để vun đắp niềm tự hào về quê hương, đất nước.",2 năm trước,,Google Maps,2026-08-29T06:38:50+00:00
google_maps_Ci9DQUlRQUNvZENodHljRjlvT2xCcGJuSk5WekpoTUdOUWRIRjBOM1JhWTAxQ1RXYxAB,OSM_node_4927916321,5,"Bảo tàng hơi nhỏ, nhưng có các hiện vật trưng bày cả ngoài trời và trong nhà. Cũng là 1 địa điểm thú vị để cho các con đi tìm hiểu",3 tháng trước,,Google Maps,2026-08-29T06:38:50+00:00
google_maps_ChdDSUhNMG9nS0VJQ0FnSURIdl95bm5nRRAB,OSM_node_4927916321,5,"Bảo tàng Chiến thắng B52 ở Hà Nội là một điểm đến thú vị dành cho những người yêu thích lịch sử và muốn tìm hiểu sâu hơn về sự kiện lịch sử quan trọng trong quá trình bảo vệ Tổ Quốc. Đây là nơi trưng bày và tái hiện lại sự kiện “Điện Biên Phủ trên không” – trận chiến quan trọng vào cuối năm 1972, khi lực lượng phòng không Hà Nội đã bắn hạ nhiều máy bay B52 của Mỹ, đánh dấu chiến thắng quan trọng của Việt Nam.",một năm trước,,Google Maps,2026-08-29T06:38:50+00:00
google_maps_Ci9DQUlRQUNvZENodHljRjlvT21aS1VVcERZMWs1YW1aZlFYQlpTazU0Tld4RE0xRRAB,OSM_node_4927916321,5,Bảo tàng chứa đựng lịch sử và chiến công oai hùng trong chiến dịch 60 ngày đêm giải phóng thủ đô.,một năm trước,,Google Maps,2026-08-29T06:38:50+00:00
google_maps_Ci9DQUlRQUNvZENodHljRjlvT2tFd2VYUnZhRFZoUWw4MWRHeDVVMkZuUjFKcVNHYxAB,OSM_node_4927916321,5,"bảo tàng khá ok,thích hợp để đi cùng gia đình,bạn bè 🙂🙂🙂 …",10 tháng trước,,Google Maps,2026-08-29T06:38:50+00:00
google_maps_ChZDSUhNMG9nS0VJQ0FnSUN3eHVXOVJnEAE,OSM_node_4927916321,5,"Tại bảo tàng này có một phòng rất thu hút khách tham quan, đó là sa bàn tổng hợp diễn biến trận ""Điện Biên Phủ trên không"", diện tích 200m², có không gian ba chiều (thể hiện địa hình khu vực gồm khu dân cư, các trận địa phòng không, điểm …",8 năm trước,,Google Maps,2026-08-29T06:38:50+00:00
google_maps_ChdDSUhNMG9nS0VJQ0FnSUNxeGR1bG5nRRAB,OSM_node_4927916321,5,"Bảo tàng Chiến thắng B52 được khánh thành ngày 22/12/1997, với hai khu trưng bày, gồm khu trưng bày trong nhà khái quát về truyền thống của lực lượng vũ trang Thủ đô Hà Nội qua các thời kỳ, đặc biệt là chiến thắng “Hà Nội-Điện Biên Phủ trên không” với nhiều hiện vật, tài liệu, các tác phẩm nghệ thuật, sa bàn tổng hợp diễn biến chiến đấu trong 12 ngày đêm tháng 12/1972. Khu trưng bày ngoài trời gồm có các loại vũ khí, khí tài của quân, dân Thủ đô Hà Nội trong chống chiến tranh phá hoại của đế quốc Mỹ; xác các máy bay B52 bị quân và dân Thủ đô bắn rơi trong 12 ngày đêm tháng 12/1972",5 năm trước,,Google Maps,2026-08-29T06:38:50+00:00
google_maps_Ci9DQUlRQUNvZENodHljRjlvT2pKRFgwczFhMVZHYTI1MmMxTk1iVlV6YUZGR09YYxAB,OSM_node_4927916321,5,"Bảo tàng trưng bày các hiện vật và máy bay B52, khơi dậy lòng tự hào dân tộc",một năm trước,,Google Maps,2026-08-29T06:38:50+00:00
google_maps_ChdDSUhNMG9nS0VJQ0FnSURQc2JDSnNRRRAB,OSM_node_4927916321,4,"Bảo tàng free, tự vào tự tham quan không (cần) ai hướng dẫn. Khá vắng không phải đợi. Tuy ít khách nhưng bảo tàng rất chú trọng đầu tư. Điểm trừ là chỗ để ô tô hơi hạn chế.",một năm trước,,Google Maps,2026-08-29T06:38:50+00:00
google_maps_Ci9DQUlRQUNvZENodHljRjlvT21WdU5HVjZOVFJZV1ZaclNUTnZaemhUTnprNVQyYxAB,OSM_node_4927916321,5,Mọi thứ thật rõ ràng và tuyệt vời,2 tháng trước,,Google Maps,2026-08-29T06:38:50+00:00
google_maps_ChZDSUhNMG9nS0VJQ0FnTUR3cHA2cEtnEAE,OSM_node_4927916321,5,"Vì mình đến vào khoảng thời gian Bảo Tàng sắp đóng của nên không đi được vào trong nhiều, bên ngoài có sắt vụ của B-52,những chiếc rada,đạn và tên lửa trong cuộc chiến tranh Hà Nội 12 ngày đêm oanh liệt với 9 chiếc máy bay F- 111( có trưng …",một năm trước,,Google Maps,2026-08-29T06:38:50+00:00
google_maps_Ci9DQUlRQUNvZENodHljRjlvT21sU1IweFdja3MwU3psT0xVOVFTMFZWTTJwVVduYxAB,OSM_node_4927916321,5,"Vào cửa tham quan không tốn phí. Không gian bên trong thì rộng rãi, không nóng lắm đâu. Mình đi cuối tuần cũng không đông đâu. Yên tĩnh, thoải mái, sạch sẽ. Ghi chú rõ ràng trên từng di tích, cổ vật… Xem rồi mới thấy cha ông ta đã đánh đổi rất nhiều để chúng ta có thể tự do độc lập như hôm nay.",một năm trước,,Google Maps,2026-08-29T06:38:50+00:00
google_maps_Ci9DQUlRQUNvZENodHljRjlvT20wdFdUTmllbGs0T1RnMFkzaDJTbkpYUVVKdVdYYxAB,OSM_node_4927916321,5,Một địa điểm nên đến tìm hiểu về lịch sử trong chiến tranh bảo vệ Tổ Quốc 🇻🇳🇻🇳 …,7 tháng trước,,Google Maps,2026-08-29T06:38:50+00:00
google_maps_ChdDSUhNMG9nS0VJQ0FnSUNybTdhQjF3RRAB,OSM_node_4927916321,5,"hôm mình đi là đầu giờ chiều, trời mưa nên chỉ có 1-2 đoàn khách nước ngoài không mất vé vào, không mất tiền gửi xe các mô hình bên ngoài là thứ ấn tượng nhất nhưng vì mưa nên mình không đi xung quanh được mà chủ yếu thăm thú trong bảo tàng. không gian hơi bí vì không có quạt hay điều hoà (như một số bảo tàng khác mình từng đi) ngay gần đó có bảo tàng hcm cũng k mất phí vào cửa cho người VN tham quan",2 năm trước,,Google Maps,2026-08-29T06:38:50+00:00
google_maps_Ci9DQUlRQUNvZENodHljRjlvT2xWd1dIQXhSblUzWkRGNGVucFNkMUZUVTNaTldXYxAB,OSM_node_4927916321,5,"Nơi lưu giữ chiến tích lịch sử thể hiện được lòng dũng cảm, tinh thần bất khuất khâm phục tinh thần, sáng tạo của cha ông để lại. Quá xuất sắc khi VN là 1 trong những nước đầu tiên bắn hạ B52 “pháo đài bay” cũng như bắn hạ nhiều nhất cho đến nay",một năm trước,,Google Maps,2026-08-29T06:38:50+00:00
google_maps_ChZDSUhNMG9nS0VJQ0FnSURFaHVHQUhnEAE,OSM_node_4927916321,5,"Đây là nơi lịch sử của cuộc kháng chiến của nhân dân ta chống lại đế quốc Mỹ, đặc biệt là cuộc chiến 12 ngày đêm Điện Biên Phủ trên không. Nơi đây, bên ngoài là xác của chiếc máy bay B52 của đế quốc mỹ đã bị …",7 năm trước,,Google Maps,2026-08-29T06:38:50+00:00
google_maps_ChdDSUhNMG9nS0VJQ0FnSURVNE5yNzZnRRAB,OSM_node_4927916321,5,"Hạ được B52 thật sự là một kỳ tích của Bộ đội phòng không và không quân. Chính vì thế, bảo tàng có ý nghĩa lớn lao với lịch sử bảo vệ tổ quốc.",7 năm trước,,Google Maps,2026-08-29T06:38:50+00:00
google_maps_ChZDSUhNMG9nS0VJQ0FnSURlNXVUc0lBEAE,OSM_node_4927916321,1,Quá tệ Một công trình thiêng liêng như này mà bị xây dựng phá nát ra ko còn hiện vật gì nguyên vẹn,3 năm trước,,Google Maps,2026-08-29T06:38:50+00:00
google_maps_Ci9DQUlRQUNvZENodHljRjlvT25wU1FXdElTa05aTm5kbk5tRlFRelI0Tkdwck1tYxAB,OSM_node_4927916321,5,những trang sử vẻ vang của cha ông ta … phải giới thiệu cho bạn bè năm châu nhé !,4 tháng trước,,Google Maps,2026-08-29T06:38:50+00:00
google_maps_ChZDSUhNMG9nS0VJQ0FnSUNob05DblpnEAE,OSM_node_4927916321,5,Em bé rất thích. Là nơi lý tưởng để con trẻ khám phá và tìm hiểu lịch sử Đất Nước chúng ta 😘 …,3 năm trước,,Google Maps,2026-08-29T06:38:50+00:00
google_maps_ChdDSUhNMG9nS0VJQ0FnSUNScXJpbnB3RRAB,OSM_node_4927916321,5,"Bảo tàng mới sửa xong rất đẹp và có cả chiều phim, sa bàn có cả hệ thống led mô tả các trận đánh.",3 năm trước,,Google Maps,2026-08-29T06:38:50+00:00
google_maps_Ci9DQUlRQUNvZENodHljRjlvT21rNGNEaGxjakpqU21seU4yOUdiMWwzV21sVGFrRRAB,OSM_node_4927916321,5,"Bảo tàng Chiến thắng B-52 mang đến trải nghiệm khá ấn tượng với cách trưng bày chân thực và cuốn hút. Tôi thấy hài lòng với sự phong phú của các hiện vật lịch sử, giúp hiểu thêm về một giai đoạn đầy biến động. Không gian tuy hơi nhỏ nhưng …",6 tháng trước,,Google Maps,2026-08-29T06:38:50+00:00
google_maps_ChdDSUhNMG9nS0VJQ0FnSUNBa08tcGxBRRAB,OSM_node_4927916321,5,Bảo tàng trưng bày nhiều hiện vật về chiến thắng của quân và dân Việt Nam trước B52 của Mỹ được mệnh danh là pháo đài bay B52,8 năm trước,,Google Maps,2026-08-29T06:38:50+00:00
google_maps_ChdDSUhNMG9nS0VJQ0FnSUR2OTlUZDVRRRAB,OSM_node_4927916321,5,"Đống nhôm vụn này từng là niềm kiêu hãnh của người Mỹ, bất khả xâm phạm của không quân Hoa Kỳ. Nhưng khi sang tới Việt Nam thì ko thể quay về được.",một năm trước,,Google Maps,2026-08-29T06:38:50+00:00
google_maps_ChZDSUhNMG9nS0VJQ0FnSURraGRpX013EAE,OSM_node_4927916321,5,"Tham quan bảo tàng chiến thắng, nhìn xác chiếc B-52 của Mĩ mà lòng đầy tự hào.",7 năm trước,,Google Maps,2026-08-29T06:38:50+00:00
google_maps_ChZDSUhNMG9nS0VMV2QzZGJsa0xqY1pnEAE,OSM_node_4927916321,5,Địa điểm thăm quan tuy nhỏ nhưng nhiều ý nghĩa,một năm trước,,Google Maps,2026-08-29T06:38:50+00:00
google_maps_ChZDSUhNMG9nS0VOUzJ4LWliNnZXZFV3EAE,OSM_node_4927916321,4,1 điểm vui chơi miễn phí cho gia đình mà lại cho các con hiểu về ông cha đã làm gì để giữ bình yên cho đất nước hôm nay,một năm trước,,Google Maps,2026-08-29T06:38:50+00:00
google_maps_ChdDSUhNMG9nS0VJQ0FnSUNRNl96a3NRRRAB,OSM_node_4927916321,5,Hãy đến đây để biết thêm nhiều thông tin về cuộc chiến 12 ngày đêm tại Hà Nội,Thời gian chỉnh sửa: 3 năm trước,,Google Maps,2026-08-29T06:38:50+00:00
google_maps_ChdDSUhNMG9nS0VJQ0FnSURrNV9hYjl3RRAB,OSM_node_4927916321,5,"Trưng bày nhiều máy bay và pháo cao xạ, khá thú vị với những người quan tâm đến lịch sử và chiến tranh Việt Nam",7 năm trước,,Google Maps,2026-08-29T06:38:50+00:00
google_maps_ChZDSUhNMG9nS0VJQ0FnSURqNGFiWEV3EAE,OSM_node_4927916321,4,"Xem trong tivi thấy bé, ở ngoài đời khẩu pháo quá to luôn",2 năm trước,,Google Maps,2026-08-29T06:38:50+00:00
google_maps_Ci9DQUlRQUNvZENodHljRjlvT25WSmN6RkVlWGt5WTA5VE5tcE1hM0YwT1VGV1UyYxAB,OSM_node_4927916321,5,"Bảo tàng Chiến thắng B-52 là địa điểm lịch sử ấn tượng, trưng bày máy bay B-52 bị bắn hạ cùng nhiều hiện vật, hình ảnh về chiến tranh Việt Nam. Không gian rộng rãi, sắp xếp khoa học, giúp du khách dễ theo dõi và tìm hiểu. Thuyết minh rõ ràng, nhân viên thân thiện. Đây là nơi lý tưởng để học hỏi lịch sử, tưởng nhớ quá khứ và trải nghiệm giáo dục về lòng kiên cường của dân tộc.",9 tháng trước,,Google Maps,2026-08-29T06:38:50+00:00
google_maps_Ci9DQUlRQUNvZENodHljRjlvT2xoaGJUSXdXVEJZZGtzMVdqTnZjR2d3TFdkeVJYYxAB,OSM_node_5001479422,4,"Lâu rồi cũng ko ghé chi nhánh này. Nhà sách rộng rãi, thoáng. Có cửa vào nhà sách bên hông ra với bãi giữ xe. Mặt tiền nhà sách cũng rộng, thỉnh thoảng sẽ có các gian hàng chương trình khuyến mãi. Bán nhiều loại sách khác nhau, thêm có văn phòng phẩm, đồ chơi, v.v..",7 tháng trước,,Google Maps,2026-08-29T06:41:29+00:00
google_maps_Ci9DQUlRQUNvZENodHljRjlvT201aVkxSk9hRFpzU0hCU1FWVk1iSEZ5WDNweVVsRRAB,OSM_node_5001479422,5,"Nhà sách rộng, nhiều vật dụng. Ghé mua tập bút viết thôi nhưng thấy bán nhiều sách, văn phòng phẩm khác nữa",4 tháng trước,,Google Maps,2026-08-29T06:41:29+00:00
google_maps_Ci9DQUlRQUNvZENodHljRjlvT21ZMFRVRllNalpTVVV4VlNYSjZiSHBuYzJFMU4xRRAB,OSM_node_5001479422,1,"Nhân viên tự đặt ra vấn đề rồi tự dùng vấn đề đó để phản biện lại khách hàng, 1 hộp đồ chơi đáng giá không bao nhiêu tiền, nhưng thái độ của bà thím nhân viên làm cho mình rất buồn, mình không phá hoại sản phẩm, không làm ảnh hưởng đến khách hàng khác nhưng vẫn phải chịu sự dè bỉu và thái độ của nhân viên. mình vẫn lịch sự hỏi lại thì 3 lần hỏi khác nhau bạn nhân viên đều cho đúng 1 câu trả lời đó là nội quy mà thứ chỉ có duy nhất 1 nhà sách này có . Chỉ cần các nhân viên tự tạo ra nội quy là có thể hạch sách khách hàng sao ? Hay là giá trị sản phẩm quá bé nên khách hàng không đáng được tôn trọng ?",3 tháng trước,,Google Maps,2026-08-29T06:41:29+00:00
google_maps_Ci9DQUlRQUNvZENodHljRjlvT2tkS1gxQTVhMXB2TVdGM1psUjNkelJVYUdKclpIYxAB,OSM_node_5001479422,1,Mua cây bút bi thường 38k xài chưa được 2 hôm mực bị tắc ra mờ. Nói chung nhà sách này đồ đắt. Chả rõ cây bút nó có để bán đúng giá không. :) bực bội giá kệ 1 kiểu ra bán 1 kiểu. Nghĩ đắt thì xịn. Xài rõ chán bt,2 tháng trước,,Google Maps,2026-08-29T06:41:29+00:00
google_maps_Ci9DQUlRQUNvZENodHljRjlvT2xScGNYQjBiMnhWVmxOU1IyUTJUSE5CVlUxdlJWRRAB,OSM_node_5001479422,5,"Trưa cuối tuần ở nhà buồn nên lôi con đi nhà sách. Không gian rộng, sạch sẽ, máy lạnh chạy mát rượi. Layout các quầy kệ bố trí rất hợp lý, gọn gàng. Bạn nhân viên khu văn phòng phẩm rất nhiệt tình, giúp mình lựa mấy cái bút chì, tẩy.... …",3 tháng trước,,Google Maps,2026-08-29T06:41:29+00:00
google_maps_Ci9DQUlRQUNvZENodHljRjlvT2w4dFRXVmZjMGRtY1dNMVNrbDJRMDAxTUhoMlJuYxAB,OSM_node_5001479422,1,"đây là cái nhà sách tệ nhất tôi từng đi đến, bảo vệ thì coi khách như trộm cắp, cái bình nước của khách uống mà bảo vệ nói là của nhà sách, khách đã ra đến ngoài vẫn chạy theo hỏi. Bộ ai đi tới nhà sách đều là trộm cắp hay sao, người ta …",2 tháng trước,,Google Maps,2026-08-29T06:41:29+00:00
google_maps_Ci9DQUlRQUNvZENodHljRjlvT21vd1dESXpNMFpLZDNwVVJtaFZXa0Z4WVdSWWVFRRAB,OSM_node_5001479422,1,"Mình vào nhà sách vào lúc tối, đến lúc thanh toán còn hơn 20ph nữa mới đóng cửa yêu cầu nhân viên đóng gói để tặng quà nhưng nhân viên không thực hiện và yêu cầu mua hộp quà riêng. Đã vậy, nhà sách đóng cửa lúc 22h nhưng còn 15ph đã đi tắt đèn trong khi khách vẫn còn đang chọn sản phẩm. Một trải nghiệm không mấy vui vẻ.",3 tháng trước,,Google Maps,2026-08-29T06:41:29+00:00
google_maps_ChZDSUhNMG9nS0VJQ0FnSUM4OE0zYll3EAE,OSM_node_5001479422,5,"Nhà sách Phương Nam đường 3/2 Tôi và gia đình thường xuyên đến đây vào những ngày cuối tuần. Nhà sách có đầy đủ các loại sách mình cần. Con gái mình rất thích tới đây để tìm những loại sách bé yêu thích. Không gian thoáng mát sạch sẽ, cách bố trí các đầu sách khoa học, rất dễ tìm và tiện lợi. Sách mới được cập nhật liên tục nên khi cần là mình có thể mua được ngay.",6 năm trước,,Google Maps,2026-08-29T06:41:29+00:00
google_maps_Ci9DQUlRQUNvZENodHljRjlvT2s0eFJqQXpRMWRxY25vMldDMHRMVzFvZDFabU9IYxAB,OSM_node_5001479422,5,"Lần đầu ghé Nhà sách Phương Nam Phú Thọ và mình có trải nghiệm khá tốt. Dù là khách mua lần đầu nhưng được hỗ trợ rất nhiều, tư vấn rõ ràng và tận tình. Nhân viên thu ngân có vẻ hơi ít cười, nhưng bù lại cô quản lý thì vô cùng thân thiện, …",8 tháng trước,,Google Maps,2026-08-29T06:41:29+00:00
google_maps_ChZDSUhNMG9nS0VJQ0FnSUNaOTVqUlNnEAE,OSM_node_5001479422,5,"Nhà sách khá lớn với nhà xe nằm bên hông. Bên trong có nhiều gian sách và văn phòng phẩm. Đặc biệt có nhiều sách học ngoại ngữ (anh, trung, nhật, hàn) pháp và đức rất ít. Sách triết học, lịch sử, xã hội học cũng khá tốt. Tuy nhiên ít sách IT và sách y khoa gần như không có",2 năm trước,,Google Maps,2026-08-29T06:41:29+00:00
google_maps_ChZDSUhNMG9nS0VJQ0FnSURqODdqRGNREAE,OSM_node_5001479422,3,"lâu lắm rồi mới vào lại nhà sách tính tránh cái nắng nóng của SG, mà vào đây giờ không còn bật máy lạnh để tiết kiệm điện, đi 1 vòng lựa sách mà đổ cả mồ hôi hột.",2 năm trước,,Google Maps,2026-08-29T06:41:29+00:00
google_maps_ChdDSUhNMG9nS0VJQ0FnSURwOV9lZGdnRRAB,OSM_node_5001479422,4,"Mặt tiền nhìn có vẻ rộng, dễ tìm nhưng thực tế nhà sách không gian hơi chật, chỉ có khu vực dưới đất. Tuy nhiên vẫn đầy đủ, đa dạng sách & các mặt hàng khác. Nhân viên chuyên nghiệp và sẵn sàng giúp đỡ.",2 năm trước,,Google Maps,2026-08-29T06:41:29+00:00
google_maps_ChZDSUhNMG9nS0VJQ0FnSUQ5cU5qVkVnEAE,OSM_node_5001479422,4,"nhà sách tồn tại lâu,nhiều đầu sách mới có xuất bản lâu xíu thì được giảm giá 10 20 30 40% ,nhiều đồ lưu niệm đồ chơi,dụng cụ học tập.",2 năm trước,,Google Maps,2026-08-29T06:41:29+00:00
google_maps_ChZDSUhNMG9nS0VJQ0FnSURCOXRlcVN3EAE,OSM_node_5001479422,5,"Tọa lạc tại số 940 ĐƯỜNG 3/2, PHƯỜNG 15, QUẬN 11, TP.HCM. Đường đi thuận tiện, có nhà xe rộng rãi, giữ xe miễn phí. Các đầu sách phong …",3 năm trước,,Google Maps,2026-08-29T06:41:29+00:00
google_maps_ChZDSUhNMG9nS0VJQ0FnSUNyc1pQdkZREAE,OSM_node_5001479422,5,"Nhà sách Phương Nam rộng rãi, sạch sẽ, máy lạnh mát mẻ, bảo vệ đứng chào mở cửa lịch sự. Nhân viên ai cũng thân thiện nhiệt tình. Ở đây có rất nhiều sách đa dạng nhiều chủ đề sách giáo khoa, sách văn học, tiểu thuyết, lịch sử, tôn giáo... văn phòng phẩm phong phú giá phải chăng.",2 năm trước,,Google Maps,2026-08-29T06:41:29+00:00
google_maps_ChdDSUhNMG9nS0VJQ0FnSUM0aGJlMzh3RRAB,OSM_node_5001479422,5,"Số 940 đường 3 tháng 2 phường 15 quận 11 thành phố Hồ Chí Minh Nằm trên trục đường chính nhà sách Phương Nam là địa điểm uy tín đáng được ghé thăm .với không gian rộng rãi thoáng mát Nhà sách có nhiều thể loại sách từ sách giáo khoa , sách tham khảo. Từ các tác phẩm văn học nổi tiếng trong nước cũng như nước ngoài, sách chuyên ngành từ kinh tế chính trị đến kiến thức đời sống. Bên cạnh đó nhà sách cũng là nơi bán nhiều đồ dùng học tập phục vụ cho học sinh sinh viên. Ngoài ra nhà sách cũng kinh doanh nhiều món quà đồ trong trí mẫu mã đẹp mắt phù hợp để trang trí bàn làm việc cũng như bàn học. Nhân viên phục vụ chu đáo nhiệt tình.",7 năm trước,,Google Maps,2026-08-29T06:41:29+00:00
google_maps_ChdDSUhNMG9nS0VJQ0FnSUNmbnF5M213RRAB,OSM_node_5001479422,5,"Nhà sách đẹp, rộng rãi, trưng bày nhiều hàng hóa đa dạng, đặc biệt rất mát mẻ, dù có mua hàng đứng chờ lâu cũng cảm thấy dễ chịu",một năm trước,,Google Maps,2026-08-29T06:41:29+00:00
google_maps_Ci9DQUlRQUNvZENodHljRjlvT21WSlEwUTNMVU5qTlhObWNqZ3lURk5FVWpReU5VRRAB,OSM_node_5001479422,1,Trải nghiệm thật tệ vào sáng nay tại ns Phú Thọ. Tôi mong muốn đến nhà sách để mua sắm. Nhưng vừa vô cửa tôi đã nghe một tràn chửi rất lâu và phản cảm từ một cô tóc búi mặc đầm hoa ( chắc là quản lý). Chắc là cuộc họp gì đó. Cô này nói rất …,8 tháng trước,,Google Maps,2026-08-29T06:41:29+00:00
google_maps_ChdDSUhNMG9nS0VJQ0FnSUNuNU9ENjBnRRAB,OSM_node_5001479422,1,Nghi vấn Nhà sách Phương Nam gian dối trong khâu tặng quà độc quyền. Sáng nay t vào hiệu sách lúc 8h kém 15 để mua One Piece bản đặc biệt. Khi đến …,một năm trước,,Google Maps,2026-08-29T06:41:29+00:00
google_maps_Ci9DQUlRQUNvZENodHljRjlvT2swdGNEaDRNSFZ2VDJoWWNWbGZRV3RzYURaYVVrRRAB,OSM_node_5001479422,5,Một nơi gắn liền với nhiều thế hệ học sinh sinh viên từ 1996 thời điểm mình mới lên Sài Gòn đến bây giờ. Từ thuở các mậu dịch viên mặc đồng phục áo dài duyên dáng ...,10 tháng trước,,Google Maps,2026-08-29T06:41:29+00:00
google_maps_ChdDSUhNMG9nS0VJQ0FnSUNHdkozajFnRRAB,OSM_node_5001479422,4,"Sáng sủa, sạch sẽ, sang. Có quầy trưng bày sách mới. Nhiều thể loại sách, nhiều đầu sách. …",4 năm trước,,Google Maps,2026-08-29T06:41:29+00:00
google_maps_ChdDSUhNMG9nS0VJQ0FnSURVMTR2U2l3RRAB,OSM_node_5001479422,5,"Nhà sách Phương Nam bán thật là pbong phú đồ dùng họ tập và đồ chơi cho trẻ em và cả người lớn nữa. Mình thích vì khi đến đây là có đầy đủ những văn phòng phẩm và sách cho mình, sách giáo khoa đồ dùng bọc tập, đồ chơi, sách truyện cbo trẻ em, đồ đạc, hàng hóa lại rất đẹp và phong phú. Không gian rộng rãi, luôn có máy điều hòa mát mẻ, thoải mái. Chỗ giữ xe dễ để, dễ ra vào và xếp xe. Còn có quán cf trong nhà sách nữa, thật là thú vị nè. ;) 😍😍😍 Cứ mỗi tuần ít nhất mình phải đến đây 1 lần ah, và khi ra về thì mua khệ nệ luôn nha.",6 năm trước,,Google Maps,2026-08-29T06:41:29+00:00
google_maps_ChZDSUhNMG9nS0VJQ0FnSURZNnRPQkNBEAE,OSM_node_5001479422,3,Nhà sách đẹp. Mặt hàng đa dạng phong phú. Có quầy bán nước có thể nghỉ ngơi đọc sách. Bãi giữ xe rộng rãi. Có nhà vệ sinh.,Thời gian chỉnh sửa: 7 năm trước,,Google Maps,2026-08-29T06:41:29+00:00
google_maps_Ci9DQUlRQUNvZENodHljRjlvT2tzelpGSXpOVzQ1YkRCVU5GcEhRak51ZDJkMVIzYxAB,OSM_node_5001479422,5,"Nhà sách này đi rất vui, mong nhà sách mốt phát triển thêm mọt khu âm nhạc",6 tháng trước,,Google Maps,2026-08-29T06:41:29+00:00
google_maps_Ci9DQUlRQUNvZENodHljRjlvT25wQlpUUlRWa050WldKRmJHcFZPRFpwT1V4TFRIYxAB,OSM_node_5001479422,5,"Sách PN luôn rất mới. Nhất là chi nhánh Phú Thọ có chỗ ngồi đọc sách luôn. Rất thích cách Nhà Sách kinh doanh không ép mua sách mà còn khuyến khích khách hàng đọc. (Mọi người xin thông cảm cho thái độ dịch vụ của vài nv, chắc ngta cũng stress ạ 😅😅) …",8 tháng trước,,Google Maps,2026-08-29T06:41:29+00:00
google_maps_ChdDSUhNMG9nS0VJQ0FnSUNsaGNiOHNBRRAB,OSM_node_5001479422,2,Nay mình có ghé nhà sách để mua đồ vào tầm tối. Mình gửi giỏ trong tủ trước khi vào nhà sách mua đồ thì tủ mình để đồ có đinh sắt nhọn và đinh còn bị rỉ sét nữa. Vừa mở tủ là bị quẹt chảy máu ngay lập tức. Mình có hỏi xin bảo vệ nước cồn …,2 năm trước,,Google Maps,2026-08-29T06:41:29+00:00
google_maps_ChdDSUhNMG9nS0VJQ0FnSUNfNnQteWx3RRAB,OSM_node_5001479422,5,"Đầy đủ sách, văn phòng phẩm, nhiều đồ chơi và quà tặng. Có dịch vụ gói quà (có tính phí)",một năm trước,,Google Maps,2026-08-29T06:41:29+00:00
google_maps_ChdDSUhNMG9nS0VJQ0FnSURZNnZHZmpRRRAB,OSM_node_5001479422,5,"Coa nhiều sách ngoại ngữ, đặt biệt coa quầy nước, vừa nhâm nhi cafe vừa đọc sách...",Thời gian chỉnh sửa: 7 năm trước,,Google Maps,2026-08-29T06:41:29+00:00
google_maps_ChdDSUhNMG9nS0VJQ0FnTURBN1BHaHZ3RRAB,OSM_node_5001479422,5,"Tuổi thơ của biết bao nhiêu thanh thiếu niên thuộc thế hệ 8x 9x, nhớ ngày còn là sinh viên cuộc sống khó khăn chỉ có mỗi nhà sách Phương Nam Phú Thọ là điểm đến",một năm trước,,Google Maps,2026-08-29T06:41:29+00:00
google_maps_Ci9DQUlRQUNvZENodHljRjlvT21salJWTkJZakpmYVdzd1pWOXpkMU5aU21rd2IzYxAB,OSM_node_5001479422,2,"Chất lượng sp này kia bth, ko gian hơi chật , buôn bán để giá sai tùm lum làm ảnh hưởng đến ng mua, xin đooie trả ko đồng ý mình thấy các bạn mua đồ nên coi mức giá sản phẩm kỹ nhé vì NÓ DÁN SAI GIÁ thành ra các bạn lỗ đó",một năm trước,,Google Maps,2026-08-29T06:41:29+00:00
google_maps_Ci9DQUlRQUNvZENodHljRjlvT25SMmVrOUtTMkZ1ZVdWNFZFWkZRM2xqYlRSSVEzYxAB,OSM_node_5001479422,5,"Nhà sách đẹp, đầy đủ dụng cụ",một năm trước,,Google Maps,2026-08-29T06:41:29+00:00
google_maps_Ci9DQUlRQUNvZENodHljRjlvT25WU1dHeE1MVVZQVEU1cE1ucE1ha042U3pSRWNXYxAB,OSM_node_5001479422,1,"Vào nhà sách mua đồ xong đứng ở ngoài sắp xếp lại đồ trên xe thì bị ông bảo vệ chửi đuổi đi không cho mình đậu đó mà trong khi đó nhà sách cũng khá là vắng người và đường cũng rộng nữa, vào một lần thôi không quay lại đâu 🫥 ( vụ này lâu r ) …",7 tháng trước,,Google Maps,2026-08-29T06:41:29+00:00
google_maps_ChdDSUhNMG9nS0VJQ0FnSURtZ09mZTN3RRAB,OSM_node_5001479422,2,Dịch vụ cần cải thiện nhiều. Nhà sách Phương Nam có lượng sách và đồ chơi rất phong phú và chất lượng tốt. …,4 năm trước,,Google Maps,2026-08-29T06:41:29+00:00
google_maps_ChdDSUhNMG9nS0VJQ0FnSURZNDhTSjdnRRAB,OSM_node_5001479422,4,"Nơi để lại nhiều kỷ niệm vui buồn trong sự nghiệp của mình. Một điểm nổi tiếng một thời, Nhà sách Phú Thọ.",7 năm trước,,Google Maps,2026-08-29T06:41:29+00:00
google_maps_ChZDSUhNMG9nS0VJQ0FnSURpeEs2akZREAE,OSM_node_5001479422,3,Nhà sách bán khá nhiều vật dụng văn phòng phẩm. Mình tìm đến nhà sách này để tìm mua vài quyển sách tiếng Anh nhưng k có. Có 1 nhân viên quầy sách tiếng Anh không thân thiện cho lắm. Cuối cùng mua được vài quyển khác chủ đề cho 2 học trò lớp 6 và ít dụng cụ này,5 năm trước,,Google Maps,2026-08-29T06:41:29+00:00
google_maps_ChdDSUhNMG9nS0VJQ0FnSURDaklHNTFRRRAB,OSM_node_5001479422,5,Nhà sách có không gian rộng Sách khá đầy đủ... Đặc biệt sách hay nhanh hết lắm lun chậm chân hốt là buồn lun,5 năm trước,,Google Maps,2026-08-29T06:41:29+00:00
google_maps_ChdDSUhNMG9nS0VJQ0FnSURZNnRtZW53RRAB,OSM_node_5001479422,4,"Cửa hàng sách rộng, không gian bố trí hợp lý, có cà phê sách, nhân viên thân thiện nhiệt tình",Thời gian chỉnh sửa: 7 năm trước,,Google Maps,2026-08-29T06:41:29+00:00
google_maps_Ci9DQUlRQUNvZENodHljRjlvT25kWFVEWnBZMlZvUWkxaE4wOWtSRVJXWjNob1RWRRAB,OSM_node_5001479422,5,Bán nhiều sách vag dụng cụ học tập.,2 tháng trước,,Google Maps,2026-08-29T06:41:29+00:00
google_maps_Ci9DQUlRQUNvZENodHljRjlvT25CMmJHazRSa3RvWW1Gd1gycElRVEp5UjJ4SVpVRRAB,OSM_node_5001479422,5,"Vào mua đồ sẽ được phiếu gửi xe free, nhà sách nhiều đồ dùng văn phòng phẩm, quà tặng và sách.",8 tháng trước,,Google Maps,2026-08-29T06:41:29+00:00
google_maps_Ci9DQUlRQUNvZENodHljRjlvT21KWGVraHBWMmMzU1UxQ1gwMUthVTlKYmt4Q2RsRRAB,OSM_node_5001479422,5,"Rất hài lòng về đây. Lần thứ 2 mình đến mua vội, được sự hỗ trợ từ nhân viên đến quản lý rất nhiệt tình. Mặc dù do mình mua sai, mình đổi trả là lỗi mình, nhưng vẫn được hỗ trợ rất nhiệt tình. Ưng hơn bên FHS rất nhiều. Cảm ơn và sẽ quay lại.",8 tháng trước,,Google Maps,2026-08-29T06:41:29+00:00
google_maps_ChdDSUhNMG9nS0VJQ0FnSUNlc0xHNl9BRRAB,OSM_node_5001479422,5,Xe gửi miễn phí! Thích nhất đi đọc cọp các trang sách cuối tuần thế này!,3 năm trước,,Google Maps,2026-08-29T06:41:29+00:00
google_maps_Ci9DQUlRQUNvZENodHljRjlvT2tseU1tVk1jWEZvVTBsM1FXSjROMVJqV1hWWGEzYxAB,OSM_node_5001479422,1,"Nhân viên gửi xe ghi số xe xong vứt lên thùng sau lưng là sao , thái độ kiểu gì vậy xong lúc ra đưa thẻ thì nhìn chỗ khác xong thấy một chú công an vào thì chạy qua viết thẻ xe cho chú đó trước . Oki nếu muốn không lịch sử đàng quàn thì …",7 tháng trước,,Google Maps,2026-08-29T06:41:29+00:00
google_maps_ChdDSUhNMG9nS0VJQ0FnSURZNnAzU3d3RRAB,OSM_node_5001479422,4,Không gian thoải mái nhẹ nhàng. Thưởng thức ly trà đào và đọc một quyển sách yêu thích là điều tuyệt vời. Tuy nhiên có điều bất cập khi khách không được mang giỏ sách vào trừ khu cà phê. Vậy làm thế nào để khách có thể chọn sách đem đến khu …,Thời gian chỉnh sửa: 7 năm trước,,Google Maps,2026-08-29T06:41:29+00:00
google_maps_ChZDSUhNMG9nS0VJQ0FnSURZNnBmcFdREAE,OSM_node_5001479422,5,"Thành phố sách đa dạng, không gian thoáng mát, đủ mọi loại sách bán hot trên thị trường và được nhiều đọc giả tìm đến😀 Nhân viên vô cùng thân thiện và dễ mến😀🇻🇳 …",Thời gian chỉnh sửa: 3 năm trước,,Google Maps,2026-08-29T06:41:29+00:00
google_maps_ChdDSUhNMG9nS0VJQ0FnSUNpcFAzMS1nRRAB,OSM_node_5001479422,5,"Nhà sách này thành lập rất lâu, tất cả các thể loại sách, bưu phẩm, quà sinh nhật, vật dụng trang trí theo sự kiện...và rất nhiều rất nhiều thứ bạn có thể mua đc tại đây. Tôi rất thích nơi này.",5 năm trước,,Google Maps,2026-08-29T06:41:29+00:00
google_maps_Ci9DQUlRQUNvZENodHljRjlvT2tkNFdFTlZZWGd4WWpoYWVFZHBVME5YWlRoU1VYYxAB,OSM_node_5001479422,1,"Đề nghị nhà sách làm việc với quản lý cửa hàng, 1 chị tóc búi mặc váy hoa, chị này có thái độ trịnh thượng, cằn nhằn nhân viên, không biết chị ta chụp hình con tôi với mục đích gì, như vậy là vi phạm hình ảnh cá nhân",một năm trước,,Google Maps,2026-08-29T06:41:29+00:00
google_maps_ChZDSUhNMG9nS0VJQ0FnSUNDdjdPdUZBEAE,OSM_node_5001479422,4,Trưng bày đẹp. Sạch. Nhân viên hơi ít nên khi cần hỏi sách này sách nọ thì phải chạy đi tìm. Nói chung tốt.,5 năm trước,,Google Maps,2026-08-29T06:41:29+00:00
google_maps_Ci9DQUlRQUNvZENodHljRjlvT2xsNFVtWnVYMFJXVTFoa1FWaENNaTFzT1c5cWVHYxAB,OSM_node_5001479422,5,"Tuyệt vời, không gian thoáng mát, thoải mái. Rất nhiều thể loại sách hay và nhiều kiến thức. Các bác bảo vệ rất chuyên nghiệp và thân thiện với khách hàng ra vào nhà sách.",một năm trước,,Google Maps,2026-08-29T06:41:29+00:00
google_maps_Ci9DQUlRQUNvZENodHljRjlvT201VE1rRjNhVkJCWWt0d1R6ZFZWRTV4Y2t0ZmJGRRAB,OSM_node_5001479422,5,"Nhà sách rất rộng, ở đường 3/2 quận 10, mình hay mua đồ chơi ở nhà sách này",7 tháng trước,,Google Maps,2026-08-29T06:41:29+00:00
google_maps_Ci9DQUlRQUNvZENodHljRjlvT25aaVJrbDJiV2xXUTFCV1RsRnFiR3RpVFZWQlNXYxAB,OSM_node_5001479422,5,"Nhân viên nhiệt tình, nhiều sách mới.",5 tháng trước,,Google Maps,2026-08-29T06:41:29+00:00
google_maps_ChdDSUhNMG9nS0VJQ0FnSUQwNjhHZTR3RRAB,OSM_node_5031704910,5,"Nơi đây, cội nguồn của đạo Hòa Hao, nơi tâm Linh hướng thiện hàng vạn tín đồ.",6 năm trước,,Google Maps,2026-08-29T06:45:07+00:00
google_maps_ChZDSUhNMG9nS0VJQ0FnSUNKMF9XcWZBEAE,OSM_node_5031704910,5,Rất đẹp và rất ok nha đáng để đi và trải nghiệm dịch vụ ở đây,3 năm trước,,Google Maps,2026-08-29T06:45:07+00:00
google_maps_ChdDSUhNMG9nS0VJQ0FnSURwajZ1SHFnRRAB,OSM_node_5031704910,5,"Rộng rãi, thoáng mát, đã đến đây trải nghiệm",2 năm trước,,Google Maps,2026-08-29T06:45:07+00:00
google_maps_ChZDSUhNMG9nS0VJQ0FnSURKcU92dkZ3EAE,OSM_node_5031704910,5,Một điểm mà mọi người dân miền tây.nói riêng mà cả nước nói chung nên đến để chiêm bái để nghe lại những bài giảng của Đức Huỳnh Giáo Chủ,3 năm trước,,Google Maps,2026-08-29T06:45:07+00:00
google_maps_ChdDSUhNMG9nS0VJQ0FnSUM4d1ozQ2pRRRAB,OSM_node_5031704910,5,tuyệt vời,6 năm trước,,Google Maps,2026-08-29T06:45:07+00:00
google_maps_ChdDSUhNMG9nS0VJQ0FnSUQxd2Q2RDhnRRAB,OSM_node_5031704910,5,Nam mô A Di Đà Phật. Nơi làm việc của ban Trị Sự trung ương pghh,2 năm trước,,Google Maps,2026-08-29T06:45:07+00:00
google_maps_ChdDSUhNMG9nS0VJQ0FnSUNCNEtlbDJ3RRAB,OSM_node_5031704910,5,Mỗi năm ở đây có hai đại lễ đó là 18/5 vs 25/11,3 năm trước,,Google Maps,2026-08-29T06:45:07+00:00
google_maps_ChZDSUhNMG9nS0VJQ0FnSURKb3VDUVdBEAE,OSM_node_5031704910,5,Toi rat vui khi den duoc ban tri su trung ương pghh,3 năm trước,,Google Maps,2026-08-29T06:45:07+00:00
google_maps_ChdDSUhNMG9nS0VJQ0FnSUNtOXJDZGxBRRAB,OSM_node_5031704910,5,"Một ngôi chùa không có sư đây là""chua an hoa tu""PGHH'",4 năm trước,,Google Maps,2026-08-29T06:45:07+00:00
google_maps_ChdDSUhNMG9nS0VJQ0FnSUNDdnR5bjBnRRAB,OSM_node_5031704910,4,"Rộng, thoáng, và đặc biệt rất thích nghe kể truyện về đức huỳnh giáo chủ",6 năm trước,,Google Maps,2026-08-29T06:45:07+00:00
google_maps_ChZDSUhNMG9nS0VJQ0FnTUNncmM3eUdnEAE,OSM_node_5031704910,5,Lần đầu đến đây.ng đông quá trời,một năm trước,,Google Maps,2026-08-29T06:45:07+00:00
google_maps_ChZDSUhNMG9nS0VJQ0FnSUNnaW9DSUhnEAE,OSM_node_5031704910,5,Giúp tôi có trải nghiệm tuyệt vời khi về với vùng bảy núi An Giang,8 năm trước,,Google Maps,2026-08-29T06:45:07+00:00
google_maps_ChdDSUhNMG9nS0VJQ0FnSURSdDh6TThnRRAB,OSM_node_5031704910,5,"Rộng rải, thoáng mát, thân thiện, hoà nhã,",3 năm trước,,Google Maps,2026-08-29T06:45:07+00:00
google_maps_ChdDSUhNMG9nS0VJQ0FnSUNnOThUa3pBRRAB,OSM_node_5031704910,5,Rất đẹp tình người. Của người tính đồ Phật Giáoáo Hòa Hảo,8 năm trước,,Google Maps,2026-08-29T06:45:07+00:00
google_maps_ChZDSUhNMG9nS0VJQ0FnSUNPcGEtZEp3EAE,OSM_node_5031704910,5,rất trang nghiêm tốt đời đẹp đạo,4 năm trước,,Google Maps,2026-08-29T06:45:07+00:00
google_maps_ChdDSUhNMG9nS0VJQ0FnSUNRbDhqYjhBRRAB,OSM_node_5031704910,5,Nếu đến đây một lần là ko mun về lun,8 năm trước,,Google Maps,2026-08-29T06:45:07+00:00
google_maps_ChdDSUhNMG9nS0VJQ0FnSURrcmZpZDNnRRAB,OSM_node_5031704910,1,Moi cac ban ghe tham hoa hao we m,7 năm trước,,Google Maps,2026-08-29T06:45:07+00:00
google_maps_ChZDSUhNMG9nS0VJQ0FnSUNNc2VfSWJ3EAE,OSM_node_5031704910,5,Đi chùa cúng phật cầu nguyện bình an,6 năm trước,,Google Maps,2026-08-29T06:45:07+00:00
google_maps_ChZDSUhNMG9nS0VJQ0FnSUNMLTkzN05REAE,OSM_node_5031704910,5,"Sang, xịn, đẹp ah",2 năm trước,,Google Maps,2026-08-29T06:45:07+00:00
google_maps_ChZDSUhNMG9nS0VJQ0FnSURzNmJTRkJREAE,OSM_node_5031704910,5,Noi day la le rat lon,6 năm trước,,Google Maps,2026-08-29T06:45:07+00:00
google_maps_ChZDSUhNMG9nS0VJQ0FnSUNLdm9icVFREAE,OSM_node_5031704910,5,Chưa biết,5 năm trước,,Google Maps,2026-08-29T06:45:07+00:00
google_maps_ChdDSUhNMG9nS0VJQ0FnSURNMzd1VXpnRRAB,OSM_node_5031704910,5,Mô phật,6 năm trước,,Google Maps,2026-08-29T06:45:07+00:00
google_maps_ChdDSUhNMG9nS0VJQ0FnSURNOUxfNHpBRRAB,OSM_node_5031704910,4,Tâm linh,Thời gian chỉnh sửa: 5 năm trước,,Google Maps,2026-08-29T06:45:07+00:00
google_maps_ChZDSUhNMG9nS0VJQ0FnSUNra09PNUh3EAE,OSM_node_5031704910,5,Nam mô a di đà phật,7 năm trước,,Google Maps,2026-08-29T06:45:07+00:00
google_maps_ChZDSUhNMG9nS0VJQ0FnSURJM2NqamJnEAE,OSM_node_5031704910,5,Chu đáo,7 năm trước,,Google Maps,2026-08-29T06:45:07+00:00
google_maps_ChdDSUhNMG9nS0VJQ0FnSURrODUtQ2xnRRAB,OSM_node_5031704910,5,Chùa đẹp,7 năm trước,,Google Maps,2026-08-29T06:45:07+00:00
google_maps_ChZDSUhNMG9nS0VJQ0FnSURKdW9UdE5REAE,OSM_node_5031704910,5,Phật Pháp nhiệm mầu,3 năm trước,,Google Maps,2026-08-29T06:45:07+00:00
google_maps_ChZDSUhNMG9nS0VJQ0FnSURBMC1PQkh3EAE,OSM_node_5031704910,5,NAM MO A DI DA PHAT,Thời gian chỉnh sửa: 4 năm trước,,Google Maps,2026-08-29T06:45:07+00:00
google_maps_ChdDSUhNMG9nS0VJQ0FnSURKa1BfMTV3RRAB,OSM_node_5031704910,5,Thánh địa Hoà Hảo.,3 năm trước,,Google Maps,2026-08-29T06:45:07+00:00
google_maps_ChdDSUhNMG9nS0VJQ0FnSUNCMHVtNXFBRRAB,OSM_node_5031704910,5,Tuyệt vời,3 năm trước,,Google Maps,2026-08-29T06:45:07+00:00
google_maps_ChZDSUhNMG9nS0VJQ0FnSURPaVpQTEh3EAE,OSM_node_5031704910,5,Rất thích rất vui,4 năm trước,,Google Maps,2026-08-29T06:45:07+00:00
google_maps_ChdDSUhNMG9nS0VJQ0FnSUQwcXBMYy1nRRAB,OSM_node_5031704910,5,Hoạt động hiệu quả.,6 năm trước,,Google Maps,2026-08-29T06:45:07+00:00
google_maps_ChZDSUhNMG9nS0VJQ0FnSUNHX1BpU01REAE,OSM_node_5031704910,5,👍👍👍 …,4 năm trước,,Google Maps,2026-08-29T06:45:07+00:00
google_maps_ChZDSUhNMG9nS0VJQ0FnSURJMGR2Q1RBEAE,OSM_node_5031704910,5,Trung ương giáo hội Phật giáo Hòa Hảo,7 năm trước,,Google Maps,2026-08-29T06:45:07+00:00
google_maps_ChdDSUhNMG9nS0VJQ0FnSUMwNmM3NDRBRRAB,OSM_node_5031704910,5,Tổ chức từ thiện,6 năm trước,,Google Maps,2026-08-29T06:45:07+00:00
google_maps_ChdDSUhNMG9nS0VJQ0FnSUNROGFTam9RRRAB,OSM_node_5031704910,5,Tôn kính Phật,8 năm trước,,Google Maps,2026-08-29T06:45:07+00:00
google_maps_ChRDSUhNMG9nS0VJQ0FnSURrbnFOTBAB,OSM_node_5031704910,3,"Chuẩn, trang nghiêm",7 năm trước,,Google Maps,2026-08-29T06:45:07+00:00
google_maps_ChdDSUhNMG9nS0VJQ0FnSUM4MWJxNmdBRRAB,OSM_node_5031704910,5,Trang nghiêm,6 năm trước,,Google Maps,2026-08-29T06:45:07+00:00
google_maps_Ci9DQUlRQUNvZENodHljRjlvT25WeFJXUnJablJJUVV0aFZrcFZjV04wWTJsSGMyYxAB,OSM_node_5031704910,5,🪷🪷🪷 …,một tháng trước,,Google Maps,2026-08-29T06:45:07+00:00
google_maps_ChZDSUhNMG9nS0VJQ0FnSUNnMmR6SWVBEAE,OSM_node_5031704910,5,"Thật tuyệt khi biết có một tôn giáo mới chỉ xuất hiện ở vùng đồng bằng sông Cửu Long, Việt Nam!",9 năm trước,,Google Maps,2026-08-29T06:45:07+00:00
google_maps_ChZDSUhNMG9nS0VJQ0FnSURNN2VILURBEAE,OSM_node_5031704910,5,,6 năm trước,,Google Maps,2026-08-29T06:45:07+00:00
google_maps_ChZDSUhNMG9nS0VJQ0FnSUNuNzdQZEp3EAE,OSM_node_5031704910,5,,một năm trước,,Google Maps,2026-08-29T06:45:07+00:00
google_maps_ChZDSUhNMG9nS0VJQ0FnSURad0o3RGJ3EAE,OSM_node_5031704910,5,,2 năm trước,,Google Maps,2026-08-29T06:45:07+00:00
google_maps_ChZDSUhNMG9nS0VJQ0FnSUQyM01UT1JnEAE,OSM_node_5031704910,1,,4 năm trước,,Google Maps,2026-08-29T06:45:07+00:00
google_maps_ChdDSUhNMG9nS0VJQ0FnSUNzNWJ5NDdRRRAB,OSM_node_5031704910,5,Được rồi,6 năm trước,,Google Maps,2026-08-29T06:45:07+00:00
google_maps_ChZDSUhNMG9nS0VJQ0FnSUNKaTdiVE9nEAE,OSM_node_5031704910,5,Chúa,3 năm trước,,Google Maps,2026-08-29T06:45:07+00:00
google_maps_ChdDSUhNMG9nS0VJQ0FnSUNvMzhld25RRRAB,OSM_node_5031704910,5,Xuất sắc,7 năm trước,,Google Maps,2026-08-29T06:45:07+00:00
google_maps_Ci9DQUlRQUNvZENodHljRjlvT21Od09VcE9kbVY0ZVRoMmRtOVFOR1UzYnkxaFIwRRAB,OSM_node_5031704910,5,,5 tháng trước,,Google Maps,2026-08-29T06:45:07+00:00
google_maps_Ci9DQUlRQUNvZENodHljRjlvT2kxRlJFTTNTV1pqTkZWT1VITlZYMFpXWTJGWVJWRRAB,OSM_node_5031704910,1,,6 tháng trước,,Google Maps,2026-08-29T06:45:07+00:00
google_maps_Ci9DQUlRQUNvZENodHljRjlvT2t4eU0xQk9NR0UzTkZKd1kwMVFTSE5DYVMxMExYYxAB,OSM_node_5031704910,5,,7 tháng trước,,Google Maps,2026-08-29T06:45:07+00:00
google_maps_Ci9DQUlRQUNvZENodHljRjlvT2xSS1pHcHRZV3RzU1ZsWVNVeE5ja1Y1ZFdOU1IyYxAB,OSM_node_5382848422,5,"Tôi rất thích đi bộ dọc phố Phùng Hưng và chiêm ngưỡng tất cả các tác phẩm nghệ thuật cũng như không khí nơi đây. Điều đó khiến chuyến đi bộ qua Khu Phố Cổ trở nên thú vị và sống động hơn rất nhiều. Mặc dù tôi đã nghe nói về những bức tranh tường trên phố, nhưng vì thời gian có hạn và còn nhiều thứ khác phải xem ở Hà Nội, nên tôi không có kế hoạch đến đó. Tình cờ tôi đã đi ngang qua và tôi rất vui vì điều đó. Con phố này rất dễ tìm.",2 tháng trước,,Google Maps,2026-08-29T06:53:09+00:00
google_maps_Ci9DQUlRQUNvZENodHljRjlvT2twbFRHdG1kbGh1UkZWWWNXMHlZVmxwTUdac1VFRRAB,OSM_node_5382848422,5,Những bức tranh tường tuyệt đẹp và một chút lịch sử nghệ thuật được trưng bày dọc theo các bức tường. Phía đối diện có rất nhiều quán cà phê xinh xắn để ghé vào. Dễ dàng đi dạo và ngắm cảnh. Khung cảnh tuyệt vời để chụp ảnh.,5 tháng trước,,Google Maps,2026-08-29T06:53:09+00:00
google_maps_Ci9DQUlRQUNvZENodHljRjlvT2kwd1dGZHRTWE5GUkdaYVUwNUVWakV0T0ZOR00zYxAB,OSM_node_5382848422,4,"Một tuyến đường sắt với khoảng 10 cảnh tái hiện lịch sử Việt Nam. Nếu bạn đang ở khu vực này, bạn có thể ghé thăm.",3 tháng trước,,Google Maps,2026-08-29T06:53:09+00:00
google_maps_Ci9DQUlRQUNvZENodHljRjlvT21KUFowbDFXa3gwWmpBeFRrVkRTSEphTFhCdlZIYxAB,OSM_node_5382848422,5,"Cách tận dụng không gian trống rất tuyệt vời. Các tác phẩm nghệ thuật có phần giải thích rõ ràng bằng tiếng Anh, điều này rất đáng khen. Một số tác phẩm không thể truy cập được do đang chuẩn bị cho Tết Nguyên đán.",7 tháng trước,,Google Maps,2026-08-29T06:53:09+00:00
google_maps_Ci9DQUlRQUNvZENodHljRjlvT25kTVVGUlJSbXhIVlRkUmJXSjZTblpRWTJKd2FtYxAB,OSM_node_5382848422,5,"Tuyệt vời. Nghệ thuật gắn liền với văn hóa. Con phố tràn ngập những bức tranh tường kể về văn hóa và cuộc sống của Hà Nội, kèm theo những mô tả và suy nghĩ của các họa sĩ. Thật thú vị khi dạo bước và suy ngẫm về góc nhìn của họ. #OQFW",một năm trước,,Google Maps,2026-08-29T06:53:09+00:00
google_maps_Ci9DQUlRQUNvZENodHljRjlvT2tKWGFYRjVOREp5Y1U1TmN6ZEJkQzFUYlZkelJIYxAB,OSM_node_5382848422,5,"Chắc chắn sẽ quay lại. Khách sạn rất tuyệt vời và phòng ốc sạch sẽ. Nhân viên thân thiện, giao tiếp tốt, mặc dù đóng cửa lúc 11 giờ tối nhưng bạn vẫn có thể vào bằng thẻ từ. …",9 tháng trước,,Google Maps,2026-08-29T06:53:09+00:00
google_maps_ChZDSUhNMG9nS0VJQ0FnTUNJOGZubmR3EAE,OSM_node_5382848422,5,"Không chỉ vậy, chúng còn rất đẹp và xứng đáng được chiêm ngưỡng như trong bảo tàng. Xin chúc mừng các nghệ sĩ. Và đối diện với những bức tường này, họ bán thịt chó. Rùng mình, những người nhạy cảm hãy cẩn thận.",một năm trước,,Google Maps,2026-08-29T06:53:09+00:00
google_maps_Ci9DQUlRQUNvZENodHljRjlvT2kxek1WUkJialoxZWxKT2NYcDFiVk5DZEdoTGJXYxAB,OSM_node_5382848422,5,"Những tác phẩm nghệ thuật đẹp, không đông đúc… một cuộc dạo bộ tuyệt vời để tránh xa đám đông.",một năm trước,,Google Maps,2026-08-29T06:53:09+00:00
google_maps_Ci9DQUlRQUNvZENodHljRjlvT21jdE0yOVdSRTFLZFZOQlFuSlBhWFZyYkcxUmJWRRAB,OSM_node_5382848422,5,"Con phố dài 150m với những tác phẩm nghệ thuật tuyệt đẹp trên tường, nằm cạnh đường ray xe lửa ở khu Phố Cổ Trung Tâm.",9 tháng trước,,Google Maps,2026-08-29T06:53:09+00:00
google_maps_Ci9DQUlRQUNvZENodHljRjlvT2tZMU5sVTVWM0UwV0VkM2ExaEljakJZT0RObmVVRRAB,OSM_node_5382848422,1,"Thật tiếc phải nói rằng Phố Nghệ thuật này không phải là một điểm thu hút khách du lịch đối với tôi. Đường phố bẩn thỉu, giao thông hỗn loạn với ô tô, xe máy từ mọi hướng, cộng thêm người đi bộ chen chúc nhau băng qua đường. Một bước sai lầm có thể khiến bạn mất mạng khi băng qua đường. Hầu hết các bức tranh tường đều bị che khuất bởi các biển hiệu của người bán hàng rong và các vật cản khác trên đường. Ấn tượng không tốt lắm đối với tôi. Hy vọng thành phố này sẽ được cải thiện và thân thiện hơn với khách du lịch trong tương lai.",10 tháng trước,,Google Maps,2026-08-29T06:53:09+00:00
google_maps_ChdDSUhNMG9nS0VKQ3I5b0hBdzRMOW53RRAB,OSM_node_5382848422,5,Đây là điểm nhấn đáng nhớ nhất trong chuyến đi Hà Nội của tôi! Những tác phẩm nghệ thuật tuyệt đẹp mang đến cái nhìn sâu sắc về cuộc sống lịch sử của người dân Hà Nội.,một năm trước,,Google Maps,2026-08-29T06:53:09+00:00
google_maps_ChZDSUhNMG9nS0VJQ0FnTURvbmJfRU9BEAE,OSM_node_5382848422,4,"Các bức bích họa cũng tạm ổn, dù không nhiều như tôi mong đợi. Bạn sẽ xem xong chúng trong khoảng 10 phút là cùng. Đối diện với các bức bích họa, bạn có cơ hội thưởng thức một món ăn đặc biệt mà người phương Tây không quen thuộc: thịt chó …",một năm trước,,Google Maps,2026-08-29T06:53:09+00:00
google_maps_Ci9DQUlRQUNvZENodHljRjlvT2tWSWMzSTJYMmRvWVZwVFoyMHliMnQyTmsxWFYwRRAB,OSM_node_5382848422,4,"Rất đáng xem, thú vị và mang tính lịch sử.",3 tuần trước,,Google Maps,2026-08-29T06:53:09+00:00
google_maps_Ci9DQUlRQUNvZENodHljRjlvT2tKVVJERTVYMmhTWjJKZmVsSjZObkZtVDBsUlUwRRAB,OSM_node_5382848422,3,Con đường có những bức tranh đường phố này chật kín xe cộ và bạn cần phải đến gần hơn để chiêm ngưỡng chúng. Tranh vẽ rất đẹp.,9 tháng trước,,Google Maps,2026-08-29T06:53:09+00:00
google_maps_Ci9DQUlRQUNvZENodHljRjlvT201NFJrZ3dYM0kxWmxaUlJEZENUbmRpY0hKVFptYxAB,OSM_node_5382848422,5,Rất đáng để ghé thăm vì vẻ đẹp và những lời giải thích cho mỗi bức tranh tường.,5 tháng trước,,Google Maps,2026-08-29T06:53:09+00:00
google_maps_ChdDSUhNMG9nS0VJbUptOVBNNVozaTF3RRAB,OSM_node_5382848422,3,"Khá đẹp, nhưng không có nhiều tác phẩm nghệ thuật. Hầu hết đều bị xe máy che khuất :( Mẹo nhỏ: Trên phố này người ta bán và chế biến thịt chó!",một năm trước,,Google Maps,2026-08-29T06:53:09+00:00
google_maps_Ci9DQUlRQUNvZENodHljRjlvT25sMVRXaFpVRk0wVldaRE9FdDNXVlU1Tnpob1pIYxAB,OSM_node_5382848422,2,"Thật đáng thất vọng, tranh tường thì đẹp nhưng không phải là con phố lý tưởng để đi bộ vì giao thông đông đúc, hơi bị bỏ hoang.",9 tháng trước,,Google Maps,2026-08-29T06:53:09+00:00
google_maps_Ci9DQUlRQUNvZENodHljRjlvT21wUGNuRXRTRzkwY0ZsS09VWmZSakpmTjNwbmNVRRAB,OSM_node_5382848422,3,Đẹp nhưng có phần hạn chế.,2 tháng trước,,Google Maps,2026-08-29T06:53:09+00:00
google_maps_Ci9DQUlRQUNvZENodHljRjlvT2pWcmVtTnFjRzR0ZDB4T1oyNDJjak5oTmkxZlZuYxAB,OSM_node_5382848422,5,"Chắc chắn nên ghé thăm nếu bạn đang ở Hà Nội, quán này miễn phí và rất dễ đi bộ từ trung tâm thị trấn.",một năm trước,,Google Maps,2026-08-29T06:53:09+00:00
google_maps_ChdDSUhNMG9nS0VJQ0FnTURvNllYajVRRRAB,OSM_node_5382848422,5,Những địa điểm chụp ảnh tuyệt đẹp và chiêm ngưỡng tác phẩm nghệ thuật của nhiều nghệ sĩ khác nhau!,một năm trước,,Google Maps,2026-08-29T06:53:09+00:00
google_maps_Ci9DQUlRQUNvZENodHljRjlvT2pkMGNYRjFjSFpWVG1WalNFdFhVVVUwYkhCR2MxRRAB,OSM_node_5382848422,2,Một từ ngữ miệt thị dành cho nghệ thuật đường phố.,2 tháng trước,,Google Maps,2026-08-29T06:53:09+00:00
google_maps_ChdDSUhNMG9nS0VKejA0TzZTbEt1TThBRRAB,OSM_node_5382848422,5,Chắc chắn đáng để ghé qua!,một năm trước,,Google Maps,2026-08-29T06:53:09+00:00
google_maps_Ci9DQUlRQUNvZENodHljRjlvT2xRemJHdEVaa3BxTFRKelVVRkJWbFJCWkZVNFMxRRAB,OSM_node_5382848422,5,"Địa điểm chụp ảnh tuyệt vời, tác phẩm nghệ thuật xuất sắc.",10 tháng trước,,Google Maps,2026-08-29T06:53:09+00:00
google_maps_Ci9DQUlRQUNvZENodHljRjlvT2xoQ1NXMVRNVGt6YWpKSmMybHJORmxEWTBNek1sRRAB,OSM_node_5382848422,5,,4 tháng trước,,Google Maps,2026-08-29T06:53:09+00:00
google_maps_Ci9DQUlRQUNvZENodHljRjlvT25od1dsa3pVMlZPVFdwdk1qSmlkV1ZzVXpCcWFGRRAB,OSM_node_5382848422,5,,4 tháng trước,,Google Maps,2026-08-29T06:53:09+00:00
google_maps_Ci9DQUlRQUNvZENodHljRjlvT25oMWJrTkNhRzh5WldzemNFbE5SM1JMVXpOdlRWRRAB,OSM_node_5382848422,5,,7 tháng trước,,Google Maps,2026-08-29T06:53:09+00:00
google_maps_ChZDSUhNMG9nS0VJQ0FnTUNZMElPN2ZBEAE,OSM_node_5382848422,5,Đẹp,một năm trước,,Google Maps,2026-08-29T06:53:09+00:00
google_maps_Ci9DQUlRQUNvZENodHljRjlvT25adFp6QkZVa3gxWjFaRFprbHlPRE5aTjB0UFkzYxAB,OSM_node_5382848422,3,Cây gai dầu than,7 tháng trước,,Google Maps,2026-08-29T06:53:09+00:00
google_maps_Ci9DQUlRQUNvZENodHljRjlvT2pCUFRWSk1WbEp3YjBSTE5HcDBRV013WkRjNWJsRRAB,OSM_node_5382848422,5,,10 tháng trước,,Google Maps,2026-08-29T06:53:09+00:00
google_maps_ChZDSUhNMG9nS0VJQ0FnTURRMi1LY1NnEAE,OSM_node_5382848422,3,Chỉ có một vài bức tranh tường.,một năm trước,,Google Maps,2026-08-29T06:53:09+00:00
google_maps_ChdDSUhNMG9nS0VJQ28zZEQtZ29xU3N3RRAB,OSM_node_5382848422,5,Nó đáng giá.,một năm trước,,Google Maps,2026-08-29T06:53:09+00:00
google_maps_ChZDSUhNMG9nS0VJeTlwZTdxMHJ6dmFBEAE,OSM_node_5382848422,5,Tuyệt đẹp!,một năm trước,,Google Maps,2026-08-29T06:53:09+00:00
google_maps_Ci9DQUlRQUNvZENodHljRjlvT2xaTlYxWm5UR1pJY0RSMGJWQmZYMUJOTFRodlFVRRAB,OSM_node_5382848422,1,Nghèo,một năm trước,,Google Maps,2026-08-29T06:53:09+00:00
google_maps_Ci9DQUlRQUNvZENodHljRjlvT21veVJWUmZaRTFhVFdRM1FUWkJhV2hhTkUwNVpIYxAB,OSM_node_5382848422,5,"Tôi không hiểu tại sao lại có đánh giá 4,2 sao. Nó tuyệt vời, có rất nhiều phong cách nghệ thuật khác nhau, tôi rất thích.",một tuần trước,,Google Maps,2026-08-29T06:53:09+00:00
google_maps_Ci9DQUlRQUNvZENodHljRjlvT25oUmNYazBSWEpwVEhOWVEyZEZXR1pZWTA5U1lVRRAB,OSM_node_5382848422,4,Rất đẹp nhưng hơi bẩn nên tôi trừ đi một sao.,2 tuần trước,,Google Maps,2026-08-29T06:53:09+00:00
google_maps_Ci9DQUlRQUNvZENodHljRjlvT2xsbGRXcENaek5NTjNoalpIQlFWa2syZFdwb2NXYxAB,OSM_node_5382848422,5,,một tháng trước,,Google Maps,2026-08-29T06:53:09+00:00
google_maps_Ci9DQUlRQUNvZENodHljRjlvT25wbWQzUXhWVXh6YkhCSFNHTlNhVkkxUkdZemIzYxAB,OSM_node_5382848422,3,,3 tháng trước,,Google Maps,2026-08-29T06:53:09+00:00
google_maps_Ci9DQUlRQUNvZENodHljRjlvT25wTVVIRmpTamczV0hWeFVYUkxVekZQUVRKc2JFRRAB,OSM_node_5382848422,5,,4 tháng trước,,Google Maps,2026-08-29T06:53:09+00:00
google_maps_Ci9DQUlRQUNvZENodHljRjlvT25oeldEZHJlbmRpVTNBeE1ESlhhMDFNYURGUmFWRRAB,OSM_node_5382848422,5,,4 tháng trước,,Google Maps,2026-08-29T06:53:09+00:00
google_maps_Ci9DQUlRQUNvZENodHljRjlvT2pWbWEyTjROalZvYWxocVJpMWpURGxzTkcxSk5YYxAB,OSM_node_5382848422,5,,4 tháng trước,,Google Maps,2026-08-29T06:53:09+00:00
google_maps_Ci9DQUlRQUNvZENodHljRjlvT2t4bVFsTkpWemxpWW5KQldtYzRVbDltYldoT1ptYxAB,OSM_node_5382848422,4,,4 tháng trước,,Google Maps,2026-08-29T06:53:09+00:00
google_maps_Ci9DQUlRQUNvZENodHljRjlvT2pob1lqRkROSGR2ZFdaMFRWWnpibW94YVhsM1QxRRAB,OSM_node_5382848422,3,,8 tháng trước,,Google Maps,2026-08-29T06:53:09+00:00
google_maps_Ci9DQUlRQUNvZENodHljRjlvT2pGaFlXcEJhbkpGWmpGVGVYZFVOSHBGTjIxZlRuYxAB,OSM_node_5382848422,5,,9 tháng trước,,Google Maps,2026-08-29T06:53:09+00:00
google_maps_Ci9DQUlRQUNvZENodHljRjlvT2xaamRFSXhXRFZhYWs0dFdWcG9XVXR6V25sM1gxRRAB,OSM_node_5382848422,2,,11 tháng trước,,Google Maps,2026-08-29T06:53:09+00:00
google_maps_Ci9DQUlRQUNvZENodHljRjlvT21ob05sVXpRMFJQZEZaMWFVdG9UVmxyVlhCeGQwRRAB,OSM_node_5382848422,2,,một năm trước,,Google Maps,2026-08-29T06:53:09+00:00
google_maps_Ci9DQUlRQUNvZENodHljRjlvT21sVExVRm5SVE0xV2pjd1IycFZNbGgwYURoeFQwRRAB,OSM_node_5382848422,5,,một năm trước,,Google Maps,2026-08-29T06:53:09+00:00
google_maps_Ci9DQUlRQUNvZENodHljRjlvT2s1WldXbEVWVkJMVDNkM1VrOWlOM3BCUzFScGNuYxAB,OSM_node_5382848422,4,,một năm trước,,Google Maps,2026-08-29T06:53:09+00:00
google_maps_ChdDSUhNMG9nS0VMYVd6SWlSZzh2bDN3RRAB,OSM_node_5382848422,5,,một năm trước,,Google Maps,2026-08-29T06:53:09+00:00
google_maps_ChZDSUhNMG9nS0VJQ0FnTUNZLUpiYlJ3EAE,OSM_node_5382848422,4,,một năm trước,,Google Maps,2026-08-29T06:53:09+00:00
google_maps_ChZDSUhNMG9nS0VJQ0FnTURvbzgzak1REAE,OSM_node_5382848422,5,,một năm trước,,Google Maps,2026-08-29T06:53:09+00:00
google_maps_Ci9DQUlRQUNvZENodHljRjlvT2pKVVMyNXZiR2RVTTFSbGNubzRjbEpzV0RGWWQyYxAB,OSM_node_5485636741,5,"Nguyễn Huệ và 2 người anh em của ông, được biết đến với tên gọi Tây Sơn tam kiệt, là những lãnh đạo của cuộc khởi nghĩa Tây Sơn đã chấm dứt cuộc nội chiến Trịnh – Nguyễn phân tranh giữa hai tập đoàn phong kiến Trịnh ở phía bắc và Nguyễn ở phía nam, lật đổ hai tập đoàn này cùng Nhà Hậu Lê, chấm dứt tình trạng phân biệt Đàng Trong – Đàng Ngoài kéo dài suốt 2 thế kỷ. Ngoài ra, Quang Trung còn là người đánh bại các cuộc xâm lược Đại Việt của Xiêm La từ phía nam, của Đại Thanh từ phía bắc. Bản thân ông đã cầm quân chiến đấu từ năm 18 tuổi, trong 20 năm liền đã trải qua hàng chục trận đánh lớn, và chưa thua một trận nào. Nhà sử học Phan Huy Lê đã đánh giá ""Quang Trung không chỉ là một nhà quân sự lỗi lạc mà còn là một nhà chính trị có biệt tài""[1] Với nhãn quan tiến bộ, chỉ trong 3 năm, ông đã liên tiếp đề ra nhiều kế hoạch cải cách tiến bộ trong kinh tế, văn hóa, giáo dục, quân sự,... nhằm xây dựng đất nước và tiếp thu khoa học kỹ thuật hiện đại từ phương Tây.[2] Về nhân sự, ông đã xuống chiếu cầu hiền và trọng dụng nhiều nhân tài như Ngô Thì Nhậm, Phan Huy Ích, Nguyễn Thiệp, Nguyễn Huy Lượng,... Về quân sự, ông cho xây dựng quân đội trang bị hiện đại. Về kinh tế, ông cải cách chế độ đinh điền và ruộng đất, khuyến khích thủ công nghiệp, mở rộng ngoại thương với phương Tây. Về giáo dục, ông cải tiến thi cử theo hướng thiết thực và ban hành chính sách khuyến học, khuyến khích dùng chữ Nôm thuần Việt thay cho chữ Hán, sắp xếp lại chùa chiền dư thừa và bài trừ mê tín dị đoan. Giới sử học đánh giá rất cao những cải cách này bởi chúng mang xu hướng rất tiến bộ và vượt trên các nước châu Á đương thời, có thể đưa đất nước thoát khỏi sự trì trệ đã kéo dài trên 100 năm của chế độ phong kiến thời Trịnh – Nguyễn. Đến tận mãi sau này (1822), Hoa kiều từng sống ở Huế dưới thời Tây Sơn vẫn còn hoài niệm về sự cai trị của Nguyễn Huệ, họ nhận xét với thương gia người Anh cho rằng Quang Trung cai trị ôn hòa và công bằng hơn các vua nhà Nguyễn (Gia Long và Minh Mạng)[3] (xem chi tiết tại những cải cách tiến bộ của vua Quang Trung). Cuộc đời hoạt động của Nguyễn Huệ đã đóng góp quyết định vào sự nghiệp thống nhất đất nước của triều đại Tây Sơn[4] Sau 20 năm liên tục chinh chiến và 3 năm trị nước, khi tình hình đất nước bắt đầu có chuyển biến tốt thì Quang Trung đột ngột qua đời ở tuổi 39. Sau cái chết của ông, Nhà Tây Sơn suy yếu nhanh chóng. Người kế vị ông là Quang Toản vẫn còn quá nhỏ (9 tuổi) nên không đủ khả năng để lãnh đạo Đại Việt, triều đình lâm vào mâu thuẫn nội bộ và đã thất bại trong việc tiếp tục chống lại Nguyễn Ánh. Nguyễn Huệ được Bộ Văn hóa, Thể thao và Du lịch liệt kê vào danh sách 14 vị Anh hùng dân tộc tiêu biểu của Việt Nam.[5] Nhiều trường học và đường phố ở các địa phương được đặt các tên Quang Trung và Nguyễn Huệ.",5 tháng trước,,Google Maps,2026-08-29T06:54:22+00:00
google_maps_Ci9DQUlRQUNvZENodHljRjlvT21wQlEzVkZjMVZsUlhjMlFuSlBUM0p2WHpkaU1IYxAB,OSM_node_5485636741,5,Có những nơi không chỉ để tham quan… mà để nhớ về một thời điểm mà lịch sử đã thay đổi. …,4 tháng trước,,Google Maps,2026-08-29T06:54:22+00:00
google_maps_Ci9DQUlRQUNvZENodHljRjlvT2w5UVN6VjFWM0ExVUVwVGFHWk1MV3hsVUhwTmVHYxAB,OSM_node_5485636741,4,"Di tích Gò Đống Đa không bán vé, tham quan tự do. Không gian rộng rãi thoáng đãng và trang nghiêm. Những bức tường phù điêu đẹp, gợi nhớ lịch sử lẫy lừng của Quang Trung Nguyễn Huệ.",Thời gian chỉnh sửa: 6 tháng trước,,Google Maps,2026-08-29T06:54:22+00:00
google_maps_Ci9DQUlRQUNvZENodHljRjlvT2t0Qk9FTkhRVFpUZEdGV2N6Vk5jVUpmV1RsalRIYxAB,OSM_node_5485636741,4,"Tượng Đài Quang Trung là nơi khá thú vị nếu bạn thích lịch sử. Không gian thoáng đãng với nhiều cây xanh, tạo cảm giác dễ chịu khi dạo quanh. Tượng đài gây ấn tượng với thiết kế uy nghiêm, nhưng hơi nổi bật quá so với khu vực xung quanh. …",một tháng trước,,Google Maps,2026-08-29T06:54:22+00:00
google_maps_Ci9DQUlRQUNvZENodHljRjlvT2xoamJHdFVVRlpPY1RKc2JsQnlTV014Tm5sVlRrRRAB,OSM_node_5485636741,5,"Công viên có nhiều hoạt động nhiều thời điểm khác nhau trong ngày. Hội sách, dạy võ, tập nhảy,.....",11 tháng trước,,Google Maps,2026-08-29T06:54:22+00:00
google_maps_Ci9DQUlRQUNvZENodHljRjlvT201V1NTMW5VVFZpTldocmNqRnVPVGh5V1dSSWFGRRAB,OSM_node_5485636741,5,"Buổi tối khá vắng người, có lẽ do đợt này HN bụi mịn nhiều.",8 tháng trước,,Google Maps,2026-08-29T06:54:22+00:00
google_maps_ChZDSUhNMG9nS0VJQ0FnSURYaV9USlhREAE,OSM_node_5485636741,5,"Tượng đài Vua Quang Trung (Nguyễn Huệ) nằm trong khuân viên Công viên văn hoá Đống Đa (Gò Đống Đa), nơi ghi lại dấu ấn lịch sử trận chiến nổi tiếng Ngọc Hồi - Khương Thượng - Đống Đa, đại phá quân Thanh, giải phóng thành Thăng Long chỉ trong 5 ngày. Chiến thắng này đã giữ vững sự tồn tại của nước Đại Việt trước hoạ giặc xâm lược, chấm dứt kế hoạch xâm chiến của nhà Thanh",một năm trước,,Google Maps,2026-08-29T06:54:22+00:00
google_maps_ChdDSUhNMG9nS0VJQ0FnSURacnVtcTZnRRAB,OSM_node_5485636741,5,"Chùa nhỏ, đẹp, tượng vua Quang Trung đẹp tuyệt vời. Di tích lịch sử quan trọng, đáng để tới",2 năm trước,,Google Maps,2026-08-29T06:54:22+00:00
google_maps_ChdDSUhNMG9nS0VJQ0FnSUNfenZxT2lRRRAB,OSM_node_5485636741,5,"Rất là ấn tượng với không gian, âm nhạc và đồ uống ở đây các bạn ạ. Giải trí, thư giãn cứ đây mà ghé",một năm trước,,Google Maps,2026-08-29T06:54:22+00:00
google_maps_ChdDSUhNMG9nS0VJQ0FnSUMxazY3Wml3RRAB,OSM_node_5485636741,5,Tượng đài Vua Quang Trung nằm trong khuôn viên Công Viên Văn Hóa Đống Đa Hà Nội. Đây được xem là bức tượng khắc họa đẹp nhất của Hoàng Đế Quang Trung - Nguyễn Huệ. Bức tượng trang nghiêm oai hùng thể hiện được khí chất của Vị Vua tài ba …,2 năm trước,,Google Maps,2026-08-29T06:54:22+00:00
google_maps_Ci9DQUlRQUNvZENodHljRjlvT25SSFVHVlRjRjlJZFY4MmVXZEJNMjVCTm1SWE4wRRAB,OSM_node_5485636741,5,Sáng chói mãi tên Ngài. Hoàng Đế Quang Trung.,9 tháng trước,,Google Maps,2026-08-29T06:54:22+00:00
google_maps_ChZDSUhNMG9nS0VJQ0FnSUNfenRxcldBEAE,OSM_node_5485636741,5,"không gian chất, địa điểm vui chơi giải trí tuyệt vời cho giới trẻ, các bạn nhớ ghé nha",một năm trước,,Google Maps,2026-08-29T06:54:22+00:00
google_maps_ChdDSUhNMG9nS0VJQ0FnSUNNcjVHUGh3RRAB,OSM_node_5485636741,4,Cứ mỗi độ xuân về tại đền vua quang trung lại diễn ra lễ hội. Mọi người đến cầu phúc cầu an cho người thân Không khí thật ấm áp giữa mùa xuân se lạnh Cảm thấy thật biết ơn,6 năm trước,,Google Maps,2026-08-29T06:54:22+00:00
google_maps_ChZDSUhNMG9nS0VJQ0FnSUNka3Uya1JBEAE,OSM_node_5485636741,5,Tượng vua nằm trong khuôn viên gò đống đa. Phía sau là đền thờ đức vua cùng văn võ bá quan.,2 năm trước,,Google Maps,2026-08-29T06:54:22+00:00
google_maps_ChZDSUhNMG9nS0VJYkFocnF5aV91elJBEAE,OSM_node_5485636741,5,"Gò cao, nhiều không gian xanh , phù hợp cho các hoạt động thể dục thể thao, hội chợ, thậm chí chụp ảnh cổ phục.",một năm trước,,Google Maps,2026-08-29T06:54:22+00:00
google_maps_ChZDSUhNMG9nS0VJQ0FnSUN3NEpUTEdnEAE,OSM_node_5485636741,5,Hội Gò Đống Đa vào mồng 5 Tết. Người Việt Nam có ai mà không biết di tích Gò Đống Đa chứ.,8 năm trước,,Google Maps,2026-08-29T06:54:22+00:00
google_maps_ChZDSUhNMG9nS0VJQ0FnSURBZzRpUEh3EAE,OSM_node_5485636741,3,đẹp nhưng giờ lại cấm dân xung quanh vào chơi,10 năm trước,,Google Maps,2026-08-29T06:54:22+00:00
google_maps_ChZDSUhNMG9nS0VJQ0FnSUN3cFpLd2Z3EAE,OSM_node_5485636741,5,"Nằm trong khu di tích lịch sử Gò Đống Đa, rất uy nghi hoành tráng",9 năm trước,,Google Maps,2026-08-29T06:54:22+00:00
google_maps_ChdDSUhNMG9nS0VJQ0FnSUNaaWF1OTVRRRAB,OSM_node_5485636741,5,hôm nay 29-7 âm lịch là ngày giỗ đức Vua nhé mn,2 năm trước,,Google Maps,2026-08-29T06:54:22+00:00
google_maps_ChZDSUhNMG9nS0VJQ0FnTUNBal82RFlREAE,OSM_node_5485636741,5,"Lễ hội kỷ niệm Chiến thắng Ngọc hồi, Đống đa diễn ra nhiều hoạt động, múa Rồng, múa Lân, biểu diễn Võ thuật, Thư pháp,... Người dân đến dâng hương tưởng nhớ Anh Hùng Dân tộc Vua Quang Trung, Nguyễn Huệ",một năm trước,,Google Maps,2026-08-29T06:54:22+00:00
google_maps_ChZDSUhNMG9nS0VJQ0FnSUNQdXFhN05BEAE,OSM_node_5485636741,5,Rộng rãi thoáng mát! Uy nghi!,một năm trước,,Google Maps,2026-08-29T06:54:22+00:00
google_maps_ChZDSUhNMG9nS0VJQ0FnSURzZ0l1dFV3EAE,OSM_node_5485636741,5,"Gò Đống Đa là một gò đất và là một di tích nằm bên đường phố Tây Sơn, phường Quang Trung, quận Đống Đa, Thành phố Hà Nội. Tại đây năm 1789 quân Tây Sơn đã đại phá và đánh thắng quân nhà Thanh Trung Quốc trong Trận Ngọc Hồi - Đống Đa. Phù hợp tổ chức các hoạt động tập thể, tìm hiểu lịch sử",6 năm trước,,Google Maps,2026-08-29T06:54:22+00:00
google_maps_ChZDSUhNMG9nS0VJQ0FnSURna05PeURREAE,OSM_node_5485636741,3,"Công viên văn hoá lịch sử, gắn liền với chiến thắng của vua Quang Trung. Tại đây còn lưu lại gò Đống Đa, di tích đền Trung Liệt, phòng trưng bày hiện vật. Công viên mới được sửa chữa và lát đá rất đẹp",8 năm trước,,Google Maps,2026-08-29T06:54:22+00:00
google_maps_ChdDSUhNMG9nS0VJQ0FnSUNRb1A2ODdBRRAB,OSM_node_5485636741,4,Thuộc Phường Quang Trung/ quận Đống Đa/ thành phố Hà Nội Tại đây năm 1789 quân Tây Sơn đã đánh thắng quân nhà Thanh. Lịch sử * Đêm 4 rạng ngày 5 tháng giêng năm Kỷ Dậu (1789) trận đánh của quân Tây Sơn diễn ra với sự …,8 năm trước,,Google Maps,2026-08-29T06:54:22+00:00
google_maps_ChdDSUhNMG9nS0VJQ0FnSUR3bUxIajBnRRAB,OSM_node_5485636741,2,Kén khách Hàn + Nhật không tiếp khách Việt mới lạ,7 năm trước,,Google Maps,2026-08-29T06:54:22+00:00
google_maps_ChdDSUhNMG9nS0VJQ0FnSUNNNGRPMXBBRRAB,OSM_node_5485636741,5,Địa danh lịch sử gắn liền với di tích Gò Đống Đa trong chiến thắng lẫy lừng của Hoàng đế Quang Trung Nguyễn Huệ trước 20 vạn quân Thanh năm Kỷ Dậu 1789,6 năm trước,,Google Maps,2026-08-29T06:54:22+00:00
google_maps_ChZDSUhNMG9nS0VJQ0FnSUNBZ3VPbk5REAE,OSM_node_5485636741,4,"Tượng đài ""Hoàng đế"" Quang Trung tại núi Bân là một Di tích lịch sử cấp quốc gia. Tại núi Bân này, ngày 22 tháng 11 năm Mậu Thân (1788), Nguyễn Huệ lên ngôi vua đặt niên hiệu là Quang Trung (1753-1792) với lời tuyên cáo trước quốc dân",9 năm trước,,Google Maps,2026-08-29T06:54:22+00:00
google_maps_ChdDSUhNMG9nS0VJQ0FnSUNRNDdxYjd3RRAB,OSM_node_5485636741,5,"Phố Pháo Đài Láng nằm trên đất phường Láng Thượng. Phố dài 600m, hình cánh cung, bắt đầu từ đường Nguyễn Chí Thanh, chỗ giao với đường Huỳnh Thúc Kháng đi qua khu di tích Pháo Đài Láng đến đường Láng ở cạnh số nhà 778.",9 năm trước,,Google Maps,2026-08-29T06:54:22+00:00
google_maps_ChdDSUhNMG9nS0VJQ0FnSURZNklXYTdnRRAB,OSM_node_5485636741,5,Tượng đài được chỉnh trang lại rất đàng hoàng tăng vẻ tôn nghiêm của vị anh hùng áo vải Vietnam chiến thắng quân xâm lược trung hoa.,7 năm trước,,Google Maps,2026-08-29T06:54:22+00:00
google_maps_ChdDSUhNMG9nS0VJQ0FnSUNRa0ltT2xBRRAB,OSM_node_5485636741,5,"Hàng năm cứ vào ngày mồng 5 Tết nhân dân thường tổ chức hội Gò Đống Đa để ôn lại những sự kiện lịch sử đã diễn ra tại nơi đây, đặc biệt có tục rước rồng lửa đã thành lễ hội truyền thống của người Hà Nội. Sau đám rước rồng lửa là lễ dâng hương, lễ đọc văn, cuộc tế diễn ra ở đình Khương Thượng, lễ cầu siêu ở chùa Đồng Quang.",9 năm trước,,Google Maps,2026-08-29T06:54:22+00:00
google_maps_ChZDSUhNMG9nS0VJQ0FnSUNQNDlEcUtBEAE,OSM_node_5485636741,4,Địa danh lịch sử,một năm trước,,Google Maps,2026-08-29T06:54:22+00:00
google_maps_ChZDSUhNMG9nS0VJQ0FnSUNjblozMllBEAE,OSM_node_5485636741,5,"TƯỢNG QUANG TRUNG QUÁ NHỎ ĐẶT SAU MẢ QUÂN XÂM LƯỢC ( NẾU XEM ĐÂY LÀ NƠI CHÔN XÁC QUÂN NHÀ THANH) THÌ TƯƠNG NOM CHẲNG KHÁC GÌ NGƯỜI BẢO VỆ MỘ KẺ XÂM LƯỢC. VẬY CẦN PHẢI BỎ TƯỢNG NÀY VÀ XÂY DỰNG MỘT BỨC TƯỢNG MỚI NHƯ MỘT CÔNG TRÌNH KIẾN TRÚC BẰNG VẬT LIỆU XÂY DỰNG HIỆN ĐẠI. TƯỢNG ĐÀI NHƯ MỘT NGÔI NHÀ NHIỀU TẦNG, DU KHÁCH CÓ THỂ DI CHUYỂN TRONG ĐÓ NGẮM TOÀN CẢNH HÀ NỘI. MỘT BÀN CHÂN TƯỢNG KIẾN TRÚC ĐẶT TRÊN NỀN ĐẤT PHẲNG , BAN CHÂN KIA ĐẠP LỀN GÒ.........",6 năm trước,,Google Maps,2026-08-29T06:54:22+00:00
google_maps_ChZDSUhNMG9nS0VJQ0FnSURROXV6SU13EAE,OSM_node_5485636741,4,- Địa điểm tưởng nhớ - có giá trị lịch sử - nhưng lại không được quan tâm nhiều. Cần để ý hơn vấn đề môi trường quanh khu vực tượng đài !,10 năm trước,,Google Maps,2026-08-29T06:54:22+00:00
google_maps_ChdDSUhNMG9nS0VJQ0FnSURvenRLODZBRRAB,OSM_node_5485636741,5,Không gian rộng với tượng đài nổi bật và khu đền thờ Quang Trung hoàng đế khá đẹp,7 năm trước,,Google Maps,2026-08-29T06:54:22+00:00
google_maps_ChdDSUhNMG9nS0VJQ0FnSURvOE9qcDdRRRAB,OSM_node_5485636741,1,Tượng đài đẹp. Có chỗ rộng rãi để đi dạo và trẻ em chơi đùa.,7 năm trước,,Google Maps,2026-08-29T06:54:22+00:00
google_maps_ChZDSUhNMG9nS0VJQ0FnSURvMktqWUNREAE,OSM_node_5485636741,4,"tượng đẹp, sân rộng, sạch, nhưng lại khuất bên trong nên không nhiều người biết tới",7 năm trước,,Google Maps,2026-08-29T06:54:22+00:00
google_maps_ChdDSUhNMG9nS0VJQ0FnSUN3Z0lYMnZnRRAB,OSM_node_5485636741,4,Khu di tích lịch sử vừa được trùng tu lại rộng rãi và khang trang hơn trước nhiều,9 năm trước,,Google Maps,2026-08-29T06:54:22+00:00
google_maps_ChZDSUhNMG9nS0VJQ0FnSUNROVoycUJ3EAE,OSM_node_5485636741,4,"Một di tích lịch sử, một tự hào dân tộc. Khuôn viên rộng rãi thoáng mát",10 năm trước,,Google Maps,2026-08-29T06:54:22+00:00
google_maps_ChdDSUhNMG9nS0VJQ0FnSUNvdmZDNG1BRRAB,OSM_node_5485636741,3,cần có thêm thông tin lịch sử cho khu di tích này để khách du lịch có thể tìm hiểu thêm,7 năm trước,,Google Maps,2026-08-29T06:54:22+00:00
google_maps_ChdDSUhNMG9nS0VJQ0FnSUNnOHVMYi1BRRAB,OSM_node_5485636741,5,"rất đẹp, là một địa điểm tốt để tản bộ và chơi các môn thể thao",9 năm trước,,Google Maps,2026-08-29T06:54:22+00:00
google_maps_ChZDSUhNMG9nS0VJQ0FnSURleGI3V1N3EAE,OSM_node_5485636741,5,"Tượng trông Việt nam, gần ngoài bên cồng có xà kép tập thể dục.",3 năm trước,,Google Maps,2026-08-29T06:54:22+00:00
google_maps_ChZDSUhNMG9nS0VJQ0FnSUNnaWFtME1REAE,OSM_node_5485636741,4,Tượng dai Vua Quang Trung là một trong số ít tượng đài đẹp của Hà Nội,9 năm trước,,Google Maps,2026-08-29T06:54:22+00:00
google_maps_ChZDSUhNMG9nS0VJQ0FnSURvOV82bFZnEAE,OSM_node_5485636741,5,Người được mệnh danh là người anh hùng áo vải của dân tộc.,7 năm trước,,Google Maps,2026-08-29T06:54:22+00:00
google_maps_ChdDSUhNMG9nS0VJQ0FnSURDMmV2VDZ3RRAB,OSM_node_5485636741,5,Ủa tượng ông ý là bức tượng thôi có gì đâu mà google bắt tui đánh giá,5 năm trước,,Google Maps,2026-08-29T06:54:22+00:00
google_maps_ChZDSUhNMG9nS0VJQ0FnSUNZdnVLOFl3EAE,OSM_node_5485636741,5,Tượng Đài Quang Trung thể hiện ý chí oai hùng người con đất Việt.,7 năm trước,,Google Maps,2026-08-29T06:54:22+00:00
google_maps_ChZDSUhNMG9nS0VJQ0FnSUNzaUxhUkVBEAE,OSM_node_5485636741,5,Tác phẩm điêu khắc mang tính nghệ thuật. Khắc hoạ hình ảnh Hoàng Đế Quang Trung,6 năm trước,,Google Maps,2026-08-29T06:54:22+00:00
google_maps_ChdDSUhNMG9nS0VJQ0FnSURvMC11bnlnRRAB,OSM_node_5485636741,5,Hoàng đế Quang trung.nhà cầm quân vĩ đại trong lịch sử việt nam.,7 năm trước,,Google Maps,2026-08-29T06:54:22+00:00
google_maps_ChZDSUhNMG9nS0VJQ0FnSUNRdVpPZUdnEAE,OSM_node_5485636741,5,Quang trung nguyễn huệ. Là một vị vua tài giỏi của đất nước,9 năm trước,,Google Maps,2026-08-29T06:54:22+00:00
google_maps_ChdDSUhNMG9nS0VJQ0FnSUNveW9DUGl3RRAB,OSM_node_5485636741,5,tượng,7 năm trước,,Google Maps,2026-08-29T06:54:22+00:00
google_maps_ChdDSUhNMG9nS0VJQ0FnSUNZZ3I2RG13RRAB,OSM_node_5485636741,5,Nơi tập trung hội gò mồng 5 tết rất vui rất ý nghĩa,7 năm trước,,Google Maps,2026-08-29T06:54:22+00:00
google_maps_Ci9DQUlRQUNvZENodHljRjlvT25OYWNXWlNkbnBZV1VKSVVHTlBkbEJhVXpWelZIYxAB,OSM_node_5485779585,5,"Hữu duyên đến với Công viên Lê-nin (trước đây là vườn hoa Chi Lăng, dân gian gọi là vườn hoa Canh Nông) Nổi bật tại công viên này là Tượng đài V.I. Lenin bằng đồng, cao hơn 5m bên cạnh là rất nhiều hoa nhìn rất uy nghi. Khu vực công viên rất rộng, phía trước có một sân quảng trường khá lớn, ở đây các bạn thường hay chơi các môn thể thao như đá banh và đá cầu. Đằng sau là một khu công viên với những lối đi giữa những hàng cây nhìn rất thơ mộng. Đặc biệt tại đây có thể chụp được cột cửa Hà Nội lẫn giữa những tàn cây nhìn rất đẹp. Ở phía sau khu công viên có một khu vệ sinh công cộng, nhìn qua thì tương đối sạch sẽ nhé.",7 tháng trước,,Google Maps,2026-08-29T06:55:02+00:00
google_maps_Ci9DQUlRQUNvZENodHljRjlvT25Oa1ZEUnlNMEZvUmtsS1FrTXhXVmQ0WTJvdGNGRRAB,OSM_node_5485779585,3,Phòng rộng giá mức khá 580 /1h cho phòng bé còn p có sân khâu 680 nhưng bị 1 cái là wifi phòng yếu quá mất đi mất lại 3 lần k kết nối hát dc gần chỗ ăn nên đi thôi ạ,6 tháng trước,,Google Maps,2026-08-29T06:55:02+00:00
google_maps_Ci9DQUlRQUNvZENodHljRjlvT2tOaGMyZEdSRFZVVTNCYVVrVjFRV0YwT1hsYVdFRRAB,OSM_node_5485779585,5,"Nằm trên con đường Điện Biên Phủ dẫn thẳng ra Lăng Bác Hồ - đối diện cột cờ hà nội . đây là vườn hoa từ rất lâu đời với không gian rộng rãi và thoáng mát , thích hợp cho các cháu nhỏ ra đây chơi đùa mỗi buổi chiều về sau khi tan học. có rất …",9 tháng trước,,Google Maps,2026-08-29T06:55:02+00:00
google_maps_Ci9DQUlRQUNvZENodHljRjlvT2xwWE0zTTFVRFZxTlZKMFNISjNSSEZqTlZKcFVIYxAB,OSM_node_5485779585,5,"Công viên Lê Nin (quận Ba Đình, TP.Hà Nội) ban đầu có tên là vườn hoa Robin, được thực dân Pháp cho xây dựng từ khoảng những năm 1894 - 1897. Sau Cách mạng tháng 8 năm 1945, nơi đây được gọi là vườn hoa Chi Lăng và cuối cùng vào năm 2003, vườn hoa chính thức được đổi tên thành công viên Lê Nin. Công viên Lê Nin được đặt tên theo nhà cách mạng vĩ đại người Nga Vladimir Ilyich Lenin (1870 - 1954), có tổng diện tích 17.183m2. Đây là một trong số ít công viên được đặt tên dựa theo danh nhân ngoại quốc. Công viên Lê Nin không chỉ là một không gian xanh trong lòng thành phố mà còn là một ốc đảo mát mẻ, nhờ những hàng cây sấu cổ thụ đã trải qua hàng trăm năm lịch sử. Những cây sấu này có thân to và tán lá rộng, tạo thành những vòm cây xanh mát, che phủ rộng lớn, mang đến không gian thư giãn lý tưởng. Vào những buổi chiều mùa hè, công viên trở thành điểm đến yêu thích của nhiều người, từ người già đến trẻ nhỏ. Họ đến đây để chạy bộ, đi bộ hoặc đơn giản là ngồi hóng mát, tận hưởng làn gió mát rượi và khung cảnh yên bình tại đây. Điểm đặc biệt của công viên còn nằm ở bức tượng Lê Nin bằng đồng cao 5,2m được đặt trên bệ đá hoa cương cao 2,7m, hướng ra phía đường Điện Biên Phủ",4 tháng trước,,Google Maps,2026-08-29T06:55:02+00:00
google_maps_Ci9DQUlRQUNvZENodHljRjlvT25aVU1GTkROV2hpTUZSek9HcEdhRzF1TjJoelNGRRAB,OSM_node_5485779585,5,Sạch sẽ trung tâm thủ đô gần cột cờ.Buổi chiều tối có nhiều hoạt động vui vẻ ở đây☺️ gần đó có cái nhà phương đình của các chiến sỹ hy sinh trong thế chiến 1 mà tiếc bia tưởng niệm mất rồi,6 tháng trước,,Google Maps,2026-08-29T06:55:02+00:00
google_maps_Ci9DQUlRQUNvZENodHljRjlvT2xkNGRGTlFVR0ZqYXkxb1FWY3dkVkJCVVhORmQzYxAB,OSM_node_5485779585,5,"Dạo gần đây có dịp ghé qua một quán karaoke nằm trên đường Thái Thịnh, Hà Nội. Không gian ở đây sáng sủa, rộng rãi, âm thanh nghe cũng ổn định. Nhân viên phục vụ khá nhanh nhẹn, nhiệt tình. Tuy nhiên, giá cả hơi nhỉnh hơn so với vài chỗ quen thuộc khác của tôi. Dù vậy, cảm giác thoải mái và hài lòng khiến tôi có thể quay lại để vui cùng bạn bè một buổi.",3 tuần trước,,Google Maps,2026-08-29T06:55:02+00:00
google_maps_Ci9DQUlRQUNvZENodHljRjlvT21Sb1oyVklUbmhqU25OSlpsRk1iRlYxVTNobGVWRRAB,OSM_node_5485779585,4,Công viên và quảng trường là nơi thích hợp cho hoạt động giải trí và thể thao,5 tháng trước,,Google Maps,2026-08-29T06:55:02+00:00
google_maps_Ci9DQUlRQUNvZENodHljRjlvT2tGdFRWZzNMUzEyUkVSa2NFWTRXbTAwVW5CTFpWRRAB,OSM_node_5485779585,3,"Xây dựng cả một quảng trường tại vườn hoa làm mất đi tổng thể của vườn hoa, phía kề đường Điện Biên Phủ là tượng Lê Nin, vùng đất đất sau tượng kề phố Trần Phú, mặt còn lại kề đường Hoàng Diệu . …",9 tháng trước,,Google Maps,2026-08-29T06:55:02+00:00
google_maps_Ci9DQUlRQUNvZENodHljRjlvT2w5Uk5UWldhazVCYlVvMk5tWTRhbkpFTUdSdmFsRRAB,OSM_node_5485779585,5,"Lê-nin nó là danh nhân: Khi cách mạng tháng Mười Nga,Lenin đã được vào Nga,sau khi cánh mạng tháng Mười Nga,có cách mạng tháng Tám Việt Nam,ông đã đến Việt Nam gặp bác Hồ.Ngày nay,ông đã trở thành anh hùng của Nga-Việt",4 tháng trước,,Google Maps,2026-08-29T06:55:02+00:00
google_maps_Ci9DQUlRQUNvZENodHljRjlvT2tndGRtb3piMWxMU1hsVFowcFlOVWhGZEUxcWNIYxAB,OSM_node_5485779585,1,"Trải nghiệm quá tệ, vào quán mất điện liên tục, phục vụ không nhiệt tình, thái độ với KH, phục vụ siêu lâu",2 tháng trước,,Google Maps,2026-08-29T06:55:02+00:00
google_maps_ChdDSUhNMG9nS0VJQ0FnSUMxNU52NzRRRRAB,OSM_node_5485779585,4,"Tượng đài Lenin nằm đối diện cột cờ Hà Nội. Sạch sẽ, thoáng mát, nhiều cây xanh, tuy nhiên rất nhiều bạn trẻ tập ván trượt, rồi trẻ con đi xe đua rất nguy hiểm đối với những người đi bộ đặc biệt là trẻ con và người già. Không có chỗ đỗ xe oto.",2 năm trước,,Google Maps,2026-08-29T06:55:02+00:00
google_maps_Ci9DQUlRQUNvZENodHljRjlvT210c00wVlBiMnd3YlZOUFEyZDFNV3c1WldOUU5tYxAB,OSM_node_5485779585,3,Quán Karaoke với phong cách phù hợp cho người Việt Nam đã có tuổi. Không thích hợp cho người nước ngoài hoặc các bạn trẻ. Vì ở đây họ yêu cầu phải mua đĩa hoa quả hoặc gì đó đáng giá mới được hát (nghĩa là bill của bạn phải kha khá mới cho …,5 tháng trước,,Google Maps,2026-08-29T06:55:02+00:00
google_maps_Ci9DQUlRQUNvZENodHljRjlvT21kWVRFeGxXazFoU1VJM2JuQnNaWHB2U1Vsc2MyYxAB,OSM_node_5485779585,5,Xem tổng duyệt lễ duyệt binh 2.9 ở đây hôm nay rất tuyệt vời hào hùng và ý nghĩa,11 tháng trước,,Google Maps,2026-08-29T06:55:02+00:00
google_maps_Ci9DQUlRQUNvZENodHljRjlvT2tKVVRuWXlURkJEU2pSNFpEWm9VQzE1U0dOZmExRRAB,OSM_node_5485779585,4,"Tượng đài Lênin nằm tại công viên Lênin, trên phố Điện Biên Phủ – một trong những không gian xanh đẹp và quen thuộc của Hà Nội. Bức tượng được xây dựng để tưởng nhớ lãnh tụ vĩ đại của phong trào cách mạng vô sản thế giới. Khu vực quanh …",9 tháng trước,,Google Maps,2026-08-29T06:55:02+00:00
google_maps_ChZDSUhNMG9nS0VJQ0FnSUNKZ3JMMkJnEAE,OSM_node_5485779585,5,"Công viên Lê-nin trước đây được gọi là vườn hoa Chi Lăng. Trong dân gian, người Hà Nội vẫn thường gọi đây là vườn hoa Canh Nông, do người Pháp xây dựng vào thời Pháp thuộc và đặt tên vậy vì ở đó từng có một bức tượng hình người nông dân kéo cày. Đến ngày 7 tháng 10 năm 2003 vườn hoa Chi Lăng được gắn biển, đổi tên thành Công viên V.I Lê Nin. Trước khi vườn hoa Chi Lăng đổi tên, tên gọi Công viên Lê-nin đã được dùng cho Công viên Thống Nhất hiện nay. Sau ngày 7 tháng 10 năm 2003, Công viên Thống Nhất được khôi phục tên cũ. Đây là một điểm đến mà du khách nước ngoài rất hay đến, địa điểm dễ tìm, xung quanh rất nhiều cây xanh, sạch đẹp và thoáng mát. Điểm đến tuyệt vời!",3 năm trước,,Google Maps,2026-08-29T06:55:02+00:00
google_maps_ChdDSUhNMG9nS0VJQ0FnSURqNC1YTnpnRRAB,OSM_node_5485779585,4,"Công viên và Tượng đài Lê Nin có sân chơi rộng rãi thích hơp cho trẻ em, không gian ở đây có rất nhiều cây to, thoáng, mát, đối diện là cột cờ Hà Nội và bảo tàng Lịch sử Quân sự Việt Nam",2 năm trước,,Google Maps,2026-08-29T06:55:02+00:00
google_maps_ChZDSUhNMG9nS0VJQ0FnSURGN3BiNk9nEAE,OSM_node_5485779585,5,"Ngày 7/11 ở tượng đài Lênin, ngoài những đoàn đại biểu cấp cao đến đặt hoa thì cũng có một số người dân hoặc đoàn nhỏ đến đặt hoa. Dù thời kỳ Liên Xô đã qua tuy nhiên vẫn còn rất nhiều người nhớ tới công lao vĩ đại của Lãnh tụ Lênin!!",Thời gian chỉnh sửa: một năm trước,,Google Maps,2026-08-29T06:55:02+00:00
google_maps_ChdDSUhNMG9nS0VJQ0FnTURvcU5PNW5RRRAB,OSM_node_5485779585,5,"Tượng đài Lenin tại Công viên Lê-nin, Hà Nội, là một biểu tượng lịch sử đặc biệt, tọa lạc tại số 28A đường Điện Biên Phủ, quận Ba Đình. Được khánh thành vào năm 1985, bức tượng cao 5,2m, được đúc bằng đồng và đặt trên bệ đá hoa cương cao 2,7m, hướng ra đường Điện Biên Phủ và Cột cờ Hà Nội .​ Công viên Lê-nin, nơi đặt tượng đài, có diện tích khoảng 17.183m², được bao quanh bởi ba tuyến phố: Điện Biên Phủ, Trần Phú và Hoàng Diệu. Đây là không gian xanh lý tưởng cho người dân và du khách thư giãn, tập thể dục và tham gia các hoạt động cộng đồng. Hàng năm, vào ngày 7/11, kỷ niệm Cách mạng Tháng Mười Nga, người dân thường tổ chức lễ dâng hoa tưởng niệm tại tượng đài để bày tỏ lòng kính trọng đối với nhà cách mạng Lenin .​ Để đến tượng đài, bạn có thể di chuyển bằng xe máy, ô tô cá nhân hoặc xe buýt. Nếu đi xe máy hoặc ô tô, bạn có thể gửi xe tại các điểm gần công viên với mức phí khoảng 5.000 đồng/lượt. Công viên mở cửa từ 5h00 sáng đến 22h00 tối mỗi ngày và hoàn toàn miễn phí vé vào cửa",một năm trước,,Google Maps,2026-08-29T06:55:02+00:00
google_maps_ChdDSUhNMG9nS0VJQ0FnSUNRaVk3MTlRRRAB,OSM_node_5485779585,5,"Công viên Lê Nin trước đây được gọi là vườn hoa Chi Lăng. Trong dân gian, người Hà Nội vẫn thường gọi đây là vườn hoa Canh Nông, do người Pháp xây dựng vào thời Pháp thuộcvà đặt tên vậy vì ở đó từng có một bức tượng hình người nông dân kéo …",8 năm trước,,Google Maps,2026-08-29T06:55:02+00:00
google_maps_ChZDSUhNMG9nS0VJQ0FnSUN5cE9ucFFREAE,OSM_node_5485779585,3,"Bức tượng này chiếm một khu vườn hình tam giác nhỏ và có lẽ đồng nghĩa với cách thức lịch sử đã di chuyển. Lenin tại một thời gian một bậc thầy cho các nguyên nhân cộng sản nhìn xuống forlorn và có lẽ đấu tranh cho sự liên quan như các dấu hiệu của chủ nghĩa tư bản rumble qua anh ta. Không có dấu hiệu thờ phượng ở đây như được thấy ở mọi bức tượng và ám chỉ đến Hồ Chí Minh. Có lẽ các thế hệ tương lai sẽ thấy nó cuối cùng bị loại bỏ trong thời gian tới. Khu vực công viên được giữ đẹp, sạch sẽ nhưng nhỏ. Điều này có thể tiêu tốn khoảng 20 phút thời gian của bạn chỉ để nói rằng bạn đã ở đó.",5 năm trước,,Google Maps,2026-08-29T06:55:02+00:00
google_maps_ChdDSUhNMG9nS0VJQ0FnSUR5cnRQRnRnRRAB,OSM_node_5485779585,5,"Tượng đài rất đẹp, cảnh phối hài hoà:, vị trí thuận tiện, thích hợp vui chơi, chụp ảnh. Chụp được cả bên cột cờ Hà Nội. Mùa hoa ban nở tím cả 1 rặng cây sau tượng đài làm cảnh càng thêm đáng nhớ!",5 năm trước,,Google Maps,2026-08-29T06:55:02+00:00
google_maps_Ci9DQUlRQUNvZENodHljRjlvT2tWRldEaEZkRTl4UlROaVVFWkNNMjkyWTBSM2RVRRAB,OSM_node_5485779585,1,"Báo vẫn mở cửa nhưng mình ý thức đợi hơn 1h mới hỏi, để cho mn nghỉ trưa. Nhưng sau đó thấy nhân viên về thì bảo “chưa làm”, hỏi bao giờ làm thì bảo “ko biết”. Còn lôi hàng ra ngoài cửa làm đóng gói cho ai để chống chế “ chị đóng hàng ngoài này thôi”. Thái độ như này mà cũng làm dịch vụ đc. Chán thật! Như đi ăn xin.",một năm trước,,Google Maps,2026-08-29T06:55:02+00:00
google_maps_Ci9DQUlRQUNvZENodHljRjlvT2xRMldtbHlWRlpYWTBkRllrdE5XVkJsWW0xbVoxRRAB,OSM_node_5485779585,5,"Leela Cafe khiến mình khá bất ngờ với cái view được chăm chút tỉ mỉ. Đồ uống thì không hẳn là cực kỳ đặc sắc nhưng ổn, đặc biệt là ly cafe sữa đá khá đậm vị. Nhân viên nhiệt tình, thân thiện cực kỳ. Mỗi tội, hôm mình tới hơi đông nên chờ đồ lâu hơn chút, nhưng nhìn chung, đây là nơi đáng ghé thăm để thư giãn và trò chuyện.",8 tháng trước,,Google Maps,2026-08-29T06:55:02+00:00
google_maps_Ci9DQUlRQUNvZENodHljRjlvT21ablRFdDBhWFJ3YUcxTlpWVmFSRjlhWjIxRFZXYxAB,OSM_node_5485779585,1,Chúng ta nên dẹp một quá khứ buồn để nhìn vào tương lai tươi sáng.,2 tháng trước,,Google Maps,2026-08-29T06:55:02+00:00
google_maps_ChdDSUhNMG9nS0VJQ0FnSUN6MklXUHdnRRAB,OSM_node_5485779585,5,"- Công viên Lê Nin trước đây được gọi là vườn hoa Chi Lăng. Trong dân gian, người Hà Nội vẫn thường gọi đây là vườn hoa Canh Nông, do người Pháp xây dựng vào thời Pháp thuộc và đặt tên vậy vì ở đó từng có một bức tượng hình người nông dân kéo cày. - Đến ngày 7 tháng 10 năm 2003 vườn hoa Chi Lăng được gắn biển, đổi tên thành Công viên V.I Lê Nin. Trước khi vườn hoa Chi Lăng đối tên, tên gọi Công viên Lê Nin đã được dùng cho Công viên Thống Nhất hiện nay. Sau ngày 7 tháng 10 năm 2003, Công viên Thống Nhất được khôi phục tên cũ. - Có trạm xe đạp TNGo tiện cho việc đi lại, thể dục thể thao",2 năm trước,,Google Maps,2026-08-29T06:55:02+00:00
google_maps_ChdDSUhNMG9nS0VJQ0FnSUMzcjdUZmpRRRAB,OSM_node_5485779585,5,"Karaoke Sunny Royal: Thiên đường giải trí đỉnh cao giữa lòng Hà Nội! ⭐⭐⭐⭐⭐ Nếu bạn đang tìm kiếm một địa điểm để thỏa sức ca hát, giải tỏa căng thẳng và tận hưởng những giây phút thư giãn tuyệt vời bên bạn bè, người thân, thì Karaoke …",một năm trước,,Google Maps,2026-08-29T06:55:02+00:00
google_maps_Ci9DQUlRQUNvZENodHljRjlvT25KUExWVnRXSGxNUVhSWlpERkdWVU41VjNkYU4yYxAB,OSM_node_5485779585,1,Đang vui bị nhân viên vào bảo k cho nghe nhạc mà phải hát.,4 tháng trước,,Google Maps,2026-08-29T06:55:02+00:00
google_maps_Ci9DQUlRQUNvZENodHljRjlvT21kYU5FTkdMVEZYWW5aQ1FqTlZUWGhPY0VVNGVuYxAB,OSM_node_5485779585,2,"Nhân viên lễ tân lịch sự nhưng nhân viên phục vụ phòng hát chăm sóc khách quá tệ, ko muốn nói là thái độ cực kì lồi lõm. Khách chỉ đồng ý gọi thêm 1 đĩa hoa quả (nhóm mình đi 4 người toàn nữ) thái độ khó …",9 tháng trước,,Google Maps,2026-08-29T06:55:02+00:00
google_maps_ChZDSUhNMG9nS0VJQ0FnSUM3el9IU1pREAE,OSM_node_5485779585,4,"Quán không gian đẹp, sạch sẽ, nhân viên thân thiện và cởi mở",2 năm trước,,Google Maps,2026-08-29T06:55:02+00:00
google_maps_ChdDSUhNMG9nS0VQcTZxdVMwek11UHhBRRAB,OSM_node_5485779585,5,"Đối diện với cột cờ Hà Nội, trên con đường đẹp nhất Hà Nội. Nơi đây hàng ngày diễn ra bao nhiêu hoạt động văn hoá, thể thao. Chỉ tiếc là công viên phía sau tượng Lê nin quản lý chưa tốt , vệ sinh kém và là nơi cho thú cưng xả thải",một năm trước,,Google Maps,2026-08-29T06:55:02+00:00
google_maps_Ci9DQUlRQUNvZENodHljRjlvT2xsaGMyYzRjVUUzT1hGdFVtcHdObWROYVVGVFdGRRAB,OSM_node_5485779585,1,mất điện 7 lần tụt hứng chán vlon,2 tháng trước,,Google Maps,2026-08-29T06:55:02+00:00
google_maps_ChdDSUhNMG9nS0VJQ0FnSURCa09TMHJRRRAB,OSM_node_5485779585,5,"Một buổi tối thứ hai Không khí khiêu vũ ở Hà Nội rất nhiệt Vui, khỏe, lành mạnh Các bạn nên trải nghiệm Hà Nội về đêm Vui, văn hóa, khỏe mạnh",3 năm trước,,Google Maps,2026-08-29T06:55:02+00:00
google_maps_Ci9DQUlRQUNvZENodHljRjlvT20xellrUlFWMHh6UlVsUlZVY3pVME5KVUVKT2JXYxAB,OSM_node_5485779585,1,"Nhân viên lấy hàng chị tên Hoà, khách ra gửi hàng thái độ kém, phục vụ lâu, làm khó khách hàng và lúc nào ra gửi cũng doạ mất đơn hàng.",7 tháng trước,,Google Maps,2026-08-29T06:55:02+00:00
google_maps_Ci9DQUlRQUNvZENodHljRjlvT2xNeVYwZFZkbTF1YWpsbFF6UnNhWEJDVDJKT09GRRAB,OSM_node_5485779585,5,Phòng đẹp - âm thanh rất tốt - giá phòng và đồ ăn hợp lý quá rẻ với một quán hát nằm giữa phố cổ hà nội!!!!!!,8 tháng trước,,Google Maps,2026-08-29T06:55:02+00:00
google_maps_Ci9DQUlRQUNvZENodHljRjlvT25vNFJuQkZOR2gyUTNOZlptWTRORVk1Y2tobk1uYxAB,OSM_node_5485779585,2,Ko ổn trong tầm giá và độ hoành tráng mặt ngoài. Âm thanh quá kém,6 tháng trước,,Google Maps,2026-08-29T06:55:02+00:00
google_maps_Ci9DQUlRQUNvZENodHljRjlvT2xSemFscDBRblpSUTI1Zk5VUmhNbTg0TmtweWVsRRAB,OSM_node_5485779585,5,Rất rộng rãi thoáng mát. Mình thi thoảng đưa con qua đây chơi rất vui,một năm trước,,Google Maps,2026-08-29T06:55:02+00:00
google_maps_Ci9DQUlRQUNvZENodHljRjlvT2xaMVQxODBRa2h1Tmtad1ozSkZRakZvTlZSeGMwRRAB,OSM_node_5485779585,5,Phòng đẹp - âm thanh rất tốt - giá phòng và đồ ăn hợp lý quá rẻ với một quán hát nằm giữa phố cổ hà nội!!!!!!,8 tháng trước,,Google Maps,2026-08-29T06:55:02+00:00
google_maps_Ci9DQUlRQUNvZENodHljRjlvT2xkTlNVMXRUVnBUT0hGSVpDMXZTVFpmYzFGVE9GRRAB,OSM_node_5485779585,5,Không gian xanh hiếm có giữa lòng Hà Nội,một năm trước,,Google Maps,2026-08-29T06:55:02+00:00
google_maps_ChZDSUhNMG9nS0VJQ0FnTURJbTdQRlpnEAE,OSM_node_5485779585,5,"Mát mẻ, nhiều cây xanh ghế đá.",Thời gian chỉnh sửa: một năm trước,,Google Maps,2026-08-29T06:55:02+00:00
google_maps_ChdDSUhNMG9nS0VJQ0FnSUNxemM2STRnRRAB,OSM_node_5485779585,5,"Mua tranh số hoá, tranh tự tô màu theo số, tranh sơn dầu số hoá, xưởng tranh dali giá rẻ nhất Hà Nội . Sản phẩm chất lượng tốt, mẫu mã đa dạng",Thời gian chỉnh sửa: 5 năm trước,,Google Maps,2026-08-29T06:55:02+00:00
google_maps_Ci9DQUlRQUNvZENodHljRjlvT2kxTVEzQm1ZWEo2ZGxNMGNrNUxMVlZoZEc5VVUwRRAB,OSM_node_5485779585,5,Nhạc quá to làm tôi rất vui ;)),một tháng trước,,Google Maps,2026-08-29T06:55:02+00:00
google_maps_Ci9DQUlRQUNvZENodHljRjlvT2xkVGFrWnlNRkpOZFhwbFVWTnJiMUI1Y1hJeFdGRRAB,OSM_node_5485779585,1,Anh Cao Quang Thắng taxi bên mình đưa khách về còn đòi thêm tiền với giá thoả thuận ban đầu. Dịch vụ thì tốt nhưng lúc đi về rồi lại thế rất bực,11 tháng trước,,Google Maps,2026-08-29T06:55:02+00:00
google_maps_ChRDSUhNMG9nS0VJQ0FnSUNSLU5WVBAB,OSM_node_5485779585,3,Phục vụ tốt phòng rộng rãi âm thanh cục đỉnh,3 năm trước,,Google Maps,2026-08-29T06:55:02+00:00
google_maps_Ci9DQUlRQUNvZENodHljRjlvT2pnMVFXbDBXSGxPY1ZGdFEybDFMVU4zTlY5NWVIYxAB,OSM_node_5485779585,5,"Quảng trường rộng rãi, nhiều trò chơi cho trẻ em và gia đình, như cho thuê ô tô, nước uống, cho thuê giày trượt patin,… Buổi tối cũng nhiều người đi chơi hóng mát tụ tập thể dục,… Cũng đông đúc và nhiều người.",11 tháng trước,,Google Maps,2026-08-29T06:55:02+00:00
google_maps_Ci9DQUlRQUNvZENodHljRjlvT2xGMVVqSldabGRFVVdORk1uRkZhSFJHVW1wbVIyYxAB,OSM_node_5485779585,4,"Đối diện cột cờ Hà Nội , nằm trên mặt phố Điện Biên Phủ, Trần Phú và Hoàng Diệu. Khuôn viên của công viên có hình tam giác, với tổng diện tích là 17.183 m², trong đó bao gồm quần thể kiến trúc tượng đài Lê Nin",11 tháng trước,,Google Maps,2026-08-29T06:55:02+00:00
google_maps_ChdDSUhNMG9nS0VJQ0FnSUNxcTY2UWxBRRAB,OSM_node_5485779585,5,"Màu tranh số hóa đẹp, tô khá dễ, có cả khung tranh và móc treo. Nói chung là chim ưng, đóng gói và giao nhanh. Mọi người nên ghé shop mua nhé!. Uy tín!",5 năm trước,,Google Maps,2026-08-29T06:55:02+00:00
google_maps_Ci9DQUlRQUNvZENodHljRjlvT25ocWFVb3hTeTF2TWxsMk1HY3ljMnhTY2tkdVRHYxAB,OSM_node_5485779585,5,"Quán hát hay, phòng đẹp. Mình thích nhất là những quán karaoke có bạn lên hát cùng dù mình không gọi. Trải qua nhiều loại quán karaoke ở HN này mình vẫn chỉ thấy Sunny Royal là chân ái. Giá cả hợp lý âm thanh hay. Mong quán phát đạt. Nhân viên quán hơi phiền, sale không khéo, liên tục bắt khách ăn hoa quả.",một năm trước,,Google Maps,2026-08-29T06:55:02+00:00
google_maps_Ci9DQUlRQUNvZENodHljRjlvT25odGFVMWxUbXBLZFhKYU0ySkNWV000WWw5b2IzYxAB,OSM_node_5485779585,5,"Tượng đài Lê Nin tại Hà Nội, tọa lạc trong Công viên V.I. Lenin (quận Ba Đình): Khuôn viên ban đầu từng mang tên vườn hoa Chi Lăng (cũng gọi là Canh Nông), do người Pháp lập từ cuối thế kỷ XIX, là nơi từng đặt tượng người nông dân kéo cày . Tượng Lê Nin bằng đồng cao 5,2 m được Liên Xô tặng, dựng năm 1985, đặt trên bệ đá hoa cương 2,7 m hướng ra phố Điện Biên Phủ . Năm 2003, vườn hoa chính thức đổi tên thành Công viên V.I. Lenin, dành riêng cho tượng đài này .",một năm trước,,Google Maps,2026-08-29T06:55:02+00:00
google_maps_ChZDSUhNMG9nS0VJQ0FnSUNxemQ2dWVnEAE,OSM_node_5485779585,5,"Đã nhận được tranh của shop đóng gói rất cẩn thận, còn được tặng sơn phủ bóng nữa , tranh số hóa đặt ở dali là ưng nhất ạ. Sẽ đặt lại vào lần tới",5 năm trước,,Google Maps,2026-08-29T06:55:02+00:00
google_maps_Ci9DQUlRQUNvZENodHljRjlvT2xGYVEydGtVa3hyYWtWQ1RsRk5NakZpVXpndFRYYxAB,OSM_node_5485779585,1,Không trả lời thắc mắc của khách hàng,3 tháng trước,,Google Maps,2026-08-29T06:55:02+00:00
google_maps_ChZDSUhNMG9nS0VJQ0FnSUR6LTRHS0xnEAE,OSM_node_5641420927,4,"Công viên có hồ nước to và sạch (Có đường đi dạo 1 vòng quanh hồ, có chương trình câu cá - Mọi người cần tuân thủ theo đúng nội quy hay quy định của Ban tổ chức), mặt sân đa số còn tốt, có dòng chữ ""❤️ HOA BINH"", có nhiều loại cây (Cả to, nhỏ và vừa), có nhà hàng sang trọng và quán nước kinh doanh ngay trong công viên.",2 năm trước,,Google Maps,2026-08-29T06:56:02+00:00
google_maps_Ci9DQUlRQUNvZENodHljRjlvT20xSVVFOVZWbUZyVFdOaFYzZHhMVlY2VWpWQ1NHYxAB,OSM_node_5641420927,3,"Nếu chỉ nghe và chưa từng đến thì khi có dịp nên ghé qua cho biết, nếu đã biết thì đừng nên quay lại. Mang tiếng công viên nhưng thiếu chăm sóc bảo dưỡng, nhìn tồi tệ và trong công …",9 tháng trước,,Google Maps,2026-08-29T06:56:02+00:00
google_maps_ChZDSUhNMG9nS0VJQ0FnSUNoLTdtX1BBEAE,OSM_node_5641420927,5,"Công viên hoà bình là điểm đến thú vị khi ghé qua Hoà Bình nha mọi người, không khí thoáng mát, đa dạng đồ ăn và thức uống nha.",3 năm trước,,Google Maps,2026-08-29T06:56:02+00:00
google_maps_ChZDSUhNMG9nS0VJQ0FnSURHeG9yTlJBEAE,OSM_node_5641420927,2,Quán coffee tại công viên tuổi trẻ hoà bình,4 năm trước,,Google Maps,2026-08-29T06:56:02+00:00
google_maps_ChZDSUhNMG9nS0VJQ0FnSUNvdkp1YlFnEAE,OSM_node_5641420927,5,"Điểm đẹp rất lý tưởng để vui chơi, hồ rộng đường xá quá sạch lại thoáng mát.",7 năm trước,,Google Maps,2026-08-29T06:56:02+00:00
google_maps_ChdDSUhNMG9nS0VJQ0FnSUNweU1yeG13RRAB,OSM_node_5641420927,4,Không gian khá độc lạ,3 năm trước,,Google Maps,2026-08-29T06:56:02+00:00
google_maps_ChdDSUhNMG9nS0VJQ0FnSURDcnEyeDJnRRAB,OSM_node_5641420927,4,"Veiw đẹp, đồ uống ko ngon lắm Giá hơi đắt...",Thời gian chỉnh sửa: 4 năm trước,,Google Maps,2026-08-29T06:56:02+00:00
google_maps_ChdDSUhNMG9nS0VJQ0FnSUN3d0txSHd3RRAB,OSM_node_5641420927,4,"Địa điểm thú vị với không gian thoáng đãng, mát mẻ ngoài trời. Đặc biệt có hồ nước, có thể tập thể dục hay hẹn hò",8 năm trước,,Google Maps,2026-08-29T06:56:02+00:00
google_maps_ChZDSUhNMG9nS0VJQ0FnSUNKeS11eWZBEAE,OSM_node_5641420927,1,"thiết kế đẹp, view đẹp mỗi tội đồ uống ko ngon, phục vụ kém, đắt đỏ",3 năm trước,,Google Maps,2026-08-29T06:56:02+00:00
google_maps_ChdDSUhNMG9nS0VJQ0FnSUR3MU9DSHJBRRAB,OSM_node_5641420927,3,"Là một công viên sạch, đẹp, nơi đi bộ dạo mát và thể thao tốt.",7 năm trước,,Google Maps,2026-08-29T06:56:02+00:00
google_maps_ChdDSUhNMG9nS0VJQ0FnSUNVOGZmRjZ3RRAB,OSM_node_5641420927,4,Khá đẹp! Nằm đối diện với bến xe. Xe ô tô thường đỗ lâu ở đây để chờ khách.,7 năm trước,,Google Maps,2026-08-29T06:56:02+00:00
google_maps_ChZDSUhNMG9nS0VJQ0FnSUMwaF9uVkxREAE,OSM_node_5641420927,5,Tôi thích không khí trong lành và phong cảnh đẹp ở đây tuy CV vẫn chưa hoàn thiện Mong có ngày gặp lại,6 năm trước,,Google Maps,2026-08-29T06:56:02+00:00
google_maps_ChdDSUhNMG9nS0VJQ0FnSUNZX2ZhVTV3RRAB,OSM_node_5641420927,4,Rất đẹp,7 năm trước,,Google Maps,2026-08-29T06:56:02+00:00
google_maps_ChZDSUhNMG9nS0VJQ0FnSUMwbzcybENBEAE,OSM_node_5641420927,4,Một địa điểm tốt cho dân địa phương thể dục. Còn với khách phương xa thì hầu như không có gì đặc biệt,6 năm trước,,Google Maps,2026-08-29T06:56:02+00:00
google_maps_ChZDSUhNMG9nS0VJQ0FnSURraDl1ZkN3EAE,OSM_node_5641420927,2,Vừa xây xong đã cũ! Quá ít cây cối! Gọi là vườn hoa thôi thì còn được!,7 năm trước,,Google Maps,2026-08-29T06:56:02+00:00
google_maps_ChZDSUhNMG9nS0VJQ0FnSURHanBfakV3EAE,OSM_node_5641420927,5,Đẹp đồ uống ngon cần thêm đồ ăn sáng nữa là tuyệt,4 năm trước,,Google Maps,2026-08-29T06:56:02+00:00
google_maps_ChZDSUhNMG9nS0VJQ0FnSUNtN1lHM1hREAE,OSM_node_5641420927,5,Một trải nghiệm thú vị,4 năm trước,,Google Maps,2026-08-29T06:56:02+00:00
google_maps_ChdDSUhNMG9nS0VJQ0FnSUNZN0t5bi1nRRAB,OSM_node_5641420927,4,"Công viên rộng rãi, thoáng mát, rất thích hợp cho thể dục",7 năm trước,,Google Maps,2026-08-29T06:56:02+00:00
google_maps_ChZDSUhNMG9nS0VJQ0FnSUQwOUxPZkx3EAE,OSM_node_5641420927,5,"Quang cảnh đẹp mát mẻ thích hợp với thể dục ,thể thao",6 năm trước,,Google Maps,2026-08-29T06:56:02+00:00
google_maps_ChdDSUhNMG9nS0VJQ0FnSURZdnJfUnJ3RRAB,OSM_node_5641420927,4,Công viên nhỏ nhưng cảnh yên bình khi ngắm dòng sông đà,7 năm trước,,Google Maps,2026-08-29T06:56:02+00:00
google_maps_Ci9DQUlRQUNvZENodHljRjlvT25GT1VWUnlZVzVDTWtsemNsWXdkVkpUWTBsVFZXYxAB,OSM_node_5641420927,3,Chưa được chăm sóc tốt,11 tháng trước,,Google Maps,2026-08-29T06:56:02+00:00
google_maps_ChZDSUhNMG9nS0VJQ0FnSUNvdzlmd0lnEAE,OSM_node_5641420927,3,"Công viên mới, đối diện ca tỉnh, bến xe khách trung tâm",7 năm trước,,Google Maps,2026-08-29T06:56:02+00:00
google_maps_ChdDSUhNMG9nS0VJQ0FnSURDbXJiMjhRRRAB,OSM_node_5641420927,4,"Chưa nhiều cây xanh, có khu vui chơi trẻ em",5 năm trước,,Google Maps,2026-08-29T06:56:02+00:00
google_maps_ChZDSUhNMG9nS0VJQ0FnSUREbUxlZVNREAE,OSM_node_5641420927,5,Vòng xoay TP Hoà Bình - HTV Tôn Đông Á,2 năm trước,,Google Maps,2026-08-29T06:56:02+00:00
google_maps_ChZDSUhNMG9nS0VJQ0FnSUNZaWIzY2FBEAE,OSM_node_5641420927,4,"Phong cảnh đẹp, mát mẻ, sạch sẽ.",7 năm trước,,Google Maps,2026-08-29T06:56:02+00:00
google_maps_ChdDSUhNMG9nS0VJQ0FnSURNcEpTUnpnRRAB,OSM_node_5641420927,5,Không gian rộng đáng để vui chơi,6 năm trước,,Google Maps,2026-08-29T06:56:02+00:00
google_maps_ChdDSUhNMG9nS0VJQ0FnSUNEaW9EeWhBRRAB,OSM_node_5641420927,5,Không khí khá lả trong lành,2 năm trước,,Google Maps,2026-08-29T06:56:02+00:00
google_maps_ChZDSUhNMG9nS0VJQ0FnSURJdXNyR0tnEAE,OSM_node_5641420927,5,"Đẹp, không khí trong lành",7 năm trước,,Google Maps,2026-08-29T06:56:02+00:00
google_maps_ChdDSUhNMG9nS0VJQ0FnSUMwNElUa3Z3RRAB,OSM_node_5641420927,4,"Đẹp, nhưng hơi đơn điệu",6 năm trước,,Google Maps,2026-08-29T06:56:02+00:00
google_maps_ChdDSUhNMG9nS0VJQ0FnSUNVMDZ1cWtRRRAB,OSM_node_5641420927,5,rất đep view thoáng mat,7 năm trước,,Google Maps,2026-08-29T06:56:02+00:00
google_maps_ChdDSUhNMG9nS0VJQ0FnSURVdzViMXZ3RRAB,OSM_node_5641420927,4,"Thoáng mát, không gian rộng",6 năm trước,,Google Maps,2026-08-29T06:56:02+00:00
google_maps_ChdDSUhNMG9nS0VJQ0FnSUN3anJyY3lBRRAB,OSM_node_5641420927,5,Vui khi đi cung vợ con,8 năm trước,,Google Maps,2026-08-29T06:56:02+00:00
google_maps_ChZDSUhNMG9nS0VJQ0FnSURBbThHb0V3EAE,OSM_node_5641420927,5,Nơi tình yêu kết thúc của tôii,8 năm trước,,Google Maps,2026-08-29T06:56:02+00:00
google_maps_ChRDSUhNMG9nS0VJQ0FnSUR5MnRCMxAB,OSM_node_5641420927,4,Công viên đẹp của Hòa Bình.,5 năm trước,,Google Maps,2026-08-29T06:56:02+00:00
google_maps_ChZDSUhNMG9nS0VJQ0FnSUN3dmViMktBEAE,OSM_node_5641420927,3,Chưa có gì đặc sắc,8 năm trước,,Google Maps,2026-08-29T06:56:02+00:00
google_maps_ChZDSUhNMG9nS0VJQ0FnSURNNEtLTU9nEAE,OSM_node_5641420927,5,Cực đẹp luôn,6 năm trước,,Google Maps,2026-08-29T06:56:02+00:00
google_maps_ChdDSUhNMG9nS0VJQ0FnSUNnOGIzOGpRRRAB,OSM_node_5641420927,4,Không gian đẹp,8 năm trước,,Google Maps,2026-08-29T06:56:02+00:00
google_maps_ChdDSUhNMG9nS0VJQ0FnSUMwMUwybDBBRRAB,OSM_node_5641420927,5,Xanh mát mẻ thoáng mát,6 năm trước,,Google Maps,2026-08-29T06:56:02+00:00
google_maps_Ci9DQUlRQUNvZENodHljRjlvT205TGRrUnJabEowVTA5SVR6QktTamczWWt0a1lrRRAB,OSM_node_5641420927,5,Đẹp,11 tháng trước,,Google Maps,2026-08-29T06:56:02+00:00
google_maps_ChdDSUhNMG9nS0VJQ0FnSUNnb1pxcDV3RRAB,OSM_node_5641420927,5,công viên hòa bình Tỉnh Hòa Bình,8 năm trước,,Google Maps,2026-08-29T06:56:02+00:00
google_maps_ChZDSUhNMG9nS0VJQ0FnSUNBclAtY0RnEAE,OSM_node_5641420927,4,"Rộng, đẹp, sạch, mát",8 năm trước,,Google Maps,2026-08-29T06:56:02+00:00
google_maps_ChZDSUhNMG9nS0VJQ0FnSURJcG9HUEJBEAE,OSM_node_5641420927,3,Nhỏ quá,7 năm trước,,Google Maps,2026-08-29T06:56:02+00:00
google_maps_ChZDSUhNMG9nS0VJQ0FnSURncXAzeWRnEAE,OSM_node_5641420927,5,Rất thích,7 năm trước,,Google Maps,2026-08-29T06:56:02+00:00
google_maps_ChZDSUhNMG9nS0VJQ0FnSUMwemR2MWZ3EAE,OSM_node_5641420927,5,Tuyệt vời,6 năm trước,,Google Maps,2026-08-29T06:56:02+00:00
google_maps_ChdDSUhNMG9nS0VJQ0FnSUNVMVBlOTBRRRAB,OSM_node_5641420927,5,Rất đẹp,7 năm trước,,Google Maps,2026-08-29T06:56:02+00:00
google_maps_ChdDSUhNMG9nS0VJQ0FnSUN3MTV1VGdRRRAB,OSM_node_5641420927,3,xấu òm,8 năm trước,,Google Maps,2026-08-29T06:56:02+00:00
google_maps_ChdDSUhNMG9nS0VJQ0FnSUM0bWFEem53RRAB,OSM_node_5641420927,4,Sạch đẹp,7 năm trước,,Google Maps,2026-08-29T06:56:02+00:00
google_maps_ChdDSUhNMG9nS0VJQ0FnSURRd3ZiVzlnRRAB,OSM_node_5641420927,3,Vừa phải,8 năm trước,,Google Maps,2026-08-29T06:56:02+00:00
google_maps_ChdDSUhNMG9nS0VJQ0FnSURvaE9yMjBnRRAB,OSM_node_5641420927,5,Thú vị 🙂 …,7 năm trước,,Google Maps,2026-08-29T06:56:02+00:00
google_maps_ChdDSUhNMG9nS0VJQ0FnSUNzeEtUR3JRRRAB,OSM_node_5641420927,5,Chợ hoa ngày tết,6 năm trước,,Google Maps,2026-08-29T06:56:02+00:00
google_maps_ChZDSUhNMG9nS0VJQ0FnSURMN3ZhRkdBEAE,OSM_node_5648651616,3,"Công viên đang trong quá trình hoàn thiện nên vẫn còn thiếu nhiều vật tư (Ghế đá, dụng cụ tập thể dục,...), 1 số cây đèn điện tối đến không thấy sáng (Tuy vậy nhưng hiện nay vào buổi tối thì thấy công viên cũng đã sáng rồi - Do nhiều loại đèn khác).",2 năm trước,,Google Maps,2026-08-29T06:56:39+00:00
google_maps_ChZDSUhNMG9nS0VJQ0FnSURKenV5NlVnEAE,OSM_node_5648651616,5,"Khu vực rộng rãi thoáng đãng, ngay sát bờ sông Đà thơ mộng",3 năm trước,,Google Maps,2026-08-29T06:56:39+00:00
google_maps_Ci9DQUlRQUNvZENodHljRjlvT214MlozZ3lMVmMzT0d4UFFVbHhNelJYWjNsellsRRAB,OSM_node_5648651616,3,Buổi tối chả có j chơi. Mỗi quán nước,một tháng trước,,Google Maps,2026-08-29T06:56:39+00:00
google_maps_ChdDSUhNMG9nS0VJQ0FnSURSeEtLY3lnRRAB,OSM_node_5648651616,3,Công viên Sông Đà gợi nhớ những ngày xây dựng Thủy điện Hòa Bình.,3 năm trước,,Google Maps,2026-08-29T06:56:39+00:00
google_maps_ChZDSUhNMG9nS0VJQ0FnSURYc1kzVVFREAE,OSM_node_5648651616,3,"Buổi sáng, rất đông người tới tập thể dục.",một năm trước,,Google Maps,2026-08-29T06:56:39+00:00
google_maps_ChZDSUhNMG9nS0VJQ0FnSURiMnVXWkhREAE,OSM_node_5648651616,4,Công viên trung tâm của Tp Hòa Bình.,2 năm trước,,Google Maps,2026-08-29T06:56:39+00:00
google_maps_ChZDSUhNMG9nS0VJQ0FnSURUNlBudFJREAE,OSM_node_5648651616,3,Đẹp.,2 năm trước,,Google Maps,2026-08-29T06:56:39+00:00
google_maps_ChZDSUhNMG9nS0VJQ0FnSUNiNzQySE5nEAE,OSM_node_5648651616,5,,2 năm trước,,Google Maps,2026-08-29T06:56:39+00:00
google_maps_ChZDSUhNMG9nS0VJQ0FnSURyX01pRUxBEAE,OSM_node_5648651616,5,,2 năm trước,,Google Maps,2026-08-29T06:56:39+00:00
google_maps_ChdDSUhNMG9nS0VJQ0FnSURsNnJ5QzV3RRAB,OSM_node_5648651616,5,,2 năm trước,,Google Maps,2026-08-29T06:56:39+00:00
google_maps_Ci9DQUlRQUNvZENodHljRjlvT2sxclVVeHFXRkJsTXpKV2JsQkZjekJSVG1SWWVGRRAB,OSM_node_6051320086,5,"Một phòng trang nằm ở trung tâm phố cổ Hà Nội, nhân viên rất thân thiện, dù tôi ghé thăm một mình nhưng nhân viên vẫn đi theo tư vấn tận tình. một địa điểm thú vị để bạn tìm hiểu thêm về các tác phẩm nghệ thuật của các nghệ sĩ đương đại. recoment bạn nên nghé thăm nếu có dịp nghé thăm Hà Nội.",4 tháng trước,,Google Maps,2026-08-29T06:58:09+00:00
google_maps_Ci9DQUlRQUNvZENodHljRjlvT2xkUFREWlhjVkZvUm5CRVluaFBXVXB3ZVhCelVrRRAB,OSM_node_6051320086,5,"Gallery có rất nhiều tranh đẹp, sắp xếp bố cục thu hút và độc đáo, mình rất thích gallery này và sẽ quay lại lần sau",3 tháng trước,,Google Maps,2026-08-29T06:58:09+00:00
google_maps_Ci9DQUlRQUNvZENodHljRjlvT21KMFprTjRWa1JuY1RKM1puTnFWV0l5UXpCNVVsRRAB,OSM_node_6051320086,5,Phòng tranh với nhiều tranh thật đẹp của các hoạ sĩ ❤️❤️❤️,một tháng trước,,Google Maps,2026-08-29T06:58:09+00:00
google_maps_ChdDSUhNMG9nS0VJQ0FnSURocXZURDdRRRAB,OSM_node_6051320086,5,"Phòng tranh không gian đẹp, yên tĩnh, tách biệt khỏi phố cổ ồn ào. Bộ sưu tập đa dạng của các hoạ sĩ hàng đầu Việt Nam. Địa điểm Must-visit khi đến Hà Nội",3 năm trước,,Google Maps,2026-08-29T06:58:09+00:00
google_maps_ChZDSUhNMG9nS0VJQ0FnSURwMnFpRmNnEAE,OSM_node_6051320086,5,"Phòng triển lãm nhiều tranh đẹp, mới và lạ. Các bộ sưu tập mới có nhiều nét riêng. Yên tĩnh",3 năm trước,,Google Maps,2026-08-29T06:58:09+00:00
google_maps_ChZDSUhNMG9nS0VJQ0FnTUNBdVo2b0RnEAE,OSM_node_6051320086,5,"Art rất xinh, vào trong đây có cảm giác rất yên bình và dễ chịu, mình đặc biệt thích tấm này",một năm trước,,Google Maps,2026-08-29T06:58:09+00:00
google_maps_Ci9DQUlRQUNvZENodHljRjlvT25ZdE0xWnpZVGM0VkhkYWVHOU9hM1ZrV21OcVRGRRAB,OSM_node_6051320086,5,"Nhân viên thân thiện, chu đáo, hướng dẫn tận tình, tranh đẹp, đáng đến nha. Lần sau mk sẽ đưa cả nhà ghé thăm",7 tháng trước,,Google Maps,2026-08-29T06:58:09+00:00
google_maps_ChdDSUhNMG9nS0VJQ0FnSUN4d0lIejR3RRAB,OSM_node_6051320086,5,"Một phòng tranh ấm cúng với nhiều tác phẩm nghệ thuật đặc sắc, ngoài ra còn có các tác phẩm điêu khắc rất thú vị.",3 năm trước,,Google Maps,2026-08-29T06:58:09+00:00
google_maps_Ci9DQUlRQUNvZENodHljRjlvT2pGaVRGRlBWbFl5U0RKcVVuUlBOSFY2TkRoWVpHYxAB,OSM_node_6051320086,5,Phòng tranh thiết kế rất tinh tế nhiều tranh đẹp,4 tháng trước,,Google Maps,2026-08-29T06:58:09+00:00
google_maps_ChdDSUhNMG9nS0VJQ0FnSURMMnRLb2l3RRAB,OSM_node_6051320086,5,"Thoáng mát, không gian đa chiều, nhiều tác phẩm của hoạ sĩ nổi tiếng",2 năm trước,,Google Maps,2026-08-29T06:58:09+00:00
google_maps_Ci9DQUlRQUNvZENodHljRjlvT2tSVFZEWjJZWFl6ZURocFFqWlJTRlZYYVhwaldrRRAB,OSM_node_6051320086,5,The paintings by Hồng Việt Dũng are wonderful,4 tháng trước,,Google Maps,2026-08-29T06:58:09+00:00
google_maps_ChdDSUhNMG9nS0VJQ0FnSURyaHJMVjVRRRAB,OSM_node_6051320086,5,"Phòng tranh có 5 tầng, nhưng mỗi tầng 1 là có điều hòa, càng lên cao càng nóng, nhân viên thân thiện, gửi xe trước cửa có mất phí",2 năm trước,,Google Maps,2026-08-29T06:58:09+00:00
google_maps_ChdDSUhNMG9nS0VJQ0FnSURycHQtcTRBRRAB,OSM_node_6051320086,5,"Không gian trưng bày được bố trí khá hiện đại, trẻ trung tạo cảm giác hài hòa và bắt mắt. Nếu những ai yêu thích cái đẹp, muốn trải nghiệm không gian hội họa thì đây là một địa điểm lí tưởng không thể bỏ qua❤",2 năm trước,,Google Maps,2026-08-29T06:58:09+00:00
google_maps_ChdDSUhNMG9nS0VJQ0FnSURSaWJlRjF3RRAB,OSM_node_6051320086,1,"Thái độ nhân viên dở tệ, đuổi người xem. Mình nhận được 2 câu đó là “ triển lãm đã nghỉ” vào lúc 10r và “ tầng 2 có người ở” nên ko cho lên xem. Một trải nghiệm tồi tệ …",3 năm trước,,Google Maps,2026-08-29T06:58:09+00:00
google_maps_Ci9DQUlRQUNvZENodHljRjlvT25OVVlpMXRjemQ0T1hKeWJESXpZMFF0WVd0NFRGRRAB,OSM_node_6051320086,5,"phòng tranh đẹp, đa dạng các họa sĩ Việt Nam",8 tháng trước,,Google Maps,2026-08-29T06:58:09+00:00
google_maps_Ci9DQUlRQUNvZENodHljRjlvT2xoVGRHSm1ialF4VmtaVFRVbDJZVWRWTVhNeFRsRRAB,OSM_node_6051320086,2,"Bình thường, không gian vừa phải. Nhân viên thiếu thân thiện.",9 tháng trước,,Google Maps,2026-08-29T06:58:09+00:00
google_maps_ChZDSUhNMG9nS0VJQ0FnSURwbGV2Q1dBEAE,OSM_node_6051320086,5,"Rất thích không gian yên bình nơi đây. Phòng tranh có thiết kế sang trọng, vị trí trung tâm trưng bày nhiều tác phẩm nghệ thuật độc đáo.",3 năm trước,,Google Maps,2026-08-29T06:58:09+00:00
google_maps_Ci9DQUlRQUNvZENodHljRjlvT25ka1VVWmxTV055UXpjNFdFNHRYemhRU0Vka2NXYxAB,OSM_node_6051320086,1,Nhan vien bo lao duoi khach,6 tháng trước,,Google Maps,2026-08-29T06:58:09+00:00
google_maps_Ci9DQUlRQUNvZENodHljRjlvT2pFMGIzUm5VRko2VjJwQ04yVmFiMFJYYWxjemMwRRAB,OSM_node_6051320086,5,Gallery nhiều tầng nhiều thứ coiiii,3 tháng trước,,Google Maps,2026-08-29T06:58:09+00:00
google_maps_ChZDSUhNMG9nS0VJQ0FnSURweHRmeGJREAE,OSM_node_6051320086,5,Rất thik cảm giác thư thái ngắm tranh trong tiếng nhạc du dương tại đây.Một trải nghiệm thật tuyệt vời!,3 năm trước,,Google Maps,2026-08-29T06:58:09+00:00
google_maps_ChZDSUhNMG9nS0VJQ0FnSUR2dmR2dlJnEAE,OSM_node_6051320086,5,"Triển lãm rất đẹp, được đầu tư chỉn chu và sáng tạo",một năm trước,,Google Maps,2026-08-29T06:58:09+00:00
google_maps_ChRDSUhNMG9nS0VJQ0FnSURyaS14SxAB,OSM_node_6051320086,5,"Gallery rất đẹp, các tác phẩm ở đây rất hoài cổ và độc đáo",2 năm trước,,Google Maps,2026-08-29T06:58:09+00:00
google_maps_ChdDSUhNMG9nS0VJQ0FnTUNRMXVyRXhnRRAB,OSM_node_6051320086,5,"Phòng tranh đẹp, trải nghiệm tốt, nên ghé thăm ở Hà Nội",một năm trước,,Google Maps,2026-08-29T06:58:09+00:00
google_maps_ChZDSUhNMG9nS0VJQ0FnSURMMnJMVUFREAE,OSM_node_6051320086,5,"Tranh đẹp, không gian rộng rãi thoáng mát. Nên đi nha mn 🤩🤩 …",2 năm trước,,Google Maps,2026-08-29T06:58:09+00:00
google_maps_ChZDSUhNMG9nS0VJQ0FnSURyaTZ5RmJnEAE,OSM_node_6051320086,5,"Tranh đẹp lắm ạ, mát mẻ, sạch sẽ, nhân viên nhiệt tình🫶🏻💓 …",2 năm trước,,Google Maps,2026-08-29T06:58:09+00:00
google_maps_Ci9DQUlRQUNvZENodHljRjlvT2xoRWFFNHhhVkZHTW5seVVHODFRVkpIVFMxRE0wRRAB,OSM_node_6051320086,5,"Phòng tranh đẹp, rất đáng ghé thăm",11 tháng trước,,Google Maps,2026-08-29T06:58:09+00:00
google_maps_ChdDSUhNMG9nS0VJQ0FnSURMNjVLWXNnRRAB,OSM_node_6051320086,5,"Phòng tranh không gian đẹp, yên tĩnh, nhiều tác phẩm đặc sắc",2 năm trước,,Google Maps,2026-08-29T06:58:09+00:00
google_maps_ChZDSUhNMG9nS0VJQ0FnSUNzcHFyMkRBEAE,OSM_node_6051320086,5,"Mình cũng k hiểu tranh lắm @@ Nhưng nhìn thì ""tự dưng thích thích"" mà k hiểu tại sao. Chắc hàm lượng nghệ thuật khá cao",6 năm trước,,Google Maps,2026-08-29T06:58:09+00:00
google_maps_ChdDSUhNMG9nS0VJQ0FnSUNBNHN1WDZBRRAB,OSM_node_6051320086,5,"Địa điểm đẹp, thuận tiện cho việc đi lại . Bài trí hiện đại, dịch vụ chu đáo .",9 năm trước,,Google Maps,2026-08-29T06:58:09+00:00
google_maps_ChdDSUhNMG9nS0VJQ0FnSUNadnVUenFRRRAB,OSM_node_6051320086,5,Sếp chuyển sang bán thêm Cafe giúp em với,2 năm trước,,Google Maps,2026-08-29T06:58:09+00:00
google_maps_ChZDSUhNMG9nS0VJQ0FnSURnaGZ1elhnEAE,OSM_node_6051320086,4,"Thấm đẫm tính nghệ thuật, gu thẩm mỹ cao và nổi trội.",9 năm trước,,Google Maps,2026-08-29T06:58:09+00:00
google_maps_ChdDSUhNMG9nS0VJQ0FnSUM0MHZYdGdnRRAB,OSM_node_6051320086,5,Tuyệt,7 năm trước,,Google Maps,2026-08-29T06:58:09+00:00
google_maps_ChZDSUhNMG9nS0VJQ0FnSUMxN3ByM05nEAE,OSM_node_6051320086,5,"Nhiều tranh đẹp, độc lạ!",2 năm trước,,Google Maps,2026-08-29T06:58:09+00:00
google_maps_ChdDSUhNMG9nS0VJQ0FnSURwbXV5YXB3RRAB,OSM_node_6051320086,5,Tranh đẹp. Rất ấn tượng,3 năm trước,,Google Maps,2026-08-29T06:58:09+00:00
google_maps_ChdDSUhNMG9nS0VJQ0FnSURnMjlUTGhnRRAB,OSM_node_6051320086,5,"cửa hàng đẹp,dịch vụ khá tốt",9 năm trước,,Google Maps,2026-08-29T06:58:09+00:00
google_maps_ChZDSUhNMG9nS0VJQ0FnSURDa3JUeGR3EAE,OSM_node_6051320086,4,Hơi ít tác phẩm nhưng chất lượng,Thời gian chỉnh sửa: 5 năm trước,,Google Maps,2026-08-29T06:58:09+00:00
google_maps_ChdDSUhNMG9nS0VJQ0FnSURnMk95S3hRRRAB,OSM_node_6051320086,5,Rât đẹp,9 năm trước,,Google Maps,2026-08-29T06:58:09+00:00
google_maps_ChZDSUhNMG9nS0VJQ0FnSUNBaHFTT0t3EAE,OSM_node_6051320086,5,Tranh đẹp,10 năm trước,,Google Maps,2026-08-29T06:58:09+00:00
google_maps_ChdDSUhNMG9nS0VJQ0FnSURncHN6YnFnRRAB,OSM_node_6051320086,5,khá tốt,9 năm trước,,Google Maps,2026-08-29T06:58:09+00:00
google_maps_ChdDSUhNMG9nS0VJQ0FnSUNReFlLRGpBRRAB,OSM_node_6051320086,5,Rất tốt,10 năm trước,,Google Maps,2026-08-29T06:58:09+00:00
google_maps_ChdDSUhNMG9nS0VJQ0FnSURRaGVhdzZnRRAB,OSM_node_6051320086,4,cũng đc,9 năm trước,,Google Maps,2026-08-29T06:58:09+00:00
google_maps_ChZDSUhNMG9nS0VJQ0FnSUNRNV9tMU13EAE,OSM_node_6051320086,4,Rộng rãi thoáng mát,9 năm trước,,Google Maps,2026-08-29T06:58:09+00:00
google_maps_ChZDSUhNMG9nS0VJQ0FnSURneXJqUld3EAE,OSM_node_6051320086,5,Rất tốt,9 năm trước,,Google Maps,2026-08-29T06:58:09+00:00
google_maps_ChdDSUhNMG9nS0VJQ0FnSURwd2VMZnJ3RRAB,OSM_node_6051320086,5,Tranh đẹpppp,3 năm trước,,Google Maps,2026-08-29T06:58:09+00:00
google_maps_ChdDSUhNMG9nS0VJQ0FnSURnckxuNTB3RRAB,OSM_node_6051320086,3,Đẹp,9 năm trước,,Google Maps,2026-08-29T06:58:09+00:00
google_maps_ChZDSUhNMG9nS0VJQ0FnSURnOU9QY2J3EAE,OSM_node_6051320086,5,Ngon,10 năm trước,,Google Maps,2026-08-29T06:58:09+00:00
google_maps_ChdDSUhNMG9nS0VJQ0FnSUNBcGV6MW9RRRAB,OSM_node_6051320086,5,Tốt,9 năm trước,,Google Maps,2026-08-29T06:58:09+00:00
google_maps_ChdDSUhNMG9nS0VJQ0FnSURBN196S3lRRRAB,OSM_node_6051320086,4,Hình đâu ?,9 năm trước,,Google Maps,2026-08-29T06:58:09+00:00
google_maps_ChZDSUhNMG9nS0VJQ0FnSURROXVtN0R3EAE,OSM_node_6051320086,1,ế,10 năm trước,,Google Maps,2026-08-29T06:58:09+00:00
google_maps_Ci9DQUlRQUNvZENodHljRjlvT21ka01WUkJSalZ5WkZkbk4wTnliemhETFhFeFExRRAB,OSM_node_6051320086,5,"Đẹp lắm nha, mn nên ghé qua thử 1 lần.",một tháng trước,,Google Maps,2026-08-29T06:58:09+00:00
google_maps_Ci9DQUlRQUNvZENodHljRjlvT21SQmJYbHJWMlpKU1U4MGFEaElWbmxTZUhsa1JIYxAB,OSM_node_6053785702,5,"Quán của thầy Quyền Văn Minh, người đặt nền móng trong đào tạo và sáng tác Jazz ở Việt Nam. Quán nhỏ, ấm cúng, ngày nào cũng có band đến chơi và hát, rất vui, rất hay. Quán có nhận giữ bàn đến 20h45, 21h sẽ bắt đầu diễn, thường sẽ khởi động với 2-3 bản jazz không lời, sau đó sẽ có ca sĩ cùng hát. Đồ uống ổn, giá trên trung bình, đồ ăn thì bình thường (mình gọi pizza do đói quá thì lúc đem ra hơi nguội, do bếp nằm ở chỗ khác). Phù hợp để đi cùng bạn bè và hoà mình vào giai điệu ngẫu hứng của jazz.",11 tháng trước,,Google Maps,2026-08-29T06:58:49+00:00
google_maps_ChdDSUhNMG9nS0VJQ0FnSUR6OHNTWmhRRRAB,OSM_node_6053785702,5,"Một trong những quán nhạc Jazz có tiếng ở Hà nội ! Quán 9h bắt đầu có band nhạc chơi, nhạc công chơi rất OK Không khí tại quán đông, bàn dc kê sát với nhau, sau 9h tối sẽ full khách để …",2 năm trước,,Google Maps,2026-08-29T06:58:49+00:00
google_maps_Ci9DQUlRQUNvZENodHljRjlvT2pCc1gxWXhaVmQzTVV0WWRGWTVPRTVGY0dKbldXYxAB,OSM_node_6053785702,1,Nhân viên nói 21:45 ca sĩ đến và 22:30 ko thấy ca sĩ đâu,5 tháng trước,,Google Maps,2026-08-29T06:58:49+00:00
google_maps_ChdDSUhNMG9nS0VJQ0FnSUNwd1pLdC13RRAB,OSM_node_6053785702,5,"Buổi tối ấm áp chìm đắm trong jazz ngay giữa trung tâm Hà Nội. Ban nhạc phiêu đỉnh, vocalist hát 6 bài trong 2 tiếng từ 9pm - 11pm. Tiền nhạc bao gồm trong menu, nhà mình 4 người order chai vang trắng 850k, bánh tiramisu 179k. Một lựa chọn giải trí in-house xứng đáng cho những tối mưa dầm và tất nhiên dành cho những tín đồ jazz 😍",3 năm trước,,Google Maps,2026-08-29T06:58:49+00:00
google_maps_Ci9DQUlRQUNvZENodHljRjlvT2pkcVlqbEVTMDVhWTNaT2VIbDZjRmREZG1sTWJrRRAB,OSM_node_6053785702,5,"Dịch vụ tốt , nhân viên thân thiện , nhiệt tình , nhạc hay",6 tháng trước,,Google Maps,2026-08-29T06:58:49+00:00
google_maps_ChdDSUhNMG9nS0VJQ0FnSURfenNqeGt3RRAB,OSM_node_6053785702,3,Lang thang trong các con hẻm ở Hà Nội thì vô tình thấy chỗ này. Nằm sau lưng nhà hát lớn với một không gian yên tĩnh. Đây là lần đầu mình nghe Jazz và phải thực sự khen ban nhạc chơi rất hay. Mình rất hài lòng về cách họ trình diễn và âm thanh của sân khấu rất tốt. Mình nghĩ nó sẽ tốt hơn nếu không có cho hút thuốc trong phòng và mọi người nói chuyện lớn làm mình bị phân tâm khi thưởng thức. Có phụ thu,một năm trước,,Google Maps,2026-08-29T06:58:49+00:00
google_maps_Ci9DQUlRQUNvZENodHljRjlvT2tOck5sQmZjRFYwVG01NmIwcDVabVF5TkhZNFgzYxAB,OSM_node_6053785702,5,quán đẹp nước ngon siu mê nên qua,8 tháng trước,,Google Maps,2026-08-29T06:58:49+00:00
google_maps_Ci9DQUlRQUNvZENodHljRjlvT25Gc1VqWXRNSFJKVm1wa1NuQjJhalZNV2xCeE1YYxAB,OSM_node_6053785702,5,"không gian ấm cúng, chất nhạc không nơi nào có được. Đặc biệt những đêm có bác Minh chơi nhạc thì cực kỳ đông",8 tháng trước,,Google Maps,2026-08-29T06:58:49+00:00
google_maps_ChdDSUhNMG9nS0VJQ0FnSUNYdjluSW93RRAB,OSM_node_6053785702,4,"Lần đầu tiên đến với Bình Minh Jazz club. Âm nhạc : band chơi ổn, các bài đều đều ko có cao trào. Bạn ca sĩ chắc đang bệnh …",một năm trước,,Google Maps,2026-08-29T06:58:49+00:00
google_maps_Ci9DQUlRQUNvZENodHljRjlvT20xeU5rOWphbTluU1VkeWVEaDJha05qTXpsWlZVRRAB,OSM_node_6053785702,5,Hay lắm luôn nổi hết cả da gà ạ,7 tháng trước,,Google Maps,2026-08-29T06:58:49+00:00
google_maps_Ci9DQUlRQUNvZENodHljRjlvT2s5MFozSnNNMk00Y2pRM2VWQjJVbVJXZVZGd2IyYxAB,OSM_node_6053785702,5,quán iu lóm ạ >.<,4 tháng trước,,Google Maps,2026-08-29T06:58:49+00:00
google_maps_Ci9DQUlRQUNvZENodHljRjlvT2tVM1VUZHhURTl1VVRGMlNEWk5SRFZIUWxBeVZsRRAB,OSM_node_6053785702,5,Tuyệt vời khi đến với BMJ. Cảm ơn,7 tháng trước,,Google Maps,2026-08-29T06:58:49+00:00
google_maps_Ci9DQUlRQUNvZENodHljRjlvT2t0bU1tUktVbG8zVmtaWFRFUmZjbkZ6VFhOSVkxRRAB,OSM_node_6053785702,5,"Một jazz bar ẩn mình phía sau Nhà hát Lớn, không quá ồn ào nhưng rất có duyên. Không gian mang nét cổ điển, ấm cúng, ánh đèn dịu tạo cảm giác dễ chịu ngay khi bước vào. Tối mình ghé đúng hôm có nhạc jazz live, ban nhạc chơi tinh tế, gần gũi, đủ để người nghe thật sự thả mình vào từng giai điệu. Đồ uống có giá cao hơn mặt bằng chung, nhưng đây là nơi để ngồi lại lâu, nhâm nhi cocktail và thưởng thức âm nhạc hơn là uống cho say. Nếu bạn yêu jazz và những không gian chậm rãi, có chiều sâu, đây là một điểm đến rất đáng ghé.",8 tháng trước,,Google Maps,2026-08-29T06:58:49+00:00
google_maps_ChdDSUhNMG9nS0VJQ0FnSUQ3ck9tUjJBRRAB,OSM_node_6053785702,5,"Đồ uống ổn; không may tối hôm đó mình đi hết nước cam nên lựa chọn cocktail khá hạn chế, còn lại menu đa dạng từ nước ép đến rượu. Không gian rất chill, đẹp, nhạc tuyệt vời.",2 năm trước,,Google Maps,2026-08-29T06:58:49+00:00
google_maps_Ci9DQUlRQUNvZENodHljRjlvT2pOVFpVRnVjV1pNU1dOMllrYzRVM2xYWXpScGJtYxAB,OSM_node_6053785702,1,"Mình đến đây trước đó rất nhiều lần từ 2021 rồi nhưng nhạc càng ngày càng tệ và đắt, không xứng với số tiền bỏ ra. Hôm nay mình có gọi Gin tonic ( Gin tonic như thiu :))) dùng tonic hết ga đổ vào ly gin của mình ) nhân viên thì thái độ. Lúc mình phản hồi thì có đổi cho mình ly khác nhưng rất là thái độ và hỏi khách cộc lốc “ GIN TONIC PHẢI KHÔNG? “ nhìn cũng không còn trẻ trung gì mà nói chuyện với khách không bằng đứa trẻ con! Không giới thiệu khách du lịch tới đây nhé! Bonus thêm là đồ ăn siêu đắt và không ngon!",9 tháng trước,,Google Maps,2026-08-29T06:58:49+00:00
google_maps_ChZDSUhNMG9nS0VJQ0FnSURCMjQydlJnEAE,OSM_node_6053785702,4,"Tôi có dịp ghé thăm Binh Minh Jazz Club và thưởng thức đồ uống, âm nhạc tại nơi đây. Ở đây có không gian ấm cúng, jazzy. Đồ uống rất ngon và phụ vụ tốt. Nhưng âm nhạc chưa thực sự quá hài lòng đối với những người thực sự khó tính trong âm nhạc",3 năm trước,,Google Maps,2026-08-29T06:58:49+00:00
google_maps_Ci9DQUlRQUNvZENodHljRjlvT2treGVFcHlhV1F0TVVORWJVMDFYMXBwUjB0eFZtYxAB,OSM_node_6053785702,5,Không gian ấm áp..âm nhạc tuyệt vời Nhân viên hơi chill xíu tươi cười hơn thì quá là okela,8 tháng trước,,Google Maps,2026-08-29T06:58:49+00:00
google_maps_ChZDSUhNMG9nS0VJQ0FnSURJalpyaWFREAE,OSM_node_6053785702,4,"Địa điểm nằm trong ngõ nhỏ yên tĩnh, quang cảnh đẹp có mấy nhà hàng ẩm thực Italia bên cạnh, bạn có thể ngồi trong, dù trong lúc nào cũng đông, hoặc ngoài cửa cũng thích. Ở đây phần lớn là khách nước ngoài , đc nghe nhạc jazz quán biểu diễn hoặc chính khán giả ngẫu hứng, đồ uống khoảng 200k- 300k/ 2 người",Thời gian chỉnh sửa: 7 năm trước,,Google Maps,2026-08-29T06:58:49+00:00
google_maps_ChdDSUhNMG9nS0VJQ0FnTURvd2JySmpnRRAB,OSM_node_6053785702,1,"Nhân viên nói không lịch sự với nhóm mình đi 5 người,thái độ khinh người phân biệt khách tây vs khách ta",một năm trước,,Google Maps,2026-08-29T06:58:49+00:00
google_maps_ChZDSUhNMG9nS0VJQ0FnSUNoaU5tOEdREAE,OSM_node_6053785702,5,"Nghe nhạc jazz một cách cuồng nhiệt. Khá thích hợp khi bạn chill 1 mình, có bạn nhạc chơi trực tiếp.",3 năm trước,,Google Maps,2026-08-29T06:58:49+00:00
google_maps_ChdDSUhNMG9nS0VJQ0FnTURBZ2F1WDFRRRAB,OSM_node_6053785702,5,"Một chỗ tuyệt vời để nghe jazz, nghe cực tình. Cuối tuần thì có idol Đét hát. Tuy nhiên giá entry cuối tuần hơi đắt (100k), đồ uống mình ko khuyên uống vì đắt và không ngon, nước lọc ở đây cũng chỉ bán theo chai, không được uống miễn phí",một năm trước,,Google Maps,2026-08-29T06:58:49+00:00
google_maps_Ci9DQUlRQUNvZENodHljRjlvT25SUlMwSnRNa1F4TUd0WU5HTXlUSFZxTjFGMU9FRRAB,OSM_node_6053785702,4,Chill cực,5 tháng trước,,Google Maps,2026-08-29T06:58:49+00:00
google_maps_ChdDSUhNMG9nS0VJQ0FnSUNabnVTNjRBRRAB,OSM_node_6053785702,5,"Một địa điểm tuyệt vời cho những người yêu nhạc jazz ở Hà Nội. Nhạc hay, giá đồ uống rẻ",2 năm trước,,Google Maps,2026-08-29T06:58:49+00:00
google_maps_Ci9DQUlRQUNvZENodHljRjlvT2t4a1FVcG5lbFpzVjFObFF6bFRiREY0TmxWRWRHYxAB,OSM_node_6053785702,5,nhân viên nhiệt tình 😻😻 không nhưng,4 tháng trước,,Google Maps,2026-08-29T06:58:49+00:00
google_maps_ChdDSUhNMG9nS0VJQ0FnTURvd1piRjVnRRAB,OSM_node_6053785702,1,"Nhân viên khinh người ,nói với khách hàng không thân thiện ,ko lịch sự",một năm trước,,Google Maps,2026-08-29T06:58:49+00:00
google_maps_Ci9DQUlRQUNvZENodHljRjlvT2tsbmMxVmxUVEJNVjE4eGFXUlNWV2xXV25WVmJXYxAB,OSM_node_6053785702,5,"Quán ok, phục vụ tốt. Nhân viên đẹp trai",8 tháng trước,,Google Maps,2026-08-29T06:58:49+00:00
google_maps_ChZDSUhNMG9nS0VJQ0FnSUNIX1Blbkp3EAE,OSM_node_6053785702,3,"Ban nhạc tối 2.9 chơi hơi buồn ngủ. Làm m nhớ hồi còn đi 31 Lương Văn Can, bao nhiêu đam mê trong từng nghệ sỹ biểu diễn, làm mình hồi đó ngồi nghe đến khuya không chán. Hôm nay về sớm. Bàn bên cạnh mình cũng chỉ ngồi được 15 phút.",một năm trước,,Google Maps,2026-08-29T06:58:49+00:00
google_maps_ChZDSUhNMG9nS0VJQ0FnTURRN2E2cE1REAE,OSM_node_6053785702,5,"Đồ ăn và đồ uống rất ngon, giá cả phải chẳng, nhạc hay nhân viên phục vụ chu đáo, nhiệt tình",một năm trước,,Google Maps,2026-08-29T06:58:49+00:00
google_maps_ChdDSUhNMG9nS0VJQ0FnSURKaW9mX3VRRRAB,OSM_node_6053785702,5,"Nhạc hay, không gian thích hợp cho người không thích quá ồn ào",3 năm trước,,Google Maps,2026-08-29T06:58:49+00:00
google_maps_ChZDSUhNMG9nS0VJQ0FnSURSMzVhZWZBEAE,OSM_node_6053785702,4,"Không gian tuy hơi cũ nhưng ấm cúng, nhạc jazz được đanh bới band nhạc rất là hay, nói chung đây là 1 trong số ít địa điểm chơi nhạc jazz chất lượng ở Hà Nội",3 năm trước,,Google Maps,2026-08-29T06:58:49+00:00
google_maps_ChZDSUhNMG9nS0VJQ0FnSUN4eXNDSlZBEAE,OSM_node_6053785702,5,Mình may mắn được 1 người bạn Hà Nội dẫn đi. Rất thích không gian của quán. Giá nước rất là hợp lý. Hy vọng sau này có dịp quay lại.,3 năm trước,,Google Maps,2026-08-29T06:58:49+00:00
google_maps_ChdDSUhNMG9nS0VJQ0FnSUNYNzlfT2lnRRAB,OSM_node_6053785702,5,"đánh nhạc hay kinh khủng, chuyên nghiệp phục vụ thì bình thường, chưa để lại nhiều sự thân thiện cho lắm",một năm trước,,Google Maps,2026-08-29T06:58:49+00:00
google_maps_ChdDSUhNMG9nS0VJQ0FnSUR1eE9lTzZBRRAB,OSM_node_6053785702,4,"Nước ngon, giá tốt, ban nhạc chơi khá hay.",4 năm trước,,Google Maps,2026-08-29T06:58:49+00:00
google_maps_Ci9DQUlRQUNvZENodHljRjlvT2pVNE0xSmhZMkZ1ZFhWMWMySnlVRFpUVm10eVVWRRAB,OSM_node_6053785702,1,"Nhân viên hotline nói chuyện cọc cằn, không tôn trọng khách hàng.",10 tháng trước,,Google Maps,2026-08-29T06:58:49+00:00
google_maps_Ci9DQUlRQUNvZENodHljRjlvT2xsR1pIZEpSWE5XU3pkbFVuSmZZMUIyZWxCdWEwRRAB,OSM_node_6053785702,1,Nhân viên trực hotline có lẽ ko biết cách trả lời khách sao cho đúng.,10 tháng trước,,Google Maps,2026-08-29T06:58:49+00:00
google_maps_ChdDSUhNMG9nS0VJQ0FnSURINmFMVzd3RRAB,OSM_node_6053785702,1,"Trải nghiệm không mấy vui vẻ ở đây, đồ uống đắt nhưng không chất lượng với giá tiền. Thái độ nhân viên không vui vẻ, không support, dửng dưng không cảm xúc",một năm trước,,Google Maps,2026-08-29T06:58:49+00:00
google_maps_ChZDSUhNMG9nS0VJQ0FnSUMwLV8zV2RREAE,OSM_node_6053785702,5,Địa điểm lý tưởng để thưởng thức nhạc Jazz,6 năm trước,,Google Maps,2026-08-29T06:58:49+00:00
google_maps_ChZDSUhNMG9nS0VJQ0FnSURvdDhhTEpREAE,OSM_node_6053785702,5,Một nơi khá thú vị gần khách sann Hilton.rất tốt để thư giãn .họ có một band nhạc chơi rất tốt luôn á.mọi người nếu muốn đắm mình vào những bản nhạc jazz thì hãy tới đây nhé,7 năm trước,,Google Maps,2026-08-29T06:58:49+00:00
google_maps_ChdDSUhNMG9nS0VJQ0FnSUNnOXZPWDJRRRAB,OSM_node_6053785702,3,"Thiên Ân đã rơi vào trạng thái hôn mê sâu như thế. Cô đâu biết những ngày tháng cô hôn mê là khoảng thời gian những người yêu thương cô phải trải qua những gì đau đớn nhất. Nghe con gái gọi hai tiếng ""Mẹ ơi!"" trong cơn mê, bố cô đau thắt ruột gan, khóc không thành tiếng. Ngày cô nôn ra",8 năm trước,,Google Maps,2026-08-29T06:58:49+00:00
google_maps_ChdDSUhNMG9nS0VJQ0FnSURRZzRTODRnRRAB,OSM_node_6053785702,4,"Quán nhỏ, ấm cúng, đồ uống và giá thành hợp lý, chơi nhạc hay nhưng vì ko có giới thiệu nên chả biết các nhạc công chơi bài gì.",8 năm trước,,Google Maps,2026-08-29T06:58:49+00:00
google_maps_ChdDSUhNMG9nS0VJQ0FnSUNmMG9DQ19RRRAB,OSM_node_6053785702,5,Ban nhạc chơi hay rất đáng để thử trong đời phục vụ nhiệt tình và đồ ăn ngon,một năm trước,,Google Maps,2026-08-29T06:58:49+00:00
google_maps_Ci9DQUlRQUNvZENodHljRjlvT2t0TWVURTBNa0ZLTmxOR2MwNXhNR1V5YjJaV1kzYxAB,OSM_node_6053785702,5,Một địa chỉ không thể bỏ qua với những người mê nhạc Jazz ở Hà Nội.,một năm trước,,Google Maps,2026-08-29T06:58:49+00:00
google_maps_ChZDSUhNMG9nS0VJQ0FnSUNvM2VmdEhnEAE,OSM_node_6053785702,5,"Người yêu Jazz HN quá quen với quán này rồi. Địa điểm trung tâm, dễ tìm, quán cũng rất ấm cúng thân thuộc. Đồ uống ổn.",7 năm trước,,Google Maps,2026-08-29T06:58:49+00:00
google_maps_ChZDSUhNMG9nS0VJQ0FnSURZODZ5YVhREAE,OSM_node_6053785702,5,"Không gian rất nice, mọi thứ ok, mỗi điều là hôm đó là ngày buồn của tôi, không gian rất ổn, có mình tôi là thấy mọi thứ nhạt nhẽo",7 năm trước,,Google Maps,2026-08-29T06:58:49+00:00
google_maps_ChdDSUhNMG9nS0VJQ0FnSURDd19ydGpnRRAB,OSM_node_6053785702,5,"Rất hài lòng. Không gian ấm cúng, nhạc cũng oke. Cocktail khá ngon nè.",5 năm trước,,Google Maps,2026-08-29T06:58:49+00:00
google_maps_ChdDSUhNMG9nS0VJQ0FnSUNoXzduaGhBRRAB,OSM_node_6053785702,5,"Chương trình hàng tối hấp dẫn khác lạ , giá cả phù hợp, không gian lịch sự ấm cúng",3 năm trước,,Google Maps,2026-08-29T06:58:49+00:00
google_maps_ChZDSUhNMG9nS0VJQ0FnSURBNW96aFV3EAE,OSM_node_6053785702,5,Một trải nghiệm thực sự về Jazz tại Hà Nội. Đặc biệt là tất cả các ngày trong tuần đều có chương trình.,10 năm trước,,Google Maps,2026-08-29T06:58:49+00:00
google_maps_ChdDSUhNMG9nS0VJQ0FnSUNLcE9YZzlRRRAB,OSM_node_6053785702,5,"Trải nghiệm về jazz club dễ chịu. Không gian thoáng, giá cả cũng vừa phải. Nên trải nghiệm.",5 năm trước,,Google Maps,2026-08-29T06:58:49+00:00
google_maps_ChdDSUhNMG9nS0VJQ0FnSUNvNUxlRHR3RRAB,OSM_node_6053785702,5,"Một địa điểm thư giãn rất ""Tây* tuyệt vời nếu đến trước 8h có giờ Vàng giảm giá!!!",Thời gian chỉnh sửa: 4 năm trước,,Google Maps,2026-08-29T06:58:49+00:00
google_maps_ChZDSUhNMG9nS0VJQ0FnSUNwdi1MLVl3EAE,OSM_node_6053785702,5,Đồ uống bình thường. Không gian đẹp và âm nhạc tuyệt vời,3 năm trước,,Google Maps,2026-08-29T06:58:49+00:00
google_maps_ChdDSUhNMG9nS0VJQ0FnSUNRc08yUXZnRRAB,OSM_node_6079920791,5,Mong chùa sẽ ngày càng thu hút được khách thập phương,8 năm trước,,Google Maps,2026-08-29T06:59:16+00:00
google_maps_ChZDSUhNMG9nS0VJQ0FnSUNNdXB6N0VBEAE,OSM_node_6079920791,5,"Ngôi chùa cổ kính,linh thiêng,thanh tịnh.",6 năm trước,,Google Maps,2026-08-29T06:59:16+00:00
google_maps_ChdDSUhNMG9nS0VJQ0FnSURBcFl6MDVRRRAB,OSM_node_6079920791,5,,8 năm trước,,Google Maps,2026-08-29T06:59:16+00:00
google_maps_ChZDSUhNMG9nS0VJQ0FnSUN3dS1mcVlBEAE,OSM_node_6174414185,2,noi trung la thu phi qua dat,13 năm trước,,Google Maps,2026-08-29T06:59:48+00:00
google_maps_ChdDSUhNMG9nS0VJQ0FnSURBeU92OTVBRRAB,OSM_node_6174414185,3,Vo doi,13 năm trước,,Google Maps,2026-08-29T06:59:48+00:00
google_maps_ChZDSUhNMG9nS0VJQ0FnSUMwblBDRFhnEAE,OSM_node_6174414185,4,Tốt,6 năm trước,,Google Maps,2026-08-29T06:59:48+00:00
google_maps_ChdDSUhNMG9nS0VJQ0FnSUNxdU1hWnFBRRAB,OSM_node_6174414185,5,,5 năm trước,,Google Maps,2026-08-29T06:59:48+00:00
google_maps_ChdDSUhNMG9nS0VJQ0FnSUNnaF95RnZRRRAB,OSM_node_6174414185,5,,8 năm trước,,Google Maps,2026-08-29T06:59:48+00:00
google_maps_ChZDSUhNMG9nS0VJQ0FnSUNBd0xId2RREAE,OSM_node_6174414185,5,,9 năm trước,,Google Maps,2026-08-29T06:59:48+00:00
google_maps_ChZDSUhNMG9nS0VJQ0FnSUNBbTVyS2FBEAE,OSM_node_6174414185,5,,10 năm trước,,Google Maps,2026-08-29T06:59:48+00:00
google_maps_ChZDSUhNMG9nS0VJQ0FnSURBM0xXRUl3EAE,OSM_node_6174414185,5,,10 năm trước,,Google Maps,2026-08-29T06:59:48+00:00
google_maps_ChdDSUhNMG9nS0VJQ0FnSUQweVlfcW5RRRAB,OSM_node_6612988434,5,"Đài tưởng niệm liệt sĩ, không phải đình chùa, nên thích hợp cho trẻ con ra vui chơi hóng mát, không sợ trẻ ảnh hưởng tâm linh. Địa điểm rộng rãi thoáng mát sạch sẽ. Nếu mang theo đồ ăn nước uống thì hãy mang rác sau khi sử dụng về, giữ gìn vệ sinh chung.",6 năm trước,,Google Maps,2026-08-29T07:02:58+00:00
google_maps_ChZDSUhNMG9nS0VJQ0FnSUNDam9IeEx3EAE,OSM_node_6612988434,5,"Không gian đẹp, thoáng mát",6 năm trước,,Google Maps,2026-08-29T07:02:58+00:00
google_maps_ChZDSUhNMG9nS0VJQ0FnSUNJNHBTRkRBEAE,OSM_node_6612988434,5,Sân bây giờ là khu vui chơi trẻ em. Chiều tối đến đêm có thể đưa trẻ con đến chơi. Người lớn trà đá. Người già tập dưỡng sinh. Khá văn minh trong lành,7 năm trước,,Google Maps,2026-08-29T07:02:58+00:00
google_maps_ChdDSUhNMG9nS0VJQ0FnSURVaFpqcnFBRRAB,OSM_node_6612988434,5,Địa điểm rất sạch sẽ. Nơi thờ cúng trang nghiêm. Địa điểm tuyệt vời cho các gia thể dục thư giãn vào các buổi chiều,6 năm trước,,Google Maps,2026-08-29T07:02:58+00:00
google_maps_ChZDSUhNMG9nS0VJQ0FnSURzb05XbGJBEAE,OSM_node_6612988434,3,"không gian thoáng mát, sân chơi rộng",6 năm trước,,Google Maps,2026-08-29T07:02:58+00:00
google_maps_ChZDSUhNMG9nS0VJQ0FnSURvX3FmeVB3EAE,OSM_node_6612988434,5,Một nơi tốt để sinh hoạt và phát triển,7 năm trước,,Google Maps,2026-08-29T07:02:58+00:00
google_maps_ChZDSUhNMG9nS0VJQ0FnSURZOF9hLVF3EAE,OSM_node_6612988434,3,Đi tích lịch sử của Ngọc thụy.,7 năm trước,,Google Maps,2026-08-29T07:02:58+00:00
google_maps_ChZDSUhNMG9nS0VJQ0FnSURBOFBqck93EAE,OSM_node_6612988434,4,Rộng rãi và trang nghiêm,7 năm trước,,Google Maps,2026-08-29T07:02:58+00:00
google_maps_ChdDSUhNMG9nS0VJQ0FnSURBcExtZnhnRRAB,OSM_node_6612988434,3,Yên tĩnh... sạch đẹp,8 năm trước,,Google Maps,2026-08-29T07:02:58+00:00
google_maps_ChZDSUhNMG9nS0VJQ0FnSURndU5UOVZREAE,OSM_node_6612988434,3,Công trình 'tiêu tiền',8 năm trước,,Google Maps,2026-08-29T07:02:58+00:00
google_maps_ChZDSUhNMG9nS0VJQ0FnSUMwaVBqWEZBEAE,OSM_node_6612988434,5,Tổ quốc ghi công,6 năm trước,,Google Maps,2026-08-29T07:02:58+00:00
google_maps_ChZDSUhNMG9nS0VJQ0FnSUNRbHVXY1JBEAE,OSM_node_6612988434,5,ý nghĩa,9 năm trước,,Google Maps,2026-08-29T07:02:58+00:00
google_maps_ChdDSUhNMG9nS0VJQ0FnSUNvM2Vxb19nRRAB,OSM_node_6612988434,4,Đình Lý Thường Kiệt,7 năm trước,,Google Maps,2026-08-29T07:02:58+00:00
google_maps_ChdDSUhNMG9nS0VJQ0FnSUNRcnJxZjl3RRAB,OSM_node_6612988434,4,Rất trang nghiêm,9 năm trước,,Google Maps,2026-08-29T07:02:58+00:00
google_maps_ChZDSUhNMG9nS0VJQ0FnSUMwcGNTTkRREAE,OSM_node_6612988434,5,Ngọc Thụy,6 năm trước,,Google Maps,2026-08-29T07:02:58+00:00
google_maps_ChdDSUhNMG9nS0VJQ0FnSURrckpLbzFRRRAB,OSM_node_6612988434,5,Dc,7 năm trước,,Google Maps,2026-08-29T07:02:58+00:00
google_maps_ChdDSUhNMG9nS0VJQ0FnSUN3bGZUOGtnRRAB,OSM_node_6612988434,3,trang nghiêm,9 năm trước,,Google Maps,2026-08-29T07:02:58+00:00
google_maps_ChZDSUhNMG9nS0VJQ0FnSURZcDVhN0JnEAE,OSM_node_6612988434,4,"Khá tốt đấy. Có phí vào cửa, nhưng cuối tuần và ngày lễ thì rất đông, nên nếu có thể, hãy đến vào những giờ đầu ngày trong tuần.",7 năm trước,,Google Maps,2026-08-29T07:02:58+00:00
google_maps_ChZDSUhNMG9nS0VJQ0FnSUNnNy1tdWRBEAE,OSM_node_6612988434,5,,9 năm trước,,Google Maps,2026-08-29T07:02:58+00:00
google_maps_ChdDSUhNMG9nS0VJQ0FnSURBNnNuYzN3RRAB,OSM_node_6612988434,4,Tốt,9 năm trước,,Google Maps,2026-08-29T07:02:58+00:00
google_maps_ChdDSUhNMG9nS0VJQ0FnSURNN055dXZnRRAB,OSM_node_6612988434,3,,6 năm trước,,Google Maps,2026-08-29T07:02:58+00:00
google_maps_ChZDSUhNMG9nS0VJQ0FnSUMwNE5DSEh3EAE,OSM_node_6612988434,5,,6 năm trước,,Google Maps,2026-08-29T07:02:58+00:00
google_maps_ChZDSUhNMG9nS0VJQ0FnSURVektDQ0RREAE,OSM_node_6612988434,1,,7 năm trước,,Google Maps,2026-08-29T07:02:58+00:00
google_maps_ChZDSUhNMG9nS0VJQ0FnSUNVLS1lOUhBEAE,OSM_node_6612988434,5,,7 năm trước,,Google Maps,2026-08-29T07:02:58+00:00
google_maps_ChdDSUhNMG9nS0VJQ0FnSUNVLS1YdHhBRRAB,OSM_node_6612988434,5,,7 năm trước,,Google Maps,2026-08-29T07:02:58+00:00
google_maps_ChZDSUhNMG9nS0VJQ0FnSUNVaV9PZ0dBEAE,OSM_node_6612988434,4,,7 năm trước,,Google Maps,2026-08-29T07:02:58+00:00
google_maps_ChZDSUhNMG9nS0VJQ0FnSUNVaFp6OU5REAE,OSM_node_6612988434,4,,7 năm trước,,Google Maps,2026-08-29T07:02:58+00:00
google_maps_ChZDSUhNMG9nS0VJQ0FnSUNVMnEtTUV3EAE,OSM_node_6612988434,5,,7 năm trước,,Google Maps,2026-08-29T07:02:58+00:00
google_maps_ChdDSUhNMG9nS0VJQ0FnSUNVdVBIbjhBRRAB,OSM_node_6612988434,5,,7 năm trước,,Google Maps,2026-08-29T07:02:58+00:00
google_maps_ChZDSUhNMG9nS0VJQ0FnSURraTRxMGR3EAE,OSM_node_6612988434,5,,7 năm trước,,Google Maps,2026-08-29T07:02:58+00:00
google_maps_ChdDSUhNMG9nS0VJQ0FnSURFc2ZhTnlnRRAB,OSM_node_6612988434,5,,7 năm trước,,Google Maps,2026-08-29T07:02:58+00:00
google_maps_ChZDSUhNMG9nS0VJQ0FnSURZdTdLMldnEAE,OSM_node_6612988434,3,,7 năm trước,,Google Maps,2026-08-29T07:02:58+00:00
google_maps_ChdDSUhNMG9nS0VJQ0FnSURJbjdTRW93RRAB,OSM_node_6612988434,4,,7 năm trước,,Google Maps,2026-08-29T07:02:58+00:00
google_maps_ChdDSUhNMG9nS0VJQ0FnSURJcmVpTm5nRRAB,OSM_node_6612988434,5,,7 năm trước,,Google Maps,2026-08-29T07:02:58+00:00
google_maps_ChdDSUhNMG9nS0VJQ0FnSURJMnZXQThBRRAB,OSM_node_6612988434,4,,7 năm trước,,Google Maps,2026-08-29T07:02:58+00:00
google_maps_ChZDSUhNMG9nS0VJQ0FnSUNnaUpfZ0pREAE,OSM_node_6612988434,5,,8 năm trước,,Google Maps,2026-08-29T07:02:58+00:00
google_maps_ChdDSUhNMG9nS0VJQ0FnSUN3NzZTei13RRAB,OSM_node_6612988434,5,,8 năm trước,,Google Maps,2026-08-29T07:02:58+00:00
google_maps_ChdDSUhNMG9nS0VJQ0FnSUNnNDZIZW93RRAB,OSM_node_6612988434,5,,9 năm trước,,Google Maps,2026-08-29T07:02:58+00:00
google_maps_ChdDSUhNMG9nS0VJQ0FnSUNnNWJ6UHpBRRAB,OSM_node_6612988434,5,,9 năm trước,,Google Maps,2026-08-29T07:02:58+00:00
google_maps_Ci9DQUlRQUNvZENodHljRjlvT21wM1QxVXpOSEZGUlY5b09WVmpTek5HYjBremRrRRAB,OSM_node_6648715232,5,"Thật tuyệt vời khi đến với AN LẠC cùng ""gia đình"" Kiềm Thảo dược. Biết ơn CTY KIỀM THẢO DƯỢC đã tổ chức Sinh nhật 5 năm kiến tạo, dấu ấn rất tự hào.",một tháng trước,,Google Maps,2026-08-29T07:03:36+00:00
google_maps_Ci9DQUlRQUNvZENodHljRjlvT2toQmVXRlNibmxDVms0NFJHeEhVRTh6ZFV3MmJIYxAB,OSM_node_6648715232,5,"AL Eco Farm sở hữu khuôn viên rộng rãi, xanh mát và gần gũi với thiên nhiên, là địa điểm lý tưởng để tổ chức các sự kiện, hoạt động trải nghiệm dành cho học sinh, sinh viên và doanh nghiệp. Đồ ăn ngon, đa dạng; đội ngũ nhân viên thân thiện, nhiệt tình và luôn sẵn sàng hỗ trợ, mang đến trải nghiệm thoải mái và đáng nhớ cho khách 🩵🩵🩵 …",2 tháng trước,,Google Maps,2026-08-29T07:03:36+00:00
google_maps_Ci9DQUlRQUNvZENodHljRjlvT25kdVNtdEVRbEk1VjAxQlltOWZiMGhIU0ZwdlEyYxAB,OSM_node_6648715232,5,"Một trong những địa điểm nên đi của các gia đình, phù hợp cho người già và trẻ nhỏ. Giá cả ngày thường/lễ cũng rất phải chăng so với dịch vụ và cơ sở vật chất. Phòng rộng và sạch sẽ, đồ ăn nhiều và chất lượng, tính ra ăn tại đây mỗi bữa sẽ …",3 tháng trước,,Google Maps,2026-08-29T07:03:36+00:00
google_maps_Ci9DQUlRQUNvZENodHljRjlvT2psbVRFNWZOMnBQWmxBNVNrRlJhMnhUUkhvM1FrRRAB,OSM_node_6648715232,5,"Không gian sạch sẽ và trong lành. Nơi lý tưởng cho gia đình về trải nghiệm,hội họp cuối tuần. Rất ok nhé.",3 tuần trước,,Google Maps,2026-08-29T07:03:36+00:00
google_maps_Ci9DQUlRQUNvZENodHljRjlvT21ORGVGaExTMWRyYTFwV1oyWm1iRGt6V0ZKWmVVRRAB,OSM_node_6648715232,5,"An Lạc Eco Farm & Hot Springs là một địa điểm lý tưởng để thư giãn. Mình thích không khí trong lành và phong cảnh hữu tình nơi đây. Các bể tắm nước nóng rất tốt, đặc biệt sau một ngày dài khám phá. Thức ăn ngon và nhân viên nhiệt tình. Tuy nhiên, một vài khu vực hơi xa nhau, đi lại có phần bất tiện. Nói chung là hài lòng!",một tháng trước,,Google Maps,2026-08-29T07:03:36+00:00
google_maps_Ci9DQUlRQUNvZENodHljRjlvT21GTGFUbGtjMGhFTkY5dU5YRnBaVmQwTTJ0V1VGRRAB,OSM_node_6648715232,3,"Đi theo đoàn năm 2023 nên mình không nhớ giá, chỉ nhớ ngủ buffer 🤣, 2 phòng nữ, 1 phòng nam. Ngủ giường tầng, mỗi người 1 giường, phòng tầm 10 người, cũng vui, nhưng khi tắm khoáng, xông hơi về chờ nhau tắm gội hơi lâu. Ăn thì ăn bên ngoài, …",4 tháng trước,,Google Maps,2026-08-29T07:03:36+00:00
google_maps_Ci9DQUlRQUNvZENodHljRjlvT2xWTldVaGlkbmx3UXpSZmFuQXhjbWhDZWxWalkyYxAB,OSM_node_6648715232,5,"Farm đẹp, phù hợp đi đông người, 1 phòng tối đa 12 giường nên đi càng đông càng rẻ. Farm có đủ tiện ích phục vụ nhu cầu mọi lứa tuổi: trượt cỏ, đá bóng, bể bơi, …",3 tháng trước,,Google Maps,2026-08-29T07:03:36+00:00
google_maps_Ci9DQUlRQUNvZENodHljRjlvT25KU2RWWnVjRk5oU0ZkeVdIWjZkRVpsZUROcGRsRRAB,OSM_node_6648715232,4,Ai ở HN thích đi tắm khoáng nóng mà k phải đi xa quá thì đây là 1 lựa chọn không tồi. Diện tích đủ rộng và nhiều khung hình đẹp để chill. Nhưng điểm trừ là bể khoáng khá cao nên ai k biết bơi thì chỉ nên chơi ở bể vầy mà thôi 😁 …,2 tháng trước,,Google Maps,2026-08-29T07:03:36+00:00
google_maps_Ci9DQUlRQUNvZENodHljRjlvT21odldGazVaR3hJTVcxNVVFUjJUMDV0WlhweFVWRRAB,OSM_node_6648715232,5,"Farm có khuôn viên rộng, có nhiều hoạt động cho gia đình có trẻ nhỏ: bể bơi khoáng nước ấm, trượt cỏ, đi xe đạp, đá bóng. Trong nội khu có xe điện đưa khách đi tắm khoáng. Farm có khu nhà sàn và căn hộ. Nhà mình ở khu nhà sàn, nếu đi vào mùa hè thì chắc thú vị hơn, nhưng nhà mình đi vào mùa cuối đông nên hơi bất tiện khi ở nhà sàn vì nhà vệ sinh tách biệt bên ngoài, lên xuống thang nhỏ. Đồ ăn sáng cũng ổn. Ăn trưa hay tối có thể đặt tại farm. Nhân viên nhiệt tình.",5 tháng trước,,Google Maps,2026-08-29T07:03:36+00:00
google_maps_Ci9DQUlRQUNvZENodHljRjlvT2tOcWNsRkZXbUZoVTBWc1ZsaFBTVWhpTkUxMGIyYxAB,OSM_node_6648715232,5,"Phòng ốc thì rộng rãi, sạch sẽ; có thể ở được rất nhiều người cùng 1 phòng. Đi đội nhóm sẽ rất vui. View phòng cũng rất đẹp, thích hợp với người yêu thiên nhiên. Không gian rộng, có bể bơi khoáng trong nhà, bể bơi to ngoài trời, khu xông hơi, khu bể sục khoáng và cả spa, khu thiền, bể cá koi. Có sân bóng, picke ball, bóng rổ, trượt cỏ... thích hợp cho các hoạt động thể thao ngoài trời, team building. Chi phí dịch vụ cũng khá thấp (tô tượng, gắp thú, thuê đồ bơi,...) Đồ ăn tươi, vị cũng ok và rất đầy đặn, cả đoàn ăn nó căng bụng mà vẫn chưa hết đồ trên bàn (Món gà + cá khá ngon). Nhân viên hỗ trợ nhiệt tình, niềm nở. Nếu có dịp chắc chắn sẽ quay lại.",5 tháng trước,,Google Maps,2026-08-29T07:03:36+00:00
google_maps_Ci9DQUlRQUNvZENodHljRjlvT2twbWFsaHJjVXBNTTBKdmMzbFFaVjlZU21FMVVrRRAB,OSM_node_6648715232,5,"Tốt, Bể bơi ấm và sạch, có sân bóng đá miễn phí, phù hợp với gia đình có nhiều trẻ nhỏ.",4 tháng trước,,Google Maps,2026-08-29T07:03:36+00:00
google_maps_Ci9DQUlRQUNvZENodHljRjlvT21OUGQwUktlVk5ZVTE4ek5EVm9jV3g0UTNCSmNGRRAB,OSM_node_6648715232,2,Không gian thoáng mát yên tĩnh rộng rãi. nhưng: - Thái độ nhân viên rất khó chịu. Mặt mũi lúc nào cũng lầm lì. Cục cằn. Đặc …,5 tháng trước,,Google Maps,2026-08-29T07:03:36+00:00
google_maps_Ci9DQUlRQUNvZENodHljRjlvT25oU2Vtb3RWREI0YWtWSlp6Z3lSV1YxUW0xdGJYYxAB,OSM_node_6648715232,5,Dịch vụ ở đây rất tốt không khí trong lành cảnh quan đẹp đồ ăn ngon nhân viên nhiệt tình thân thiện. Tôi rất muốn được quay lại đây nhiều nhiều lần,2 tháng trước,,Google Maps,2026-08-29T07:03:36+00:00
google_maps_Ci9DQUlRQUNvZENodHljRjlvT2tWaE9FNXBTRzVMYTJGbmRHNDRaMFEyZW1ndGVYYxAB,OSM_node_6648715232,1,"Lái xe chở 27 khách đến,khách chỉ mua vé 150k vào cổng,k sử dụng dịch vụ lưu trú.lái xe chỉ nhờ phòng nội bộ để ngủ mà k cho vì theo quy định là như vậy,(khách k lưu trú là k bố trí chỗ ngủ nội bộ cho lái xe) có thể coi là rẻ rách.",3 tháng trước,,Google Maps,2026-08-29T07:03:36+00:00
google_maps_Ci9DQUlRQUNvZENodHljRjlvT2w5Zk1sTmphVkEyU2pSb1MwWmthREJQYmkxamFYYxAB,OSM_node_6648715232,5,"Phòng rất rộng, phù hợp cho đi gia đình đông người hoặc một nhóm. Không gian yên tĩnh, cso cả suối nước nóng và tắm xông hơi. Phù hợp cho đi du lịch chill chill. …",5 tháng trước,,Google Maps,2026-08-29T07:03:36+00:00
google_maps_Ci9DQUlRQUNvZENodHljRjlvT2tSelpYaExka1ZRTVVsdVRtOU5hakZhZFV0dWNrRRAB,OSM_node_6648715232,5,"Một địa điểm rất đáng trải nghiệm và đặc biệt phù hợp với các nhóm trải nghiệm lớn như các hệ thống trường để học sinh có được không gian xanh, rộng rãi, an toàn và nhiều chất liệu",9 tháng trước,,Google Maps,2026-08-29T07:03:36+00:00
google_maps_Ci9DQUlRQUNvZENodHljRjlvT2tSTFNHTlZlVkJHYzI5M05rZENkbkJuWlVsR2FVRRAB,OSM_node_6648715232,1,Quang cảnh tạm ổn diện tích rộng nhưng dịch vụ 1 sao tất cả mọi thứ đều bị tính phí và tính phí cắt cổ. Trải nghiệm của khách hàng cực chán sẽ không bao giờ quay trở lại,5 tháng trước,,Google Maps,2026-08-29T07:03:36+00:00
google_maps_Ci9DQUlRQUNvZENodHljRjlvT21sc1ZVcFBjRFJIVFdrNFgzZzJiRVJGU0ZSU1lWRRAB,OSM_node_6648715232,3,Một nơi nghỉ dưỡng hít hà không khí núi rừng trong lành khuân viên sạch sẽ nhân viên nhiệt tình chu đáo từng đi nhiều nơi chưa thấy đâu có nhà vệ sinh công cộng sạch sẽ như nơi đây .,5 tháng trước,,Google Maps,2026-08-29T07:03:36+00:00
google_maps_Ci9DQUlRQUNvZENodHljRjlvT21SVFFWOWtVVXhqVWxsUGR6Rm5UblZ0VVVwUE4wRRAB,OSM_node_6648715232,5,Không gian yên tĩnh sạch sẽ. Ăn sáng bình thường không đặc sắc,một tháng trước,,Google Maps,2026-08-29T07:03:36+00:00
google_maps_Ci9DQUlRQUNvZENodHljRjlvT21GSFdrOXhjRk0xVG5acWExSkpheTFLUTI1dFpXYxAB,OSM_node_6648715232,3,"Rộng rãi thoáng mát, không khí trong lành, nhân viên phục vụ ổn, dịch vụ và ăn uống giá cả vừa phải",2 tháng trước,,Google Maps,2026-08-29T07:03:36+00:00
google_maps_Ci9DQUlRQUNvZENodHljRjlvT21sT1lrNHhjMWRTTFdWNE4wZHVTbEl5VnpaUE5FRRAB,OSM_node_6648715232,5,"khuôn viên rộng, chia làm nhiều khu riêng biệt nên có sự riêng tư. có cả chỗ trượt cỏ, gắp thú , chơi cầu... cho trẻ con chơi đồ ăn phần lớn tự cung tự cấp, nên khá tươi ngon.",5 tháng trước,,Google Maps,2026-08-29T07:03:36+00:00
google_maps_Ci9DQUlRQUNvZENodHljRjlvT2xWTGNWSkdkWEpOT0hKTVozUnJiVWM1VjBkclVVRRAB,OSM_node_6648715232,1,"xe 04 không tôn trọng khách hàng , xe đi qua tôi không chú ý mà tài xế nói tôi là ""đứng như mấy con gái đứng đường """,3 tháng trước,,Google Maps,2026-08-29T07:03:36+00:00
google_maps_Ci9DQUlRQUNvZENodHljRjlvT2pGck5sZHZjMVZPWlROWVJXNW5ha05NZVhsVVVrRRAB,OSM_node_6648715232,3,"Khuôn viên rộng , chứa được đông người, thoáng mát. Có bể tắm bể sục khoáng nóng cũng hay. Ngoài ra cũng không có gì, view bình thường, muốn chơi các trò chơi như bi-a bi lắc thì phải đóng tiền",6 tháng trước,,Google Maps,2026-08-29T07:03:36+00:00
google_maps_Ci9DQUlRQUNvZENodHljRjlvT21aUU5saHpkMUZYVVVSblduVkVkREpITTFKV2VHYxAB,OSM_node_6648715232,4,"Không gian đẹp ,bể bơi rất Ôk ,nếu có thể sẽ quay lại tiếp",2 tháng trước,,Google Maps,2026-08-29T07:03:36+00:00
google_maps_Ci9DQUlRQUNvZENodHljRjlvT2xZd2FEbFFVRTFXZWtoR1JVNUNXVXRtU0dSVFozYxAB,OSM_node_6648715232,1,"Resort giá cao, không gian phòng xấu, thu phí dịch vụ đắt, không đến lần 2",9 tháng trước,,Google Maps,2026-08-29T07:03:36+00:00
google_maps_Ci9DQUlRQUNvZENodHljRjlvT2tObFRGRXliVTlzVTJsM1lraEVWbm95TkVOc1ltYxAB,OSM_node_6648715232,1,Ở đây rất đẹp (cứu tôi ra khỏi đây),3 tháng trước,,Google Maps,2026-08-29T07:03:36+00:00
google_maps_Ci9DQUlRQUNvZENodHljRjlvT2w5UWExUndia3h3UjFGc2QwTjJZM2xXY1d0S04xRRAB,OSM_node_6648715232,1,"Nói ngắn gọn là TỆ. Phòng tập thể giá 5 triệu/1 đêm mà như cái nhà nghỉ rẻ tiền 500-1tr. Giá phòng cao xong dùng bất cứ gì cũng phụ thu thêm tiền. Mang rượu vào tính phụ thu 100k/1 lít. Thịt sống mang vào để tự nấu thì tính phụ thu 100k/1kg, thịt chín thì tính phụ thu 300k/1 kg. Dùng cơ sở vui chơi sẵn có bên trong như bi-a, sân pick,… đều tính tiền Karaoke 1,5tr/1 h hát Đốt lửa trại 2,7 triệu/1 tiếng. Chịu. Chủ ở đây đói tiền đến vậy. K trở lại lần 2",9 tháng trước,,Google Maps,2026-08-29T07:03:36+00:00
google_maps_Ci9DQUlRQUNvZENodHljRjlvT2tvelREaGxlbUU1UlY5M2VEZDNSM2hpU1dKWWJGRRAB,OSM_node_6648715232,5,"Tôi đã tổ chức một chương trình đào tạo Camp tại An Lạc Resort và thực sự hài lòng với chất lượng dịch vụ tại đây. Không gian yên tĩnh, gần gũi thiên nhiên, rất phù hợp cho các hoạt động đào tạo tập trung và kết nối đội nhóm. Khuôn viên rộng, bố trí hợp lý, hỗ trợ tốt cho cả học tập lẫn sinh hoạt. Đội ngũ nhân viên phối hợp nhanh, chủ động và linh hoạt trong suốt chương trình, giúp ban tổ chức yên tâm triển khai nội dung. An Lạc Resort là địa điểm phù hợp cho các đơn vị muốn tổ chức đào tạo, retreat hoặc team camp chất lượng.",7 tháng trước,,Google Maps,2026-08-29T07:03:36+00:00
google_maps_Ci9DQUlRQUNvZENodHljRjlvT2s1clowUllWa0ZXTTBaTmJIZGlYMDlYYjBGeU9FRRAB,OSM_node_6648715232,5,"Gia đình mình đi vào giữa tuần, ở đây cảnh quan kiểu bình yên, Đồ ăn ngon, nhiều tiện ích cho con mình vui chơi cả ngày, nv nhiệt tình, nv ở đây hình như là các cô chú anh chị dân địa phương quanh đó rất hiếu khách.",11 tháng trước,,Google Maps,2026-08-29T07:03:36+00:00
google_maps_Ci9DQUlRQUNvZENodHljRjlvT2psd1l6WXlZM0V3ZUdNeVlrazVkMlp0U3pGWk5uYxAB,OSM_node_6648715232,1,"Ở đây cấm hút thuốc lá , bắt đc phạt 2 triệu .",4 tháng trước,,Google Maps,2026-08-29T07:03:36+00:00
google_maps_Ci9DQUlRQUNvZENodHljRjlvT2xSek5EUlFaVFpRVUMxWVkwRkViV293YjBsMlJGRRAB,OSM_node_6648715232,5,"An Lạc EcoFarm là một điểm đến thật sự thư giãn và đáng trải nghiệm. Không gian xanh mát, yên bình, được chăm chút tỉ mỉ từ khu vườn, hồ cá cho đến những con đường nhỏ đều mang lại cảm giác gần gũi với thiên nhiên. Dịch vụ thân thiện, nhân viên nhiệt tình và luôn hỗ trợ chu đáo. Các hoạt động trải nghiệm nông trại đa dạng, phù hợp cho cả gia đình và nhóm bạn. Đây là nơi tuyệt vời để “đi trốn” khỏi nhịp sống bận rộn và tìm lại sự an yên. Rất hài lòng và chắc chắn sẽ quay lại! 🌿✨",9 tháng trước,,Google Maps,2026-08-29T07:03:36+00:00
google_maps_Ci9DQUlRQUNvZENodHljRjlvT21keU5GUTRaMUJQYm5ScmNIVldPRUY0UmtRMFdsRRAB,OSM_node_6648715232,5,"Rộng, gần gũi thiên nhiên xanh tươi.",một tháng trước,,Google Maps,2026-08-29T07:03:36+00:00
google_maps_Ci9DQUlRQUNvZENodHljRjlvT2tvME5saFNVbU5uZG5sWGNqRjBlWHBEVWxOSk1uYxAB,OSM_node_6648715232,1,Nếu ai có ý định đến đây mình khuyên 1 câu chân thành là không nên đi. Vì đi chỉ phí tiền. Giá cả đắt như khách sạn 5* nhưng chất lượng chỉ được 1/2* thôi. Khiếp đời ca nước vối bé tý pha cho khách cũng tính 40k + thuế là 43.200₫. Mình đi …,11 tháng trước,,Google Maps,2026-08-29T07:03:36+00:00
google_maps_Ci9DQUlRQUNvZENodHljRjlvT2tWUVltRmFNblJ1Y1RsSGIzRkVhblo1ZERGc2JVRRAB,OSM_node_6648715232,5,"Rộng rãi, phong cảnh đẹp, giá cả hợp lí, ăn ngon",một tháng trước,,Google Maps,2026-08-29T07:03:36+00:00
google_maps_Ci9DQUlRQUNvZENodHljRjlvT2taR2JtTllkVXhwYldnNE4wVkZVVE01V25WSFZHYxAB,OSM_node_6648715232,5,"An Lạc Ecofarm & Hotspring - Ốc đảo nghỉ dưỡng tinh tế Điểm nhấn: Kiến trúc chất lượng cao, cảnh quan nghệ thuật, trải nghiệm tắm …",10 tháng trước,,Google Maps,2026-08-29T07:03:36+00:00
google_maps_Ci9DQUlRQUNvZENodHljRjlvT2kxblRFVlVZWEZCT1c5bU1UaDZRa3hOTjE5cFoxRRAB,OSM_node_6648715232,1,"Mình chưa đi cái resort nào mà ngáo giá như chỗ này. Bề ngoài thì hào nhoáng, bên trong thì bình dân, giá thì luxury. Wc mùi, bẩn, chật chội. Đồ ăn thì tệ. Nhân viên không thân thiện. Nv sales k cần khách. Mọi dịch vụ đều đắt: 1.5tr /3h karaoke, với chất lượng k bằng kara gia đình. Lửa trại 2.7tr (chỉ đốt mỗi lửa trại vs ít ngô khoai). Phụ thu siêu đắt, tính theo kg và lít (100k/kg thịt chín, 300k/kg thịt sống). Và rất nhiều thứ đắt đỏ khác. KHÔNG BAO GIỜ ĐI LẦN 2!",9 tháng trước,,Google Maps,2026-08-29T07:03:36+00:00
google_maps_Ci9DQUlRQUNvZENodHljRjlvT2pSRFVqZHJSVzV2ZWpGWFluSjJSM3BZUlhGTk1FRRAB,OSM_node_6648715232,1,"QUÁ TỆ! Giá phòng quá đắt. Wc xấu và bẩn. Nhân viên k thân thiện. Tất cả mọi thứ đều bị tính phí cao. Karaoke 1.5tr/3 giờ, cả vat là 1.6tr, chất lượng siêu tệ. Chỉ …",9 tháng trước,,Google Maps,2026-08-29T07:03:36+00:00
google_maps_Ci9DQUlRQUNvZENodHljRjlvT25KWGVYaDJkMmRuVTE5MGRtWnJXbEJZZFVNeWRIYxAB,OSM_node_6648715232,4,"Không gian ở đây rất rộng rãi thoáng mát, cây cối xanh mướt cảm giác yên bình và thư giãn. Hội trường, WC,... sạch đẹp. Phòng nghỉ thiết kế dạng ở tập thể, cũng sạch sẽ và view đẹp. Wifi mạnh. Các bạn nhân viên dễ thương. Có điều bữa ăn ở đây mình không thấy ổn. Khẩu phần rất ít, mâm 10 người mà đồ ăn như chỉ cho 6 người. Cũng có món nấu ngon nhưng tổng thể vẫn quá ít.",9 tháng trước,,Google Maps,2026-08-29T07:03:36+00:00
google_maps_Ci9DQUlRQUNvZENodHljRjlvT2tWMk1GVXhTMHBYWTFJd1JraE9XbXd6VGxaTk4yYxAB,OSM_node_6648715232,5,Đẹp nên đến để trải nghiệm cuộc sống,một tháng trước,,Google Maps,2026-08-29T07:03:36+00:00
google_maps_Ci9DQUlRQUNvZENodHljRjlvT2xacFdXRndOVmxXTms1clFXdHJTMGxXYUZBMmJVRRAB,OSM_node_6648715232,1,"Resort phục vụ khách với tâm thế khách sẽ là duy nhất. Vì sẽ chẳng bao giờ khách quay lại lần 2. Giá phòng đắt, phụ phí cao, đốm lửa trại 2,7 củ khoai. Xin thêm khăn tắm để gối đầu vì gối ở đó cao ko quen, thế mà cũng ko đồng ý.",9 tháng trước,,Google Maps,2026-08-29T07:03:36+00:00
google_maps_Ci9DQUlRQUNvZENodHljRjlvT2xkV1pVdHRRMkkyZDBGT2NXRk1WMEpWV2tGU05tYxAB,OSM_node_6648715232,1,xe điện gọi nửa tiếng k có =))) gọi lại lần 3 vẫn k biết khách gọi xe,4 tháng trước,,Google Maps,2026-08-29T07:03:36+00:00
google_maps_Ci9DQUlRQUNvZENodHljRjlvT2xkc1JHRnhWbmhGUkROMVJtaEhWVVJpYVcxRU5GRRAB,OSM_node_6648715232,5,An Lạc nơi bình yên hội tụ những yêu thương,3 tuần trước,,Google Maps,2026-08-29T07:03:36+00:00
google_maps_Ci9DQUlRQUNvZENodHljRjlvT2pCMlpFRkhhRTEyU0ZKelZWTnNjbm93Umt4T1gwRRAB,OSM_node_6648715232,5,"Tôi đã đến đây, trải nghiệm thật là tuyệt vời. Mùa này có nắng lên cây Hồng, và hoa đang reo rất đẹp. Mọi người đến chụp ảnh nhanh không hết mùa nhé. Tránh xa những khói bụi của thành phố, thì nơi đây là nơi khá lý tưởng và phù hợp để thư giãn.",9 tháng trước,,Google Maps,2026-08-29T07:03:36+00:00
google_maps_Ci9DQUlRQUNvZENodHljRjlvT2toVFlXNVVZMk15Y0ZGdVRscHFRV2h1ZUdKUFQyYxAB,OSM_node_6648715232,1,Nhân viên thì không thân thiện. Đã bỏ tiền ăn nghỉ rồi . Uống Nước vối cũng phải trả tiền . Ko có gì đặc sắc . KHÔNG NÊN ĐẾN ĐÂY. Không xứng tầm để bỏ tiền ra. Phí thời gian tốn tiền,11 tháng trước,,Google Maps,2026-08-29T07:03:36+00:00
google_maps_ChZDSUhNMG9nS0VJQ0FnTUNJdDdheWVREAE,OSM_node_6648715232,5,"An Lạc như cái tên của mình, với không gian rất nhiều cây và hoa, mang đến cảm giác yên bình, thư thái. Ai muốn thong dong, thưởng thức sự yên tĩnh thì có tha hồ không gian rộng rãi. Ai muốn chụp ảnh đẹp thì cũng có rất nhiều góc đẹp với hoa và kiến trúc đẹp. Nhân viên ở đây rất thân thiện, nhiệt tình.",một năm trước,,Google Maps,2026-08-29T07:03:36+00:00
google_maps_Ci9DQUlRQUNvZENodHljRjlvT25GVFRHb3dYMGw0T1dOMFdIQXhUamgzVjNWSmQyYxAB,OSM_node_6648715232,3,"Ưu điểm: Không gian rộng rãi, ui hoạch đẹp, chăm chút thường xuyên, bể bơi ok, có cả suối tự nhiên, sân bóng, sân trượt cỏ đẹp. Nhân viên nhiệt tình Hạn chế: Phòng gđ rộng nhưng nội thất bình thường. Phòng 2tr6 1 đêm mà tường thô, sàn gạch. Đồ ăn sáng rất ít lựa chọn.",một năm trước,,Google Maps,2026-08-29T07:03:36+00:00
google_maps_Ci9DQUlRQUNvZENodHljRjlvT2tGeVMxRlBhR3RLUm1RdFNHcHpPVU5YUmpOa1duYxAB,OSM_node_6648715232,5,"Khu nghỉ dưỡng rất đẹp, rộng rãi thoáng mát, không khí trong lành. Di chuyển bằng xe điện trong nội khu Có sục khoáng, sân pickleball Nhân viên nhanh nhẹn, thân thiện, nhiệt tình",11 tháng trước,,Google Maps,2026-08-29T07:03:36+00:00
google_maps_Ci9DQUlRQUNvZENodHljRjlvT21ONVpGWnhjakpITUZGUE5uTkJjMnhWV21SVU1YYxAB,OSM_node_6648715232,3,"Khu du lịch này có cho khách lẻ mua vé vào chơi trong ngày, bể bơi đã bé lại càng quá tải, khách lẻ thì họ mang loa đài, trải chiếu vui chơi ngoài trời, nói chung là tạp nham. nên xem lại cách khai thác nếu muốn khách quay trở lại.",một năm trước,,Google Maps,2026-08-29T07:03:36+00:00
google_maps_Ci9DQUlRQUNvZENodHljRjlvT25CZmJHZElkWEowTkRCMmFsTnBkR1JOV0VscFRIYxAB,OSM_node_6648715232,5,"Một điểm đến lý tưởng cho những đoàn khách có nhu cầu về nghỉ ngơi, họp lớp Ăn uống ngon - phục vụ chu đáo",8 tháng trước,,Google Maps,2026-08-29T07:03:36+00:00
google_maps_Ci9DQUlRQUNvZENodHljRjlvT214aFIzWTBTVXhwY1dacVdrVmZPVFpSWkZScWNYYxAB,OSM_node_6648715232,5,Cảm ơn sự đón tiếp của An Lạc. Mong bạn sẽ phát triển hơn nữa hẹn gặp lại vào mùa đông. Nhân viên thân thiện …,11 tháng trước,,Google Maps,2026-08-29T07:03:36+00:00
google_maps_ChdDSUhNMG9nS0VJQ0FnSURDbklQcHdnRRAB,OSM_node_6707403387,4,"Cầu Thông Tiêu trên đường nối Chùa Hương thuộc địa phận huyện Mỹ Đức, TP Hà Nội với Khu thắng cảnh Tam Chúc tỉnh Hà Nam. Cầu thiết kế với tải trọng HL93, do Công ty CP Tư vấn xây dựng giao thông Hà Nội- CTEC lập dự án và thiết kế.",5 năm trước,,Google Maps,2026-08-29T07:04:24+00:00
google_maps_ChdDSUhNMG9nS0VJQ0FnSURXNV9ENjhBRRAB,OSM_node_6707403387,5,Tuyệt vời,4 năm trước,,Google Maps,2026-08-29T07:04:24+00:00
google_maps_ChdDSUhNMG9nS0VJQ0FnSUNSejY3N3l3RRAB,OSM_node_6707403387,5,view đẹp,3 năm trước,,Google Maps,2026-08-29T07:04:24+00:00
google_maps_ChdDSUhNMG9nS0VJQ0FnSURQNGZlUDRRRRAB,OSM_node_6707403387,5,,một năm trước,,Google Maps,2026-08-29T07:04:24+00:00
google_maps_ChdDSUhNMG9nS0VJQ0FnSUNhdzRYXzR3RRAB,OSM_node_6707403387,4,,5 năm trước,,Google Maps,2026-08-29T07:04:24+00:00
google_maps_Ci9DQUlRQUNvZENodHljRjlvT2twQ1VISlVVM2RxTldGMGVHc3haR3BxUjBFemVVRRAB,OSM_node_6801247419,5,"Bảo tàng nhỏ, tuy nhiên sắp xếp bố cục hợp lý, đẹp, tham quan chỉ tốn tầm 30'-1 tiếng, nhiều tiêu bản động vật. Tuy nhiên để xe đối diện bảo tàng bị mất mũ bảo hiểm. Mn nên lưu ý. Giờ mở cửa như bên dưới, vé miễn phí",một tháng trước,,Google Maps,2026-08-29T07:05:01+00:00
google_maps_Ci9DQUlRQUNvZENodHljRjlvT2pFMWVrWjJWSGQxV2tjNVFsOXZRMWxKWTNwUFdGRRAB,OSM_node_6801247419,5,"Bảo tàng Thiên nhiên Việt Nam nằm trong khuôn viên Viện Hàn lâm Khoa học và Công nghệ Việt Nam tại số 18 Hoàng Quốc Việt là điểm đến vô cùng hấp dẫn, đặc biệt phù hợp cho các gia đình và bạn trẻ yêu thích khám phá thế giới tự nhiên. Dù diện …",3 tuần trước,,Google Maps,2026-08-29T07:05:01+00:00
google_maps_Ci9DQUlRQUNvZENodHljRjlvT2xSM1JVcElURVJtZGtWM2VtRnRlRkJETFZORldGRRAB,OSM_node_6801247419,5,"vé miễn phí nhưng rất sống động lưu trữ nhiều mẫu vật ý nghĩa, gửi xe có 5k, bọn trẻ con rất thít, ở trong khu khoa học của viện khoa học",4 tháng trước,,Google Maps,2026-08-29T07:05:01+00:00
google_maps_Ci9DQUlRQUNvZENodHljRjlvT21aV1VUTjJkVVpLUkhSaWFtcHNjbVJsT0ZoMmNVRRAB,OSM_node_6801247419,5,Nhiều loài côn trùng rất đẹp mik thích loài bướm nhất nó rất đa dạng bảo tàng này f nằm trong đại trong giá vé ko có hoàn toàn miễn phí,2 tháng trước,,Google Maps,2026-08-29T07:05:01+00:00
google_maps_Ci9DQUlRQUNvZENodHljRjlvT2tOZlpHUmZMV3BrVlVaS1RHNU1WRnBuVkdkT2QyYxAB,OSM_node_6801247419,4,"có mỗi 1 tầng thui. ở ngoài trông siêu cũ nma bên trong cũng sạch sẽ điều hoà và xịn ^^ có nhiều tiêu bản bướm ngài côn trùng lắm luôn. nhiều đá, vỏ sò, cây và nấm nữa. đi vào chủ nhật sẽ có trẻ mầm non hơi hơi ồn. mình đến tham gia buổi ký hoạ với mng",một tháng trước,,Google Maps,2026-08-29T07:05:01+00:00
google_maps_Ci9DQUlRQUNvZENodHljRjlvT2psVlRGQnpNSE5zVkMxeExUa3lZelp2U1RKNGJHYxAB,OSM_node_6801247419,5,"Không gian nhỏ, mát lạnh, vé vào cửa miễn phí, vừa nhỏ để trẻ em đi không bị mỏi chân, có đầy đủ các loại con vật trên bờ dưới biển, thực vật, tiến hoá, cây tiến hoá rất đẹp. Màu sắc sống động y như thật, cả size cũng giống thật luôn nên em …",3 tháng trước,,Google Maps,2026-08-29T07:05:01+00:00
google_maps_Ci9DQUlRQUNvZENodHljRjlvT2tOWVNqbEJibXczVlRWd1kwNDVOemRvWjNkVk4zYxAB,OSM_node_6801247419,5,"Bảo tàng xink đẹp tuỵt zời, có điều hoà mát lạnh chỉ hơi nhỏ một xíu nhưng free vậy cũng quó trời đã. Bảo tàng 💯 điểm, ngừi iu tôi 1 đ 🤺 Cập nhật: Ờm nyc rồi nha ;))) bảo tàng vẫn 100 đ còn Nyc -1000 đ ạ.",Thời gian chỉnh sửa: 5 tháng trước,,Google Maps,2026-08-29T07:05:01+00:00
google_maps_Ci9DQUlRQUNvZENodHljRjlvT25VMWNXUlhVRjl5V2taQlpVMURXbVpoZGpRdFdIYxAB,OSM_node_6801247419,5,"Bảo tàng Thiên Nhiên Việt Nam mở cửa từ 8h30 đến 16h30 từ thứ 3 đến chủ nhật hàng tuần, trong 2 khung giờ từ 8h30 - 11h30 và 13h30 - 16h30. Bảo tàng không hoạt động vào thứ hai nên bạn cần lưu ý điều này để đến tham quan đúng lúc nhé. …",10 tháng trước,,Google Maps,2026-08-29T07:05:01+00:00
google_maps_Ci9DQUlRQUNvZENodHljRjlvT21WeU1HcEpXVmhwWTBoRWNIUktYeTFxTjJWQlZtYxAB,OSM_node_6801247419,5,"Bảo tàng nằm trong viện hàn lâm khoa học và công nghệ Bảo tàng trưng bày tiêu bản xương, côn trùng, bò sát, sinh vật biển (ít) và động vật (có mô hình rùa mai mềm - rùa hoàng kiếm) Bảo tàng khá nhỏ nên nếu xem kỹ từng chi tiết mất khoảnh 1 tiếng đến 2 tiếng. Còn nếu xem nhanh và lướt qua thì mất khoảng 15-30’ Tuy nhiên điểm cộng là miễn phí vé tham quan bảo tàng",9 tháng trước,,Google Maps,2026-08-29T07:05:01+00:00
google_maps_Ci9DQUlRQUNvZENodHljRjlvT2xsUmJEaEZWVTl0YVVGME1UQnFabWRoV2pKUVdXYxAB,OSM_node_6801247419,4,"Ấn tượng ban đầu về bảo tàng là có mô hình khủng long ở trước cổng vào, mô hình rất to, đẹp, các bé rất thích nha. Diện tích bảo tàng không lớn lắm, có khu trưng bày riêng theo niên đại/ chủng loại. Nhiều mô hình con vật giống thật nên các …",10 tháng trước,,Google Maps,2026-08-29T07:05:01+00:00
google_maps_Ci9DQUlRQUNvZENodHljRjlvT201aVEwWkpjV3BMU0dSS09YZHFNemM1ZEhwMVNGRRAB,OSM_node_6801247419,3,"THAM QUAN BẢO TÀNG THIÊN NHIÊN VIỆT NAM Bảo tàng Thiên nhiên Việt Nam, thuộc Viện Hàn lâm Khoa học và Công nghệ Việt Nam, là một trung tâm nghiên cứu và trưng bày về đa dạng sinh học và địa chất. Với hàng triệu mẫu vật quý giá, bảo tàng phản ánh sự phong phú của thiên nhiên Việt Nam, từ các loài động thực vật cho đến hóa thạch và khoáng sản. Được thành lập để bảo tồn và nghiên cứu tài nguyên thiên nhiên, bảo tàng mang đến cho du khách những hiểu biết sâu sắc về sự tiến hóa của sự sống và các hệ sinh thái độc đáo tại Việt Nam. Các khu trưng bày sinh động giúp công chúng khám phá các loài động vật, thực vật đặc hữu và lịch sử địa chất của đất nước. Bảo tàng không chỉ gìn giữ di sản thiên nhiên mà còn giáo dục và khơi dậy ý thức bảo vệ môi trường trong thế hệ trẻ, góp phần vào phát triển khoa học tự nhiên tại Việt Nam.",một năm trước,,Google Maps,2026-08-29T07:05:01+00:00
google_maps_Ci9DQUlRQUNvZENodHljRjlvT2tkemNqSjNTblZwUjNVMmMzSkhjWFpHVjJWb2JWRRAB,OSM_node_6801247419,5,Đây là 1 nơi lý tưởng cho 1 người ham tìm hiểu,2 tháng trước,,Google Maps,2026-08-29T07:05:01+00:00
google_maps_ChdDSUhNMG9nS0VJQ0FnSURfOGUzeHNnRRAB,OSM_node_6801247419,5,"Bảo tàng không lớn nhưng cũng trưng bày khá nhiều mẫu vật, hóa thạch của các loài động vật khác nhau. Không gian thân thiện với cả người lớn và trẻ em.",một năm trước,,Google Maps,2026-08-29T07:05:01+00:00
google_maps_Ci9DQUlRQUNvZENodHljRjlvT25CQlpFMTVjMWhDTWt4T2EyZFlUMmxuZDFsRllXYxAB,OSM_node_6801247419,5,"Bảo tàng tự nhiên miễn phí với khách thăm quan. Có chỗ để xe không tính phí. Không gian nhỏ, nếu xem kỹ cũng khoảng 1-2h là hết. Có nhiều mẫu vật rất thú vị",một năm trước,,Google Maps,2026-08-29T07:05:01+00:00
google_maps_ChdDSUhNMG9nS0VJQ0FnSUQ3emZTZnZnRRAB,OSM_node_6801247419,5,Mình nghĩ các phụ huynh nên cho con em qua đây 1 lần. Nếu các bé ở thành phố thì sẽ k có cơ hội nhìn trực tiếp các con vật. Bảo tàng là nơi nuôi dưỡng cho các bé.Bảo tàng nằm trong khuôn viên Viện khoa học và Công nghệ Việt nam. Biển chỉ …,2 năm trước,,Google Maps,2026-08-29T07:05:01+00:00
google_maps_ChdDSUhNMG9nS0VJQ0FnSUNaNDRmbXd3RRAB,OSM_node_6801247419,5,"Cuối tuần rất đông và nhộn nhịp, nhiều em bé được bố mẹ dẫn tới đây tham quan. Tuy nhiên các bố mẹ nên để ý con một chút vì không gian không quá rộng, trưng bày nhiều hiện vật, mà các bé thì chạy nhảy, hiếu động nhiều quá có thể ảnh hưởng tới các hiện vật. Bảo tàng nằm trong khuôn viên của trường ĐH KHTN. ngày bình thường có thể vào bằng cả 3 cổng nhưng cuối tuần thì mọi người nên vào bằng cổng mà ở gần phía đầu đường Hoàng Quốc Việt nhất. Về không gian, tuy hơi bé và nhoằng chút là đi hết nhưng được sắp xếp rõ ràng, dễ theo dõi. Giá vé: hoàn toàn miễn phí. Có các dịch vụ đi kèm như làm huy hiệu, mặt nạ động vật đều 25k hoặc làm mô hình thạch cao các động vật như khủng long, ốc, sao biển,... 50k. Nếu làm thạch cao, các bạn có thể làm trước khi thăm bảo tàng vì phải chờ tầm 15 phút để thạch cao khô hoàn toàn. Các bạn ở đây cũng rất nhiệt tình chỉ dẫn cách làm cũng như giới thiệu về hóa thạch cho mình biết thêm thông tin. Thời gian tham quan: sẽ mất khoảng từ 15 phút đến 1 tiếng tùy vào mức độ quan sát kỹ của bạn đối với các hiện vật ^^ Gửi xe: Gửi ngay ở ngoài cổng bảo tàng, 5k/vé. Mình thấy website của bảo tàng cập nhật thông tin cũng rõ ràng, update liên tục, mọi người có thể xem thông tin trên website để nắm qua các lịch trình làm việc của bảo tàng, phòng những ngày bảo tàng tổ chức sự kiện hoặc bảo trì thì có thể không được vào tham quan nhé!",2 năm trước,,Google Maps,2026-08-29T07:05:01+00:00
google_maps_ChZDSUhNMG9nS0VJQ0FnSURodk9LSVNnEAE,OSM_node_6801247419,5,"Bàng tàng miễn phí vé vào, trưng bày các đối tượng khá thú vị. Nhưng mà diện tích bảo tàng khá nhỏ, mọi người nhà có cháu hay con nhỏ có thể đến đây nha!",3 năm trước,,Google Maps,2026-08-29T07:05:01+00:00
google_maps_ChZDSUhNMG9nS0VJQ0FnSURMbjlHdUJREAE,OSM_node_6801247419,4,"Bảo tàng nằm trong khuôn viên Viện khoa học và Công nghệ Việt nam. Biển chỉ dẫn hơi khó nhìn một xíu. Bảo tàng hơi bé, mình đi tầm 30p gì đó là hết thứ để xem rồi. Khá hợp cho mấy bé …",2 năm trước,,Google Maps,2026-08-29T07:05:01+00:00
google_maps_Ci9DQUlRQUNvZENodHljRjlvT2tGcGRURTJkM3BzTjJGcU1VZ3pPV04xT1RCb1NuYxAB,OSM_node_6801247419,4,Một địa chỉ thú vị dành cho gia đình có các em nhỏ từ độ tuổi tiểu học thích khám phá thiên nhiên. Bảo tàng hơi nhỏ một xíu nhưng cũng có nhiều điều để khám phá lắm.,8 tháng trước,,Google Maps,2026-08-29T07:05:01+00:00
google_maps_ChdDSUhNMG9nS0VJQ0FnTUN3NFl6TXd3RRAB,OSM_node_6801247419,5,Bảo tàng mở cửa miễn phí Không gian vừa đủ để trẻ em có thể khám phá về thiên nhiên Người lớn cũng có thể có thêm nhiều thông tin về thiên nhiên Việt Nam,một năm trước,,Google Maps,2026-08-29T07:05:01+00:00
google_maps_ChZDSUhNMG9nS0VJQ0FnSURMZ2ZtMVNnEAE,OSM_node_6801247419,4,"Bảo tàng bé, tham quan 1 xíu là hết rồi ạ. Phù hợp với các bé mầm non đến lớp 1, lớp 2. Ở ngoài có bán ảnh lưu niệm hoặc trò thử làm hoá thạch (có tính phí). Bảo tàng miễn phí vé vào cửa, ai đi xe máy thì gửi ở trước cửa bảo tàng, có chị …",2 năm trước,,Google Maps,2026-08-29T07:05:01+00:00
google_maps_ChdDSUhNMG9nS0VJQ0FnSUNGOW9HYmtBRRAB,OSM_node_6801247419,5,"Vào cửa miễn phí, chỗ đỗ xe rộng rãi. Bảo tàng nhỏ nhưng nhiều mẫu vật và được bố trí rất đẹp. Sau 10 năm mình quay lại đây mà vẫn rất sạch sẽ và chỉn chu. Bảo tàng rất thu hút với các em nhỏ",2 năm trước,,Google Maps,2026-08-29T07:05:01+00:00
google_maps_ChdDSUhNMG9nS0VJQ0FnTUNROXA3cDBRRRAB,OSM_node_6801247419,4,"Mặc dù không gian không quá rộng lớn, nhưng bảo tàng được sắp xếp hợp lý với nhiều mẫu vật phong phú, phù hợp cho cả trẻ em và người lớn. Do nằm khuất trong khuôn viên Viện Hàn lâm Khoa học và Công nghệ Việt Nam, du khách lần đầu đến có thể …",một năm trước,,Google Maps,2026-08-29T07:05:01+00:00
google_maps_ChdDSUhNMG9nS0VJQ0FnSUNIaXFLM3lBRRAB,OSM_node_6801247419,5,"Bảo tàng nhỏ xinh, có điều hoà, có nhiều góc xinh chủ yếu về thiên nhiên, miễn phí vé vào cửa để xe miễn phí bên ngoài, bảo tàng không đông đâu",một năm trước,,Google Maps,2026-08-29T07:05:01+00:00
google_maps_ChdDSUhNMG9nS0VJQ0FnSUNCZ2RqNm1nRRAB,OSM_node_6801247419,5,"Bảo tàng bé nhưng trưng bày rất đa dạng sinh học, vào không mất vé, gửi xe máy ngay trước mặt bảo tàng 5k. quầy tiếp khách trước cửa hàng bán bướm ép, 30k 1 bé :v",3 năm trước,,Google Maps,2026-08-29T07:05:01+00:00
google_maps_Ci9DQUlRQUNvZENodHljRjlvT25wbldrTXljSFZWZW5VM1pXbGZkbWxWU0ZkU1VtYxAB,OSM_node_6801247419,2,Bảo tàng có rất nhiều mô hình thú vị. Nhưng giờ mở cửa chưa hợp lí và nó nằm trong khuôn viên của 1 trường đại học.,7 tháng trước,,Google Maps,2026-08-29T07:05:01+00:00
google_maps_Ci9DQUlRQUNvZENodHljRjlvT2pkS01qVjRYMmR0U1VaTWN6TkJUVjlqUlRscFQxRRAB,OSM_node_6801247419,5,bảo tàng không mất vé vào rất nhiều hiện vật thú vị bảo tàng hơi nhỏ rất rất đẹp địa điểm tuyệt vời để check in,một năm trước,,Google Maps,2026-08-29T07:05:01+00:00
google_maps_ChdDSUhNMG9nS0VJQ0FnSUR6eEw2dzNnRRAB,OSM_node_6801247419,4,"Theo cảm nhận thì bảo tàng bé xíu á, rui đi 10' thấy chả còn gì luôn , phí gửi xe 5k, bảo tàng nằm trong khuôn viên viện hàn lâm và công nghệ, mọi người tới cổng 2 thì vô thẳng đi theo map chỉ là tới nơi, vì phải đi sâu vào bên trong mới thấy nha. M thấy có khá ít mẫu vật, nếu sưu tầm nhiều sẽ hay hơn nữa.",2 năm trước,,Google Maps,2026-08-29T07:05:01+00:00
google_maps_ChdDSUhNMG9nS0VJQ0FnSUNUN09lMm9RRRAB,OSM_node_6801247419,5,"Bảo tàng tham quan không mất phí với rất nhiều mẫu vật sinh động, rất thích hợp cho các bạn nhỏ tham quan, khám phá. Hy vọng bảo tàng sẽ tiếp tục phát triển quy mô lớn hơn nữa để phát huy những gì đã được Xứng đáng là một bảo tàng tuyệt vời ở Việt Nam",2 năm trước,,Google Maps,2026-08-29T07:05:01+00:00
google_maps_Ci9DQUlRQUNvZENodHljRjlvT21aVmJUSkRNamg1YkhGZmMwMXFabnAyWVhaRlJIYxAB,OSM_node_6801247419,5,"Cũng okie, nhưng không quá nhiều, cứ đi cho biết, lúc mình đi không thu phí nha, bảo tàng có mùi khá bụi.",10 tháng trước,,Google Maps,2026-08-29T07:05:01+00:00
google_maps_Ci9DQUlRQUNvZENodHljRjlvT20xVGVrazFWRVZ0VjIxbkxWUXRVV05RVm5nMFFuYxAB,OSM_node_6801247419,5,"Bảo tàng k mất phí vào cửa. Trong khuôn viên Viện Hàn Lâm Khoa học và công nghệ Việt Nam nên mọi người để ý bảng hiệu chút nhé. Mình đi xe máy để ngay trước cửa bảo tàng,nếu đi oto vẫn vào bình thường và gửi xe nhé. Bảo tàng nhỏ xinh thôi ạ.",một năm trước,,Google Maps,2026-08-29T07:05:01+00:00
google_maps_ChdDSUhNMG9nS0VJQ0FnSURoLXFEaDBRRRAB,OSM_node_6801247419,5,"Đến Bảo tàng Thiên nhiên Việt Nam bạn sẽ không phải mất vé vào, trước khi đến đây bạn cần chú ý ngày và thời gian mở cửa để tránh mất thời gian chờ nhé! …",3 năm trước,,Google Maps,2026-08-29T07:05:01+00:00
google_maps_Ci9DQUlRQUNvZENodHljRjlvT2t0WE5HdERaV04yVDFBelpsTXlXbE5EZG5GT1ZVRRAB,OSM_node_6801247419,5,Tuyệt vời. Rất đáng để ghé thăm ♡ Miễn phí vào cửa,6 tháng trước,,Google Maps,2026-08-29T07:05:01+00:00
google_maps_ChdDSUhNMG9nS0VJQ0FnSUQzajh1ajZBRRAB,OSM_node_6801247419,5,"Bảo tàng Thiên nhiên Việt Nam giờ mở cửa: sáng: 8h30 - 11h30; chiều: 13h30 - 16h30 Thứ 3 - Thứ 6: dành cho khách đoàn đăng ký trước (cơ quan trường học, đoàn thể, học sinh, sinh viên) Thứ 7, Chủ nhật và ngày lễ: khách lẻ, khách đoàn và gia đình Bảo tàng Thiên nhiên Việt Nam giá vé tham quan: miễn phí Để ô tô xe máy trước cửa oke nhé, mọi người thân thiện, cứ đi thẳng từ số 18 HQV vào là oke.",một năm trước,,Google Maps,2026-08-29T07:05:01+00:00
google_maps_ChZDSUhNMG9nS0VJQ0FnSUNia092c1Z3EAE,OSM_node_6801247419,5,Bảo tàng hơi nhỏ nhưng rất đẹp. Nằm trong khuôn viên viện KH&CN nên mọi người phải đi vào từ cổng số 3 khoảng 200m mới tới. K có chỗ chông xe cố định có thể để ở đối diện lối vào bảo tàng. Bảo tàng miễn phí phù hợp cho trẻ nhỏ đi khám phá,2 năm trước,,Google Maps,2026-08-29T07:05:01+00:00
google_maps_ChZDSUhNMG9nS0VJQ0FnSUNsdmZUNVhREAE,OSM_node_6801247419,5,"Vào cửa tham quan hoàn toàn miễn phí. Bảo tàng rất nhiều cái hay ho, trẻ con rất thích. Mỗi tội ở đây hơi nhỏ, nếu có tầm 3 khu như này thì tuyệt!",2 năm trước,,Google Maps,2026-08-29T07:05:01+00:00
google_maps_ChZDSUhNMG9nS0VJQ0FnSUNCanRTWlhnEAE,OSM_node_6801247419,4,"Bảo tàng nằm trong khuôn viên của Viện Hàn lâm Khoa học và Công nghệ Việt Nam, số 18 Hoàng Quốc Việt. Nhưng bên ngoài không hề có biển báo, nên khá khó tìm đối với người mới đến lần đầu. Khuôn viên của bảo tầng chỉ gồm 1 phòng khá nhỏ, nên hạn chế về mặt trưng bày hiện vật. Nên có thêm các nội dung theo dạng phim tài liệu",3 năm trước,,Google Maps,2026-08-29T07:05:01+00:00
google_maps_ChZDSUhNMG9nS0VJQ0FnSUNwekktT1d3EAE,OSM_node_6801247419,5,"Bảo tàng thiên nhiên là nơi lưu trữ khoảng 1400 mẫu vật quý giá trong 3,6 tỷ năm qua. Nằm trong khuôn viên của VIỆN HÀN LÂM KHOA HỌC VÀ CÔNG NGHỆ Việt Nam tại số 18 Hoàng Quốc Việt, Cầu Giấy Bảo tàng miễn phí vé vào cửa cho du khách thăm quan và được mở cửa từ 8h30 đến 16h30 từ thứ 3 đến chủ nhật.",3 năm trước,,Google Maps,2026-08-29T07:05:01+00:00
google_maps_ChZDSUhNMG9nS0VJQ0FnSURfX0tuMEdBEAE,OSM_node_6801247419,5,"nơi này nên được mọi người biết đến nhiều hơn, nhất là mấy bạn bé đến học hỏi rất hợp lí! mình đưa bạn nhà mình đi thích lắm, hôm đó cũng có 1 đoàn học sinh của trung tâm tiếng anh tới, có hơi ồn và không quản lí được hết, các bạn í đụng …",một năm trước,,Google Maps,2026-08-29T07:05:01+00:00
google_maps_Ci9DQUlRQUNvZENodHljRjlvT2xwUVdXdGFjVzlMY1c1RlJ6VmtibGM1ZW1sS1JVRRAB,OSM_node_6801247419,5,"Bảo tàng Thiên nhiên Việt Nam là nơi lưu giữ hàng nghìn mẫu vật quý, tái hiện hành trình phát triển của sự sống qua hàng tỷ năm qua. Không chỉ hấp dẫn bởi sự đa dạng của thế giới động thực vật, nơi đây còn là điểm hẹn lý tưởng cho những ai yêu thích khoa học khám phá thiên nhiên.",3 tháng trước,,Google Maps,2026-08-29T07:05:01+00:00
google_maps_ChZDSUhNMG9nS0VJQ0FnSUNucTVDQ0dnEAE,OSM_node_6801247419,5,"Các bạn đi đến cổng 18 Hoàng Quốc Việt, có cây ATM của techcombank; đi qua cổng rồi đi đến cuối đường thì rẽ trái, tiếp tục đi thẳng qua Trường đại học khoa học và công nghệ Hà Nội là đến. Có chỗ để xe máy và đỗ ô tô thoải mái. Bạn không …",một năm trước,,Google Maps,2026-08-29T07:05:01+00:00
google_maps_ChdDSUhNMG9nS0VJQ0FnSURQc3VINnR3RRAB,OSM_node_6801247419,4,"Bảo tàng nằm trong khuôn viên của Viện Hàn Lâm Khoa học và Công nghệ Việt Nam. Các bạn đi vào từ cổng số 2 ở 18 Hoàng Quốc Việt, đi thẳng vào hỏi người trong đó là đến được. Đi xe máy thì gửi ngay trước bảo tàng, giá 5k. Bảo tàng miễn phí vé vào cửa nhé. Không gian nhỏ, có hai gian. Gian ngoài là sơ đồ tiến hóa, gian trong trưng bày các hiện vật. Điểm cộng cho bảo tàng là cung cấp khá nhiều thông tin hữu ích về thế giới thiên nhiên, đặc biệt là các loài động thực vật ở Việt Nam. Điểm trừ, không gian nhỏ. Hiện vật chủ yếu là bản dựng và mô hình. Phần thông tin mô tả không rõ ràng, một số thông tin đã lỗi thời. Khách tham quan chủ yếu là các gia đình dẫn trẻ nhỏ đến để học hỏi nên rất ồn.",một năm trước,,Google Maps,2026-08-29T07:05:01+00:00
google_maps_ChdDSUhNMG9nS0VJQ0FnSUREcTVtT3BBRRAB,OSM_node_6801247419,5,"Mình đi Bảo tàng vào cuối tuần, cũng hơi đông một chút. Lối vào sẽ đi qua vài trường đh nhé, đi qua vài tòa nhà đến cuối đường là tới. Đến thăm quan thì sẽ chỉ mất tiền vé gửi xe 5k (đưa xiền luôn lúc nhận vé) còn …",Thời gian chỉnh sửa: một năm trước,,Google Maps,2026-08-29T07:05:01+00:00
google_maps_ChdDSUhNMG9nS0VJQ0FnTURJNFpmUTZnRRAB,OSM_node_6801247419,5,"Bảo tàng hơi bé, phục vụ miễn phí và nghỉ vào cuối tuần. Nếu không tham quan kỹ thì đi tầm 20 phút là hết rồi. Bạn nhỏ rất thích vì có nhiều tiêu bản nhiều loài vật lạ. Có thể trải nghiệm cùng 1 buổi với bảo tàng tăng thiết giáp ngay gần 👌",một năm trước,,Google Maps,2026-08-29T07:05:01+00:00
google_maps_ChdDSUhNMG9nS0VJQ0FnSUN4dU91ZTRnRRAB,OSM_node_6801247419,5,"Được miễn phí vé vào cửa, khá nhỏ nhưng mà đẹp lắm lắm luôn ạ. Trong này có tiêu bản của rất nhiều mẫu động-thực vật, tham quan rất hay ạ",3 năm trước,,Google Maps,2026-08-29T07:05:01+00:00
google_maps_ChZDSUhNMG9nS0VJQ0FnSUR1aElMelRnEAE,OSM_node_6801247419,5,Bảo tàng nằm trong Viện Hàn Lâm. Mọi người đi cổng 2 số 18 Hoàng Quốc Việt vào. Ngay chỗ vòng xuyến đi lên thôi vì bên trên có cổng khác thì không phải. Sau khi vào cổng cứ đi thẳng kịch đường rẽ trái là thấy. Xe máy gửi xe thì 5k/vé. Vào bảo tàng không mất vé cứ tự nhiên đi vào tham quan Đôi chút về bảo tàng thì ở đây có trưng bày nhiều mẫu vật của các động thực vật. Tuy nhiên khuôn viên khá nhỏ chỉ quanh quẩn 1 vòng là hết. Phù hợp đi chơi khoảng 30p-1h là cùng. Các bạn nhỏ đã lớn có được học sinh học thì vào xem sẽ thấy thú vị hơn.,4 năm trước,,Google Maps,2026-08-29T07:05:01+00:00
google_maps_ChZDSUhNMG9nS0VJQ0FnSUQ5NTlhdkpnEAE,OSM_node_6801247419,5,"Một địa điểm tham quan “Miễn Phí” Mình đi ngày trong tuần khá vắng, trưng bày khá nhiều những mẫu vật phòng rộng rãi. …",2 năm trước,,Google Maps,2026-08-29T07:05:01+00:00
google_maps_ChZDSUhNMG9nS0VJQ0FnSUNQamJ5TWJREAE,OSM_node_6801247419,5,"Vé tham quan free, đỗ xe ngay đối diện cửa bảo tàng Không gian rộng, tiêu bản sinh vật và bản sao ở trạng thái nguyên vẹn. Bản đồ phân bố bướm siêu đẹp",một năm trước,,Google Maps,2026-08-29T07:05:01+00:00
google_maps_Ci9DQUlRQUNvZENodHljRjlvT21GdldUQTJTbTkyV0ZFNVozRnBka05zTUhCM1JsRRAB,OSM_node_6801247419,5,"Cực kì đáng trải nghiệm, vé vô cổng free, hiện vật đẹp, sống động",6 tháng trước,,Google Maps,2026-08-29T07:05:01+00:00
google_maps_ChdDSUhNMG9nS0VJQ0FnSUNqdXZPTDlRRRAB,OSM_node_6801247419,4,"Bảo tàng hơi khó tìm nếu đi theo ggl map nhé, nó nằm trong trường đh khoa học công nghệ nên cứ đi thẳng vào trường thôi. Không gian nhỏ nhg trưng bày kha khá hiện vật, thú vị nhất là khu côn trùng và bướm. Các động vật khác thì khá nghèo nàn.",2 năm trước,,Google Maps,2026-08-29T07:05:01+00:00
google_maps_Ci9DQUlRQUNvZENodHljRjlvT2xWTVUxOUlXV1F4VG0xMWFFbGpNbVYxWldKelFVRRAB,OSM_node_6846261393,5,"Nhà khoa học Louis Pasteur (1822-1895), nổi tiếng với phát minh phương pháp tiệt trùng (pasteurization), chứng minh vi sinh vật gây bệnh và phát triển vaccine phòng bệnh dại, than, tả. Ông là người đặt nền móng cho ngành vi sinh và miễn dịch học hiện đại.",một năm trước,,Google Maps,2026-08-29T07:05:28+00:00
google_maps_Ci9DQUlRQUNvZENodHljRjlvT21kVVdWYzNUMTlVYlVKV2FrVnliako0U1daYU0xRRAB,OSM_node_6846261393,5,Sạch sẽ thoáng mát,một năm trước,,Google Maps,2026-08-29T07:05:28+00:00
google_maps_Ci9DQUlRQUNvZENodHljRjlvT2t4V1JqTTNObTFKVmt4UlJUaHJNRVZNZHpjd2RFRRAB,OSM_node_6846261393,5,,8 tháng trước,,Google Maps,2026-08-29T07:05:28+00:00
google_maps_ChdDSUhNMG9nS0VJQ0FnSURaNjZtTjFnRRAB,OSM_node_6846261393,5,,2 năm trước,,Google Maps,2026-08-29T07:05:28+00:00
google_maps_ChZDSUhNMG9nS0VJQ0FnSUNqdkpYbVF3EAE,OSM_node_6942542995,5,Tuyệt vời,2 năm trước,,Google Maps,2026-08-29T07:06:12+00:00
google_maps_Ci9DQUlRQUNvZENodHljRjlvT2tsME1YZHpUbVV0WTBSTFozbG5TVTVuYW5GcUxYYxAB,OSM_node_6942542995,5,,2 tuần trước,,Google Maps,2026-08-29T07:06:12+00:00
google_maps_Ci9DQUlRQUNvZENodHljRjlvT2xFek1Vd3hVMGxLYVdVd1QzWTVhM2h1V0VoVFJXYxAB,OSM_node_7178614705,5,"Bảo tàng mở cửa tự do cho khách vào tham quan. Tất cả các ngày trong tuần luôn. Bảo tàng có 2 tầng. Tầng trên trưng bày đẹp hơn tầng 1. Phần vì tầng 1 có nhận phục vụ trưng bày theo chuyên đề hoặc triển lãm bla bla… bác nhân viên của bảo tàng, kiêm thuyết minh, kiêm nv bảo tồn rất là nice. Thấy gia đình mình đến liền lên tầng bật đèn điện các thứ xong xuôi rồi xuống mời gia đình mình lát tham quan xong tầng 1 thì di chuyển lên tầng 2. Có xe tăng, máy bay nên bé nhà mình thích lắm. Các bạn hssv cũng đến tham quan cùng. Đi bảo tàng nhiều, mở mang được nhiều kiến thức về văn hoá, lịch sử, rất hữu ích. Bảo tàng quy mô nhỏ và nhiều văn vật không được trưng bày hết nên tham quan cũng nhanh, k mất quá nhiều thời gian. Không mất vé tham quan. Điểm đến hữu ích nhé.",8 tháng trước,,Google Maps,2026-08-29T07:08:43+00:00
google_maps_Ci9DQUlRQUNvZENodHljRjlvT2tVeGFUSjBaMDFuV2tweFQyUm5Ra0ZoU1Rkc09WRRAB,OSM_node_7178614705,3,"Bảo tàng đổi tên thành bảo tàng Hùng Vương, vẫn mở cửa free nhưng hầu như không còn gì. Khuôn viên đẹp.",2 tháng trước,,Google Maps,2026-08-29T07:08:43+00:00
google_maps_Ci9DQUlRQUNvZENodHljRjlvT2pKTExXUXRiVzVRVmpsTlMyNXllRFIyY2tkMWQzYxAB,OSM_node_7178614705,5,"Mở cửa tự do cho người tham quan, giúp tìm hiểu rõ hơn về tỉnh Vĩnh Phúc",6 tháng trước,,Google Maps,2026-08-29T07:08:43+00:00
google_maps_Ci9DQUlRQUNvZENodHljRjlvT2xWQlRrTldZbE41Tm5neWFHc3hjRlJHV0dsdWNtYxAB,OSM_node_7178614705,5,"Vừa ghé Bảo tàng Tỉnh Vĩnh Phúc cuối tuần rồi, thấy đáng đi lắm nhá. Không gian nơi đây khá thoáng đãng và mát mẻ; cách bày trí đơn giản mà dễ nhìn, không rối mắt. Mấy anh chị hướng dẫn nhiệt tình, sẵn lòng giải thích khi mình thắc mắc. Có …",7 tháng trước,,Google Maps,2026-08-29T07:08:43+00:00
google_maps_Ci9DQUlRQUNvZENodHljRjlvT2pRd2JHNUhaVk4xUWt3MGQzVnFWREZFZFZwb1NuYxAB,OSM_node_7178614705,5,"Tôi đã có dịp ghé thăm Bảo tàng Tỉnh Vĩnh Phúc và đã có trải nghiệm khá thú vị. Không gian ở đây rộng rãi, trưng bày nhiều hiện vật quý giá về lịch sử và văn hóa địa phương. Các mảng trưng bày được sắp xếp một cách hợp lý, thông tin hữu ích và dễ hiểu. Điều khiến tôi ấn tượng nhất là cách nhân viên nơi đây nhiệt tình giải đáp mọi thắc mắc của khách tham quan. Tuy nhiên, nếu bảo tàng có thể đầu tư thêm vào phần trình bày hiện vật theo cách hiện đại hơn thì có lẽ sẽ thu hút được nhiều khách hơn. Nói chung là thấy ổn!",8 tháng trước,,Google Maps,2026-08-29T07:08:43+00:00
google_maps_ChdDSUhNMG9nS0VJQ0FnSUM0ejZpQV9nRRAB,OSM_node_7178614705,5,Từ khi bỏ rào sắt và xây thêm công viên vui chơi thì chỗ này rất đẹp. Hơi tiếc là những cây thị bị mối xông không còn xanh như trước nữa.,7 năm trước,,Google Maps,2026-08-29T07:08:43+00:00
google_maps_ChZDSUhNMG9nS0VJQ0FnSUNZb3FYU0J3EAE,OSM_node_7178614705,3,Khu bảo tàng tỉnh đã được cảo tạo và sửa chữa không gian thoáng đãng và là địa điểm thích hợp cho trẻ tới chơi,7 năm trước,,Google Maps,2026-08-29T07:08:43+00:00
google_maps_Ci9DQUlRQUNvZENodHljRjlvT2pJMGFITlJhRFZzTW5Fd09FeGtVMHRWYzNWS1NWRRAB,OSM_node_7178614705,5,"Bảo tàng hiện đại và chuyên nghiệp, bài bản. Dù ít hiện vật nhưng rất chất lượng, có sít rịt đặc biệt nên là đi 3 người trở lên nhé.",8 tháng trước,,Google Maps,2026-08-29T07:08:43+00:00
google_maps_ChdDSUhNMG9nS0VJQ0FnSURJcTlXNGhBRRAB,OSM_node_7178614705,5,Nơi tốt để đưa trẻ đến chơi. Sạch sẽ thoáng mát,7 năm trước,,Google Maps,2026-08-29T07:08:43+00:00
google_maps_ChdDSUhNMG9nS0VJQ0FnSURJM1k3MnFnRRAB,OSM_node_7178614705,5,"To lớn,sạch sẽ thoáng mát là nơi thăm quan tốt",7 năm trước,,Google Maps,2026-08-29T07:08:43+00:00
google_maps_ChdDSUhNMG9nS0VJQ0FnSUR1bi12QXB3RRAB,OSM_node_7178614705,4,Trải nghiệm bảo tàng tỉnh nhà giúp các con hiểu rõ hơn lịch sử hào hùng của quân và dân ta trong thời kì giữ nước,3 năm trước,,Google Maps,2026-08-29T07:08:43+00:00
google_maps_ChdDSUhNMG9nS0VJQ0FnSUQtOFBIUG9BRRAB,OSM_node_7178614705,5,Nơi gìn giữ lịch sử văn hoá của Tỉnh,Thời gian chỉnh sửa: một năm trước,,Google Maps,2026-08-29T07:08:43+00:00
google_maps_Ci9DQUlRQUNvZENodHljRjlvT210QmVuQm9RbGRQZUhGd2FtcERhMkV0TkhwUlkwRRAB,OSM_node_7178614705,5,"Ko mở cửa, bẩn, chán",một tháng trước,,Google Maps,2026-08-29T07:08:43+00:00
google_maps_ChdDSUhNMG9nS0VJQ0FnSURSNHA2dGhnRRAB,OSM_node_7178614705,4,"Thoáng mát rộng rãi nhưng hơi ít đồ tập thể thao, đồ chơi",3 năm trước,,Google Maps,2026-08-29T07:08:43+00:00
google_maps_ChdDSUhNMG9nS0VJQ0FnSURKOXVIeTdRRRAB,OSM_node_7178614705,5,Có máy bay xe tăng từ thời xưa trải nghiệm bằng mắt những di tích lịch sử đc ghi chép lại chính sác thời đại oai hùng của dân tộc .,3 năm trước,,Google Maps,2026-08-29T07:08:43+00:00
google_maps_ChZDSUhNMG9nS0VJQ0FnSUM0cWZmRE9BEAE,OSM_node_7178614705,5,"Được hòa mình vào thiên nhiên giữa trung tâm thành phố xinh đẹp, là một không gian mở rợp bóng cây cổ thụ, có chỗ vui chơi cho trẻ, thể dục dụng cụ tiện ích,thư giãn tản bộ với con đường đi dạo quanh co, có các chòi bố trí nghế ngồi nghỉ dừng chân, được nghe những chú chim hót ríu rít trên từng tán cây ... là nơi đáng ghé thăm cho mọi lứa tuổi và mọi thứ là miễn phí... tôi yêu vĩnh yên quê tôi",7 năm trước,,Google Maps,2026-08-29T07:08:43+00:00
google_maps_ChdDSUhNMG9nS0VJQ0FnSUNsLUstVTFBRRAB,OSM_node_7178614705,5,Bảo tàng tỉnh Vĩnh Phúc,2 năm trước,,Google Maps,2026-08-29T07:08:43+00:00
google_maps_Ci9DQUlRQUNvZENodHljRjlvT21sTE1ucDJlbE5RY0RCWGQxbFJVVFIwYlVaTWMyYxAB,OSM_node_7178614705,5,Nghệ thuật phết!🤩,4 tháng trước,,Google Maps,2026-08-29T07:08:43+00:00
google_maps_ChdDSUhNMG9nS0VJQ0FnSUNCNXNlTmlRRRAB,OSM_node_7178614705,4,"Một nơi nên tới để hiểu về lịch sử của dân tộc. Tuy ít cổ vật nhưng bài trí ngăn nắp, gọn gàng, dễ hiểu. Tỉnh Vĩnh Phúc cần đầu tư hơn để khang trang lại nơi này.",3 năm trước,,Google Maps,2026-08-29T07:08:43+00:00
google_maps_ChdDSUhNMG9nS0VJQ0FnSUN1OHVUMzJnRRAB,OSM_node_7178614705,5,"Tôi có thể cảm nhận được tinh thần độc lập của Việt Nam, đồng cảm với lịch sử tương tự như Hàn Quốc.",4 năm trước,,Google Maps,2026-08-29T07:08:43+00:00
google_maps_ChdDSUhNMG9nS0VOYVcxdE9JM2ZtZjFBRRAB,OSM_node_7178614705,4,Nơi trưng bày một số tháp nung thời Lý - Trần.,một năm trước,,Google Maps,2026-08-29T07:08:43+00:00
google_maps_ChZDSUhNMG9nS0VJQ0FnSURZNU1LcURREAE,OSM_node_7178614705,5,Nơi này lưu trữ tài liệu quý,7 năm trước,,Google Maps,2026-08-29T07:08:43+00:00
google_maps_ChdDSUhNMG9nS0VJQ0FnSUNZby1qYl9nRRAB,OSM_node_7178614705,5,"Trước thì k thích vì quá kún cổng cao tường, giờ cải tạo lại không gian thoáng mát nên rất thích",7 năm trước,,Google Maps,2026-08-29T07:08:43+00:00
google_maps_ChZDSUhNMG9nS0VJQ0FnSUQtLU9lNlhnEAE,OSM_node_7178614705,5,Bia camel rất ngon,3 năm trước,,Google Maps,2026-08-29T07:08:43+00:00
google_maps_ChZDSUhNMG9nS0VJQ0FnSUNFMWZPbUh3EAE,OSM_node_7178614705,5,"Khuôn viên cải tạo thành công viên, và khu vui chơi cho trẻ em rất đẹp và mát mẻ.",7 năm trước,,Google Maps,2026-08-29T07:08:43+00:00
google_maps_ChdDSUhNMG9nS0VJQ0FnSURDNG82R3pBRRAB,OSM_node_7178614705,5,"Một sạch sẽ và thoáng đãng, nên đưa bọn trẻ đến đây, vừa giáo dục và vui chơi.",5 năm trước,,Google Maps,2026-08-29T07:08:43+00:00
google_maps_ChdDSUhNMG9nS0VJQ0FnSURZc0p1VjhBRRAB,OSM_node_7178614705,5,"Rất mát mẻ, có khuân viên cho trẻ chơi miễn phí",7 năm trước,,Google Maps,2026-08-29T07:08:43+00:00
google_maps_ChdDSUhNMG9nS0VJQ0FnSURZNWYzQmhRRRAB,OSM_node_7178614705,5,Rất tuyệt.phong cảnh đẹp mát mẻ. Thích hợp cho trẻ em đi chơi,7 năm trước,,Google Maps,2026-08-29T07:08:43+00:00
google_maps_ChdDSUhNMG9nS0VJQ0FnSUNZNV9MMjJ3RRAB,OSM_node_7178614705,4,"khu vui chơi đẹp, khí hậu trong lành, các cổ vật. chưa đa dạng.",7 năm trước,,Google Maps,2026-08-29T07:08:43+00:00
google_maps_ChdDSUhNMG9nS0VJQ0FnSUNtbmFuVG1nRRAB,OSM_node_7178614705,4,"Nơi lưu trữ nhiều hiện vật lịch sử, văn hóa của Vĩnh Phúc và cả Việt Nam",4 năm trước,,Google Maps,2026-08-29T07:08:43+00:00
google_maps_ChdDSUhNMG9nS0VJQ0FnSURSakwtN2hRRRAB,OSM_node_7178614705,5,Phù hợp cho gia đình đưa trẻ em đến vui chơi,3 năm trước,,Google Maps,2026-08-29T07:08:43+00:00
google_maps_ChdDSUhNMG9nS0VJQ0FnSUNJZzlIZjFBRRAB,OSM_node_7178614705,5,"Chỗ vui chơi đẹp, trong lành, mát mẻ",7 năm trước,,Google Maps,2026-08-29T07:08:43+00:00
google_maps_ChdDSUhNMG9nS0VJQ0FnSUNBejRXZHdRRRAB,OSM_node_7178614705,3,Là điểm tham quan và thư giãn bách bộ tốt.,9 năm trước,,Google Maps,2026-08-29T07:08:43+00:00
google_maps_ChZDSUhNMG9nS0VJQ0FnSUNBbmZHZUlnEAE,OSM_node_7178614705,4,Bảo tàng có giá trị cao về mặt đồ có tính chất tốt,9 năm trước,,Google Maps,2026-08-29T07:08:43+00:00
google_maps_ChZDSUhNMG9nS0VJQ0FnSURKZ2JYNlBnEAE,OSM_node_7178614705,4,Có quán trà đá ngồi lý tưởng,3 năm trước,,Google Maps,2026-08-29T07:08:43+00:00
google_maps_ChdDSUhNMG9nS0VJQ0FnSUM0Z1pXNG13RRAB,OSM_node_7178614705,5,"Cảnh quan môi trường đẹp, tôi rất thích!",7 năm trước,,Google Maps,2026-08-29T07:08:43+00:00
google_maps_ChZDSUhNMG9nS0VJQ0FnSUNJNllmeUp3EAE,OSM_node_7178614705,5,Địa điểm thú vị để dã ngoại. Chụp ảnh cưới,7 năm trước,,Google Maps,2026-08-29T07:08:43+00:00
google_maps_ChdDSUhNMG9nS0VJQ0FnSUR3dUpQYm1BRRAB,OSM_node_7178614705,5,"Trưng bày đẹp, thuyết minh hay, không gian thoáng",7 năm trước,,Google Maps,2026-08-29T07:08:43+00:00
google_maps_ChZDSUhNMG9nS0VJQ0FnSUNaLWNxOEVnEAE,OSM_node_7178614705,5,"Không gian thoáng đãng, mát mẻ",2 năm trước,,Google Maps,2026-08-29T07:08:43+00:00
google_maps_ChdDSUhNMG9nS0VJQ0FnSURrdWR1WXB3RRAB,OSM_node_7178614705,4,"Mát mẻ, trong lành! Tập thể dục rất khoẻ!",7 năm trước,,Google Maps,2026-08-29T07:08:43+00:00
google_maps_ChZDSUhNMG9nS0VJQ0FnSUN3N2I3aWF3EAE,OSM_node_7178614705,5,Đã hoàn thiện lại . Public hơn cho mọi người,8 năm trước,,Google Maps,2026-08-29T07:08:43+00:00
google_maps_ChZDSUhNMG9nS0VJQ0FnSURVMTkzeWJnEAE,OSM_node_7178614705,3,Có môi trường trong sạch mát mẻ,6 năm trước,,Google Maps,2026-08-29T07:08:43+00:00
google_maps_ChdDSUhNMG9nS0VJQ0FnSURBbTQ2bWpBRRAB,OSM_node_7178614705,5,Rất trong lành. Điểm đi bộ lý tưởng,9 năm trước,,Google Maps,2026-08-29T07:08:43+00:00
google_maps_ChdDSUhNMG9nS0VJQ0FnSUNRenJMX2hRRRAB,OSM_node_7178614705,5,nơi lưu trữ những giá trị về tinh thần,9 năm trước,,Google Maps,2026-08-29T07:08:43+00:00
google_maps_ChZDSUhNMG9nS0VJQ0FnSUM0OTlud2FBEAE,OSM_node_7178614705,5,Địa điểm tham quan bổ ích,7 năm trước,,Google Maps,2026-08-29T07:08:43+00:00
google_maps_ChZDSUhNMG9nS0VJQ0FnSUNnaEpIZ0RBEAE,OSM_node_7178614705,5,Bảo tàng/công viên tốt nhất Vĩnh Yên,Thời gian chỉnh sửa: 7 năm trước,,Google Maps,2026-08-29T07:08:43+00:00
google_maps_ChdDSUhNMG9nS0VJQ0FnSUNlMmY2cXNRRRAB,OSM_node_7178614705,4,Rất tuyệt vời.,3 năm trước,,Google Maps,2026-08-29T07:08:43+00:00
google_maps_ChdDSUhNMG9nS0VJQ0FnSUMwek43U2d3RRAB,OSM_node_7178614705,5,Bảo tàng có rất nhiều cổ vật,6 năm trước,,Google Maps,2026-08-29T07:08:43+00:00
google_maps_ChZDSUhNMG9nS0VJQ0FnSUR4a1lDQkx3EAE,OSM_node_7178614705,5,Không gian xanh tuyệt vời,3 năm trước,,Google Maps,2026-08-29T07:08:43+00:00
google_maps_ChdDSUhNMG9nS0VJQ0FnSURVXzlHOTNRRRAB,OSM_node_7178614705,4,Ngay cạnh đài truyền hình tỉnh Vĩnh Phúc,6 năm trước,,Google Maps,2026-08-29T07:08:43+00:00
google_maps_Ci9DQUlRQUNvZENodHljRjlvT2kweFZFTlZOekJZTlZKaGVXOU9MVjh5V2pCaWJtYxAB,OSM_node_7178615268,5,"Các anh hùng liệt sĩ tỉnh vĩnh phúc cũ đều được ghi danh ở đây, ở đây đối diện quảng trường, nhiều cây mát mẻ, rộng rãi, đài tưởng niệm rất đẹp",3 tháng trước,,Google Maps,2026-08-29T07:09:20+00:00
google_maps_ChdDSUhNMG9nS0VJQ0FnSUM3NW9LOXB3RRAB,OSM_node_7178615268,5,Đời Đời Nhớ Ơn Anh Hùng Liệt Sỹ!,2 năm trước,,Google Maps,2026-08-29T07:09:20+00:00
google_maps_ChZDSUhNMG9nS0VJQ0FnTUN3MWVlRkl3EAE,OSM_node_7178615268,5,Tổ quốc ghi công các anh hùng liệt sỹ,một năm trước,,Google Maps,2026-08-29T07:09:20+00:00
google_maps_ChZDSUhNMG9nS0VJQ0FnSUN3bFozaEx3EAE,OSM_node_7178615268,4,"Tuy là có tên nhue vậy nhưng nằm trong quần thể Quang trường HCM nên rất thoáng mát và sạch sẽ. Có thể đến để cho trẻ con vui chơi ngoài trời, có nhiều cây cối tạo bóng mát, bãi cỏ rộng, gần đó có quán cafe Sông Hồng Thủ Đô rộng rãi",7 năm trước,,Google Maps,2026-08-29T07:09:20+00:00
google_maps_Ci9DQUlRQUNvZENodHljRjlvT2pOVFNUZEVkRXBvYm1VNVZETmZlVGQ1VERaeE0zYxAB,OSM_node_7178615268,5,Tuyệt vời,2 tháng trước,,Google Maps,2026-08-29T07:09:20+00:00
google_maps_ChZDSUhNMG9nS0VJQ0FnSUMwek1PN1h3EAE,OSM_node_7178615268,5,"Quang cảnh đẹp..không gian yên tĩnh,trong lành..có quán chè đá ngay ở cổng vào.",6 năm trước,,Google Maps,2026-08-29T07:09:20+00:00
google_maps_ChZDSUhNMG9nS0VJQ0FnSUNfdGJ6cUNREAE,OSM_node_7178615268,5,bình yên và thiêng liêng một chiều đầu năm 12.01.2025 cùng C,một năm trước,,Google Maps,2026-08-29T07:09:20+00:00
google_maps_ChZDSUhNMG9nS0VJQ0FnSURlbEpDUEVBEAE,OSM_node_7178615268,5,Quang cảnh đẹp,3 năm trước,,Google Maps,2026-08-29T07:09:20+00:00
google_maps_ChdDSUhNMG9nS0VJQ0FnSURLOXViY3dnRRAB,OSM_node_7178615268,5,"Quá tuyệt vời , tự hào",5 năm trước,,Google Maps,2026-08-29T07:09:20+00:00
google_maps_ChdDSUhNMG9nS0VJQ0FnSUNnMFlXUzBBRRAB,OSM_node_7178615268,5,mọi thứ đều thiêng liêng,8 năm trước,,Google Maps,2026-08-29T07:09:20+00:00
google_maps_ChZDSUhNMG9nS0VJQ0FnSURrcGNmMktnEAE,OSM_node_7178615268,5,Không khí trong lành cảnh vây đẹp,7 năm trước,,Google Maps,2026-08-29T07:09:20+00:00
google_maps_ChZDSUhNMG9nS0VJQ0FnSUNmM0lHOGFnEAE,OSM_node_7178615268,5,Cũng đẹp,một năm trước,,Google Maps,2026-08-29T07:09:20+00:00
google_maps_ChdDSUhNMG9nS0VJQ0FnSURBMnE2aWpRRRAB,OSM_node_7178615268,5,Chơi trò bán hoa ngày lễ,8 năm trước,,Google Maps,2026-08-29T07:09:20+00:00
google_maps_ChZDSUhNMG9nS0VJQ0FnSUNvNmFQUkdBEAE,OSM_node_7178615268,5,Rất đẹp,7 năm trước,,Google Maps,2026-08-29T07:09:20+00:00
google_maps_ChdDSUhNMG9nS0VJQ0FnSUM0dTV1TGxRRRAB,OSM_node_7178615268,3,Cảnh quan đẹp.,7 năm trước,,Google Maps,2026-08-29T07:09:20+00:00
google_maps_ChdDSUhNMG9nS0VJQ0FnSURnMjUzdF93RRAB,OSM_node_7178615268,5,Rất đẹp,8 năm trước,,Google Maps,2026-08-29T07:09:20+00:00
google_maps_ChZDSUhNMG9nS0VJQ0FnSUNvM2RTbkRREAE,OSM_node_7178615268,1,Đẹp,7 năm trước,,Google Maps,2026-08-29T07:09:20+00:00
google_maps_ChdDSUhNMG9nS0VJQ0FnSURJM2F6VmlBRRAB,OSM_node_7178615268,5,Tốt,7 năm trước,,Google Maps,2026-08-29T07:09:20+00:00
google_maps_ChdDSUhNMG9nS0VJQ0FnSUM0b0x5XzVnRRAB,OSM_node_7178615268,3,Linh thiêng,7 năm trước,,Google Maps,2026-08-29T07:09:20+00:00
google_maps_ChZDSUhNMG9nS0VJQ0FnSUNvOEpXemZREAE,OSM_node_7178615268,3,Đẹp,7 năm trước,,Google Maps,2026-08-29T07:09:20+00:00
google_maps_ChZDSUhNMG9nS0VJQ0FnSUNnbnBlWVdREAE,OSM_node_7178615268,3,Tốt,Thời gian chỉnh sửa: 8 năm trước,,Google Maps,2026-08-29T07:09:20+00:00
google_maps_ChdDSUhNMG9nS0VJQ0FnSUNneWRpN3Z3RRAB,OSM_node_7178615268,5,Đẹp,8 năm trước,,Google Maps,2026-08-29T07:09:20+00:00
google_maps_ChdDSUhNMG9nS0VJQ0FnSURBMnE3UHJRRRAB,OSM_node_7178615268,4,Đẹp,8 năm trước,,Google Maps,2026-08-29T07:09:20+00:00
google_maps_ChZDSUhNMG9nS0VJQ0FnTUN3bjgtcFlBEAE,OSM_node_7178615268,5,,một năm trước,,Google Maps,2026-08-29T07:09:20+00:00
google_maps_ChZDSUhNMG9nS0VJQ0FnSUNEdDdMLVlBEAE,OSM_node_7178615268,3,đài kỷ niệm,2 năm trước,,Google Maps,2026-08-29T07:09:20+00:00
google_maps_ChdDSUhNMG9nS0VJQ0FnSURJNVBiT3h3RRAB,OSM_node_7178615268,4,Được rồi,7 năm trước,,Google Maps,2026-08-29T07:09:20+00:00
google_maps_ChZDSUhNMG9nS0VJQ0FnSUNJaXZmTEZnEAE,OSM_node_7178615268,4,Xấu,7 năm trước,,Google Maps,2026-08-29T07:09:20+00:00
google_maps_Ci9DQUlRQUNvZENodHljRjlvT2sxd1QxSXhXRjlOV2xaUGFtbFVWRXBsV2s1Qk5YYxAB,OSM_node_7178615268,5,,một năm trước,,Google Maps,2026-08-29T07:09:20+00:00
google_maps_Ci9DQUlRQUNvZENodHljRjlvT2xSRFptdGxiVTF3U2pOdFFWOXBNMkpuV2xoQlNsRRAB,OSM_node_7178615268,5,,3 tuần trước,,Google Maps,2026-08-29T07:09:20+00:00
google_maps_Ci9DQUlRQUNvZENodHljRjlvT201WFozYzVRMDVHUldwbWNHMVVjRFp4YzJwVFRXYxAB,OSM_node_7178615268,5,,một tháng trước,,Google Maps,2026-08-29T07:09:20+00:00
google_maps_Ci9DQUlRQUNvZENodHljRjlvT2pWMmN6TkRVbEF6YW5kRWRtSTBZMU0wTUZKR2JGRRAB,OSM_node_7178615268,5,,một tháng trước,,Google Maps,2026-08-29T07:09:20+00:00
google_maps_Ci9DQUlRQUNvZENodHljRjlvT2poVlFrcE5Sa05GVDNOSlkyOVVjblZmU3pFM04yYxAB,OSM_node_7178615268,5,,11 tháng trước,,Google Maps,2026-08-29T07:09:20+00:00
google_maps_Ci9DQUlRQUNvZENodHljRjlvT21jM1RtTkJZVUpwT1d4aWJrRTFWa2QwY21sVFZIYxAB,OSM_node_7178615268,5,,một năm trước,,Google Maps,2026-08-29T07:09:20+00:00
google_maps_ChZDSUhNMG9nS0VJQ0FnSURyNHJ1NEh3EAE,OSM_node_7178615268,5,,2 năm trước,,Google Maps,2026-08-29T07:09:20+00:00
google_maps_ChZDSUhNMG9nS0VJQ0FnSUNMa05UeUpREAE,OSM_node_7178615268,5,,2 năm trước,,Google Maps,2026-08-29T07:09:20+00:00
google_maps_ChZDSUhNMG9nS0VJQ0FnSURzcnNER0x3EAE,OSM_node_7178615268,5,,6 năm trước,,Google Maps,2026-08-29T07:09:20+00:00
google_maps_ChdDSUhNMG9nS0VJQ0FnSUNNclpDczhBRRAB,OSM_node_7178615268,5,,6 năm trước,,Google Maps,2026-08-29T07:09:20+00:00
google_maps_ChZDSUhNMG9nS0VJQ0FnSUNNbGJDQ0JREAE,OSM_node_7178615268,5,,6 năm trước,,Google Maps,2026-08-29T07:09:20+00:00
google_maps_ChdDSUhNMG9nS0VJQ0FnSURVNmNtYmtnRRAB,OSM_node_7178615268,3,,7 năm trước,,Google Maps,2026-08-29T07:09:20+00:00
google_maps_ChZDSUhNMG9nS0VJQ0FnSURVdUpMMWRBEAE,OSM_node_7178615268,5,,7 năm trước,,Google Maps,2026-08-29T07:09:20+00:00
google_maps_ChZDSUhNMG9nS0VJQ0FnSUNVNjR6eVZnEAE,OSM_node_7178615268,5,,7 năm trước,,Google Maps,2026-08-29T07:09:20+00:00
google_maps_ChdDSUhNMG9nS0VJQ0FnSURrX2Z5WGdRRRAB,OSM_node_7178615268,5,,7 năm trước,,Google Maps,2026-08-29T07:09:20+00:00
google_maps_ChZDSUhNMG9nS0VJQ0FnSURZbmJlYklnEAE,OSM_node_7178615268,5,,7 năm trước,,Google Maps,2026-08-29T07:09:20+00:00
google_maps_ChdDSUhNMG9nS0VJQ0FnSURZMHY3VzFBRRAB,OSM_node_7178615268,3,,7 năm trước,,Google Maps,2026-08-29T07:09:20+00:00
google_maps_ChdDSUhNMG9nS0VJQ0FnSUNZa3QyYi1RRRAB,OSM_node_7178615268,5,,7 năm trước,,Google Maps,2026-08-29T07:09:20+00:00
google_maps_ChdDSUhNMG9nS0VJQ0FnSURvNWN2ZXVRRRAB,OSM_node_7178615268,5,,7 năm trước,,Google Maps,2026-08-29T07:09:20+00:00
google_maps_ChZDSUhNMG9nS0VJQ0FnSURvaExEUkpnEAE,OSM_node_7178615268,2,,7 năm trước,,Google Maps,2026-08-29T07:09:20+00:00
google_maps_ChZDSUhNMG9nS0VJQ0FnSUNva192Z09nEAE,OSM_node_7178615268,5,,7 năm trước,,Google Maps,2026-08-29T07:09:20+00:00
google_maps_ChdDSUhNMG9nS0VJQ0FnSUNvbW9iODF3RRAB,OSM_node_7178615268,5,,7 năm trước,,Google Maps,2026-08-29T07:09:20+00:00
google_maps_ChdDSUhNMG9nS0VJQ0FnSUNvaEpDMDdRRRAB,OSM_node_7178615268,4,,7 năm trước,,Google Maps,2026-08-29T07:09:20+00:00
google_maps_Ci9DQUlRQUNvZENodHljRjlvT2xSNGNWOW1NVWxqWDBKS1dEZDNlVEJ6VFVoNmEyYxAB,OSM_node_7178804214,5,"Thành Cổ Loa (Đông Anh, Hà Nội) là tòa thành cổ lớn nhất Việt Nam với quy hoạch bảo tồn rộng 830ha. Đây là kinh đô của nhà nước Âu Lạc dưới thời An Dương Vương (thế kỷ III TCN) và lần thứ hai trở thành kinh đô dưới thời Ngô Quyền (thế kỷ X). Thành gồm 3 vòng khép kín (thành Nội, thành Trung, thành Ngoại) đắp bằng đất với tổng chiều dài 15,82km, kết hợp tinh tế cùng hào nước tự nhiên. Nơi đây sở hữu khoảng 60 di tích, nổi bật là Đền Thượng thờ An Dương Vương với đôi rồng đá thời Lê mạt, Am Mỵ Châu, Đình Cổ Loa và Giếng Trọng Thủy. Cổ Loa còn là di chỉ khảo cổ vô giá ghi dấu các nền văn hóa từ Phùng Nguyên đến đỉnh cao Đông Sơn, nơi phát hiện hàng vạn công cụ, trống đồng và mũi tên đồng đặc trưng. 👉 Kinh nghiệm tham quan: Hằng năm vào ngày 6 tháng Giêng (Âm lịch), Lễ hội Cổ Loa diễn ra rất trang trọng. Một điểm đến di sản văn hóa không thể bỏ qua khi ghé thăm Thủ đô! 🇬🇧 ENGLISH: Co Loa Citadel (Dong Anh, Hanoi) is the largest ancient citadel in Vietnam, spanning an 830-hectare heritage area. Built in the 3rd century BC by King An Duong Vuong as the capital of Au Lac, it later served as the capital again under King Ngo Quyen in the 10th century. The citadel features a unique spiral architecture with three earthen ramparts (Inner, Middle, and Outer) totaling 15.82 km, strategically integrated with natural moat systems. The complex houses nearly 60 historic sites, including the Upper Temple, My Chau Shrine, and Trong Thuy Well. Archaeologically, Co Loa represents continuous Vietnamese ancient cultures from Phung Nguyen to the peak of Dong Son, famous for bronze arrows and ancient drums. 👉 Tip: The annual Co Loa Festival takes place on the 6th day of the 1st lunar month. A must-visit historic destination in Hanoi!",một tháng trước,,Google Maps,2026-08-29T07:10:00+00:00
google_maps_Ci9DQUlRQUNvZENodHljRjlvT2tKR1R6SlhTemhKZGtWU1lYRnVTVVpqWVhoTFUxRRAB,OSM_node_7178804214,5,"Đức Pháp Vương Kỳ Thọ, một vị Phật tái sanh ở Việt Nam, với năng lực tâm linh siêu việt và hạnh nguyện cứu độ chúng sanh, đã đến Di tích Cổ Loa, siêu độ các chư vị vong linh về cõi ánh sáng Phật Pháp.",3 tuần trước,,Google Maps,2026-08-29T07:10:00+00:00
google_maps_Ci9DQUlRQUNvZENodHljRjlvT21ReVUxZEhkR1JuWjNCWE5XMDRZWEJMZURkSlpYYxAB,OSM_node_7178804214,4,"Thành đang tu sửa nên đi loanh quanh chỉ được có chút xíu còn lại bị rào chăn lại hết. Vì không gian hơi chật nên các bạn nữ đến chụp ảnh là đứng hết góc đẹp và không gian để tham quan. Mình đi hơi xa, bắt grab từ nội thành ra đây may mà có …",8 tháng trước,,Google Maps,2026-08-29T07:10:00+00:00
google_maps_Ci9DQUlRQUNvZENodHljRjlvT2psR1YySjVjSGxzVjFGUk9Vb3lhSEl5UjBWeWFGRRAB,OSM_node_7178804214,5,"Khu di tích Cổ Loa (Đông Anh, Hà Nội) là kinh đô nhà nước Âu Lạc (thế kỷ III TCN), nổi tiếng với kiến trúc thành ốc độc đáo dài gần 16km. Đây là nơi thờ vua An Dương Vương, gắn liền với truyền thuyết Nỏ thần và Mỵ Châu - Trọng Thủy. Di tích rộng 500 ha bao gồm Đền Thượng, am Mỵ Châu, đình Ngự Triều Di Quy và chùa Bảo Sơn",4 tháng trước,,Google Maps,2026-08-29T07:10:00+00:00
google_maps_Ci9DQUlRQUNvZENodHljRjlvT2pBdFEyNUJTRzVmV0V0V1psSktUbXRoWTA1Wk4xRRAB,OSM_node_7178804214,4,Di tích lịch sử khá nhỏ nhưng có vai trò quan trọng trong tiềm thức và mạch văn hoá người Việt. Tuy nhiên có thể cảm nhận được sự cổ kích ở các di tích cổ. Nhiều hạng mục được hạ giải hoàn toàn để trùng tu. Hi vọng công trình mới vẫn giữ …,6 tháng trước,,Google Maps,2026-08-29T07:10:00+00:00
google_maps_Ci9DQUlRQUNvZENodHljRjlvT2xaV00yaEdjSGN5WlZsTFpuRklYMHRzY25kUmIyYxAB,OSM_node_7178804214,5,"Năm nay lễ hội Cổ Loa đa dạng tiết mục: Múa rối nước, đấu vật, hội chợ, cờ người. 1 nơi đáng trải nghiệm",4 tháng trước,,Google Maps,2026-08-29T07:10:00+00:00
google_maps_Ci9DQUlRQUNvZENodHljRjlvT2psUFNUZGFNRmt4YzNWNGFWUkJTbkZ6ZWpSc2VWRRAB,OSM_node_7178804214,3,"Nhiều đoạn tường thành bị xuống cấp, thậm chí có nơi người dân đã đắp thành ruộng, lấp hào để làm nhà hoặc trồng lúa. Các tuyến đường bê tông, nhà dân mọc lên san sát ngay sát chân thành khiến không …",4 tháng trước,,Google Maps,2026-08-29T07:10:00+00:00
google_maps_Ci9DQUlRQUNvZENodHljRjlvT2pnd1owOVhlakJtVkRoMGNDMHhMWEJzTVhWTlJYYxAB,OSM_node_7178804214,5,"Địa điểm này là đền thờ. Tàn tích của thành cổ nằm bên ngoài, nơi các hộ dân đang sinh sống.",5 tháng trước,,Google Maps,2026-08-29T07:10:00+00:00
google_maps_Ci9DQUlRQUNvZENodHljRjlvT21sc05VRm5jbGR0VHkxUmQxVTBjMmczYmpocVQyYxAB,OSM_node_7178804214,3,"Miếu thờ Vua An Dương Vương, mua vé 30k vào thấp nhang rồi đi ra, hiện tại đang tủ sửa nên k có gì tham quan",5 tháng trước,,Google Maps,2026-08-29T07:10:00+00:00
google_maps_Ci9DQUlRQUNvZENodHljRjlvT2pKNVZtbzVZVmxzYjJGQlRUWm5lbEJIVkhNMFJIYxAB,OSM_node_7178804214,2,"Trải nghiệm Tham quan Di tích Cổ Loa (Ngày 25/10/2025) ​Chuyến đi đến Thành Cổ Loa vào ngày 25/10/2025 mang lại một trải nghiệm vừa thú vị về mặt lịch sử, vừa có những điểm cần lưu ý về mặt thực tế. ​Chi phí và Hiện trạng: Giá vé tham quan hiện tại là 15.000 VNĐ cho học sinh, sinh viên và 30.000 VNĐ cho người lớn, cộng thêm 10.000 VNĐ phí gửi xe. Chi phí này là hợp lý để duy trì một Di tích Quốc gia Đặc biệt. ​Tuy nhiên, trải nghiệm thực tế về di tích lại khá hạn chế. Toàn bộ khu vực Thành Cổ Loa rất rộng lớn (với ba vòng thành Ngoại, Trung, Nội) nhưng những điểm tham quan chính có thể đi bộ lại khá nhỏ. Đặc biệt, tại thời điểm này, nhiều di tích quan trọng như Đền thờ Cao Lỗ và các khu vực xung quanh đang được tu sửa đáng kể. Việc này khiến không gian tham quan bị thu hẹp, làm giảm đáng kể những gì du khách có thể chiêm ngưỡng. ​Ấn tượng cá nhân: Dù không gian nhỏ, Cổ Loa vẫn là nơi có giá trị lịch sử to lớn. Đây là nơi thờ Vua An Dương Vương và gắn liền với truyền thuyết Nỏ Thần (đã được chứng minh bằng các phát hiện khảo cổ về kho mũi tên đồng Cầu Vực). Dù đang trong giai đoạn tu bổ, sự trầm mặc, cổ kính của các công trình như Đền Thượng và Am Mỵ Châu, cùng với câu chuyện bi tráng về cội nguồn Âu Lạc, vẫn là điều khiến chuyến đi trở nên có ý nghĩa. ​Lời khuyên là du khách nên kiểm tra tình trạng tu sửa trước khi đến để có trải nghiệm trọn vẹn hơn.",10 tháng trước,,Google Maps,2026-08-29T07:10:00+00:00
google_maps_Ci9DQUlRQUNvZENodHljRjlvT2xVMGRrVnRUMU15ZEdaUlRFWkdTRFJsTFZKbFdVRRAB,OSM_node_7178804214,4,"Thành Cổ Loa – nghe tên thì cứ nghĩ sẽ là một khu di tích rộng mênh mông, nhưng đến nơi rồi mới thấy thật ra cũng không quá lớn. Chủ yếu là ghé thăm đền thờ vua An Dương Vương, sau đó đi thêm một vòng quanh khu trưng bày di vật khảo cổ, thế …",một năm trước,,Google Maps,2026-08-29T07:10:00+00:00
google_maps_Ci9DQUlRQUNvZENodHljRjlvT2paa01VNWxkbmhwTFdNM1pEUnlYMkpHU2pWUWNFRRAB,OSM_node_7178804214,5,"Giá vé: 30k một người. Có tấm vé này, quý khách có thể đi mọi nơi khác trong quần thể di tích Cổ Loa. Trước đền An Dương Vương có 1 Bảo vật Quốc Gia, là hình 2 con rồng. Phía trước đền là giếng Trọng Thủy rất xanh mát. Tóm lại, đây là một nơi rất đáng đi, đi để thư giãn, để biết thêm về lịch sử nước nhà.",một năm trước,,Google Maps,2026-08-29T07:10:00+00:00
google_maps_Ci9DQUlRQUNvZENodHljRjlvT2xSNWF6RldTa3gxUVRkRWRGUllPRWRvTWpKaWFVRRAB,OSM_node_7178804214,4,Cổ Loa là kinh đô cổ của nước ta. Mình từ miền Nam ra nên từ lâu đã muốn đến nơi này để khám phá. …,một năm trước,,Google Maps,2026-08-29T07:10:00+00:00
google_maps_Ci9DQUlRQUNvZENodHljRjlvT2xSMVlpMTNabGc1VVhOd05GVlRRbm94TW5oSE5GRRAB,OSM_node_7178804214,5,"Tôi vừa có chuyến thăm Thành Cổ Loa vào một chiều mùa hè và thú thật là rất ấn tượng! Không khí ở đây mang một nét gì đó vừa cổ kính, vừa bình yên lạ lùng. Tôi thích nhất là được tản bộ dọc theo những con hào nước uốn lượn, ngắm nhìn bức tường thành cỏ phủ xanh mướt – dù đã hàng nghìn năm nhưng vẫn khiến người ta cảm nhận rõ sự hùng vĩ ngày xưa. Tôi may mắn ghé vào một quán nhỏ ven đường thử tô bún Mạch Tràng – món ăn gắn với truyền thuyết Mỵ Châu. Bún nóng hổi, nước dùng ngọt thanh, ăn vừa no vừa thấy thú vị vì được ""chạm"" vào câu chuyện dân gian. Đang thưởng thức thì nghe tiếng chuông chùa văng vẳng đâu đó, không gian bỗng trở nên thiêng liêng lạ thường. Chỗ này lý tưởng để chụp ảnh sống ảo nữa, nhất là đoạn hào nước in bóng mây trời, hay góc thành phủ đầy rêu phong. Điểm trừ nhỏ là một vài đoạn thành bị che khuất bởi nhà dân, hơi phá vỡ không gian cổ kính. Vài chỗ cũng thiếu bảng giải thích rõ ràng, khiến tôi phải hỏi thăm người địa phương. Nhưng nhìn chung, đây là một nơi rất đáng để ghé thăm, nhất là khi bạn muốn tìm chút bình yên sau ồn ào Hà Nội. Giá vé chỉ 30k, sinh viên còn được giảm thêm– rất hợp túi tiền. Nếu đi, nhớ dành cả buổi để đi bộ thong thả, ngồi nghỉ dưới gốc cây già và cảm nhận sự tĩnh lặng hiếm có. Tôi sẽ quay lại vào mùa xuân, hy vọng được gặp lễ hội rộn ràng tiếng trống, tiếng nỏ!",một năm trước,,Google Maps,2026-08-29T07:10:00+00:00
google_maps_Ci9DQUlRQUNvZENodHljRjlvT2xScmFrSkxOMU5VWjFwbVExUnVlVXRLY2tNNFdGRRAB,OSM_node_7178804214,5,"thăm nơi này mình thấy yêu thích lịch sử hơn, muốn hiểu hơn về truyền thống dựng nước, giữ nước của cha ông và các nét đẹp văn hóa dân gian ngày xưa",9 tháng trước,,Google Maps,2026-08-29T07:10:00+00:00
google_maps_Ci9DQUlRQUNvZENodHljRjlvT2toQmFWRnpibnB4VUZGTlVEbHlOMjlNZERCWE5YYxAB,OSM_node_7178804214,1,Kiến trúc đang bị hủy hoại một cách trầm trọn. Cần phải vào cuộc bảo vệ sớm. Hiện nếu ai dự định đi nên cân nhắc vì đang cải tạo. Nhìn vào giếng ngọc trước cổ loa thành thì mình cũng không biết nói gì. Cải tạo xong xấu hơn ao làng quê mình.,5 tháng trước,,Google Maps,2026-08-29T07:10:00+00:00
google_maps_ChZDSUhNMG9nS0VJQ0FnTUN3MWFfRFJREAE,OSM_node_7178804214,5,"KHU DI TÍCH CỐ LOA Trong chiều dài lịch sử dân tộc, Cổ Loa đã ghi dấu những minh chứng hào hùng của thời kỳ đấu tranh dựng nước. Nơi đây từng là kinh đô cổ của nước ta thời kỳ An …",Thời gian chỉnh sửa: một năm trước,,Google Maps,2026-08-29T07:10:00+00:00
google_maps_Ci9DQUlRQUNvZENodHljRjlvT21sdlV6Wm1kMHRMZDNwMFJsZzRRMEpLV2w5Q1YxRRAB,OSM_node_7178804214,5,Không gian yên tĩnh có vẻ cũng ít khách du lịch. Mình cảm thấy ở đây chính quyền và người dân cần đa dạng thêm các dịch vụ trải nghiêm du lịch,9 tháng trước,,Google Maps,2026-08-29T07:10:00+00:00
google_maps_ChZDSUhNMG9nS0VLR3d3WjNsaE0zZktnEAE,OSM_node_7178804214,5,Thành Cổ Loa là kinh đô của nhà nước Âu Lạc cổ gắn liền với Thục phán An Dương Vương. Đây là nơi gốc tích và gắn liền với An Dương Vương. Đến đây tham quan bạn có thể ghé thăm cả 1 quần thể với nhiều đền miếu và chùa cổ linh thiêng mà cách trung tâm Hà Nội không xa.,một năm trước,,Google Maps,2026-08-29T07:10:00+00:00
google_maps_ChZDSUhNMG9nS0VJQ0FnSUQtek1yc01REAE,OSM_node_7178804214,3,Lòng làm ngon nhưng giá tương đối cao so với mặt bằng chung. Cháo ở quán là đỗ xanh chứ không phải cháo lòng. Nồi cháo nhỏ 600k nhưng lòng bỏ cháo ngon. …,3 năm trước,,Google Maps,2026-08-29T07:10:00+00:00
google_maps_Ci9DQUlRQUNvZENodHljRjlvT21GcmRYTmtZa1l6UVhNME5razBaMFJoTWxkUVpVRRAB,OSM_node_7178804214,5,"Thành Cổ Loa đang trong quá trình tu sửa, tuy nhiên vẫn là một địa chỉ tâm linh mọi người nên đến.",7 tháng trước,,Google Maps,2026-08-29T07:10:00+00:00
google_maps_Ci9DQUlRQUNvZENodHljRjlvT2xWYVdqbFNZekkzVDNJd1J5MHdTRlJZZVV0eGIyYxAB,OSM_node_7178804214,5,"Nhà hàng HK Beer Duy Tân mở cửa từ 11h đến 2h khuya, món ăn Âu, bia tươi ngon, không gian sang trọng, hệ thống sân khấu âm thanh ánh sáng hiện đại nhất Hà Nội, nhạc DJ cực hay, nhân viên và BQL chuyên nghiệp và nhiệt tình.",10 tháng trước,,Google Maps,2026-08-29T07:10:00+00:00
google_maps_ChZDSUhNMG9nS0VJQ0FnTURBcllpaVVnEAE,OSM_node_7178804214,5,"Thành Cổ Loa là kinh đô của nhà nước Âu Lạc dưới thời An Dương Vương vào khoảng thế kỷ thứ 3 trước Công nguyên và của nhà nước phong kiến dưới thời Ngô Quyền thế kỷ 10 tại vùng đất xã Cổ Loa, huyện Đông Anh, Hà Nội. Cổ Loa là toà thành có quy mô, cấu trúc thuộc loại lớn và độc đáo nhất ở nước ta. Trong khu di tích hiện có khoảng 60 di tích cổ, trong đó có 7 di tích được xếp hạng cấp Quốc gia. Bên cạnh đó, nơi đây còn đang bảo tồn một hệ thống di sản văn hoá phi vật thể bao gồm các tập tục, lễ hội dân gian đặc sắc, làng nghề truyền thống và văn hoá ẩm thực đặc trưng. Thành Cổ Loa có ý nghĩa to lớn về mặt lịch sử, thể hiện sức sáng tạo và trình độ kỹ thuật của người Việt cổ. Với những yếu tố đó, Loa Thành đã trở thành điểm tham quan, du lịch hấp dẫn đối với du khách trong và ngoài nước khi đến du lịch Hà Nội. Các công trình trong khu di tích như Đình Cổ Loa, Đền Thượng, Am Bà Chúa, Giếng Ngọc… vẫn ngày ngày đón khách đến tham quan, chiêm ngưỡng.",một năm trước,,Google Maps,2026-08-29T07:10:00+00:00
google_maps_Ci9DQUlRQUNvZENodHljRjlvT21kRGVVMU1kMlptTms1d09HSkZjbXB4YTNab2QwRRAB,OSM_node_7178804214,5,Một tri thức lịch sử cấp quốc gia rất đặc biệt là nơi giáo dục truyền thống cho các em học sinh rất bổ ích cảm ơn các anh chị đã bảo tồn tri thức đến ngày hôm nay,11 tháng trước,,Google Maps,2026-08-29T07:10:00+00:00
google_maps_ChdDSUhNMG9nS0VJQ0FnTUNBNHZUM29BRRAB,OSM_node_7178804214,5,Đẹp mà vắng quá cảnh thiên nhiênnnnnnn xanh tươi xong thả cá như vua chúa vi hành ngày th uoengf bên trong cũng không có gì đặc biệt,một năm trước,,Google Maps,2026-08-29T07:10:00+00:00
google_maps_ChZDSUhNMG9nS0VJQ0FnSUQzME5PV1lREAE,OSM_node_7178804214,5,"Thành Cổ Loa là kinh đô của nhà nước Âu Lạc dưới thời An Dương Vương vào khoảng thế kỷ thứ 3 trước Công nguyên và của nhà nước phong kiến dưới thời Ngô Quyền thế kỷ 10 tại vùng đất xã Cổ Loa, huyện Đông Anh, Hà Nội. …",một năm trước,,Google Maps,2026-08-29T07:10:00+00:00
google_maps_Ci9DQUlRQUNvZENodHljRjlvT21oTFZrMWhTVkpFUjNZNU0xbFZORFV4UTFWSmJtYxAB,OSM_node_7178804214,1,Di tích đang trùng tu mà vẫn bán vé cho khách thăm quan nếu tai nạn thì sao.....? Ko hề có 1 biển cảnh báo,3 tuần trước,,Google Maps,2026-08-29T07:10:00+00:00
google_maps_Ci9DQUlRQUNvZENodHljRjlvT2tndExXdFlSemRUT1RkdWRWOWZOMkZIU1hOSlZXYxAB,OSM_node_7178804214,5,"Di tích cổ tại Đông Anh, quần thể kiến trúc khá đẹp và tôn nghiêm.",11 tháng trước,,Google Maps,2026-08-29T07:10:00+00:00
google_maps_ChZDSUhNMG9nS0VMbUw5dFNRdFl2alpnEAE,OSM_node_7178804214,5,"Đồ ăn ổn, giá cả so với 1 quán Bar Beer là vừa phải. Âm thanh hay. Nhân viên nhiệt tình, chu đáo, trẻ, tận tâm. Vào đây khỏi nói chuyện vì nhạc lớn nên ACE xác định vào nghe nhạc, thư giãn cùng ae bạn bè thì ok. Vì nói ko ai nghe thấy gì ^^ tiếng nhạc át tiếng nói: Xác định vào đây là ăn, uống bia, chill và vui theo nhạc. Quẩy cùng bạn bè. Chuyện trò mời ra cà phê. Mình đánh giá là ổn!!! Sẽ quay lại!",một năm trước,,Google Maps,2026-08-29T07:10:00+00:00
google_maps_ChZDSUhNMG9nS0VJRGxpNV95eXZ2cUhREAE,OSM_node_7178804214,5,Di tích gắn liền với huyền tích của người Việt cổ. Đây là kinh đô của nhà nước Âu Lạc dưới thời An Dương Vương vào khoảng thế kỷ thứ 3 trước Công nguyên. Là một tòa thành cổ nhất còn để lại dấu tích cho đến ngày nay.,một năm trước,,Google Maps,2026-08-29T07:10:00+00:00
google_maps_ChZDSUhNMG9nS0VJQ0FnSUNYNmNUaFRBEAE,OSM_node_7178804214,5,"Làng cốm Vọng thì có rất nhiều người bán. Nhưng mình được người thổ địa khuyên mua của Bà Cụ ngồi trước cổng bên trái. Cụ nay đã 86 tuổi, nhưng vẫn minh mẫn hoạt bát. Bắt phải ăn thử trước khi mua, và dặn ăn trong vòng bao nhiêu giờ ?(vì sợ ôi thiu)",một năm trước,,Google Maps,2026-08-29T07:10:00+00:00
google_maps_ChdDSUhNMG9nS0VJQ0FnSUN2NDRtSGlnRRAB,OSM_node_7178804214,4,"Mình đến quán này cỡ cũng phải 5-6 lần rồi đó :))) Đồ ăn ngon, sạch sẽ, quán gần nhà Có tầng 1 và tầng 3 là chỗ ngồi. Giá tương đối cao so với các quán lòng khác …",một năm trước,,Google Maps,2026-08-29T07:10:00+00:00
google_maps_Ci9DQUlRQUNvZENodHljRjlvT2pWTlJYSXhYMmwxUzJSRmNHaENTRmg1WjJWbmFHYxAB,OSM_node_7178804214,5,"Giữ được nét cổ kính, đang cải tạo lại nhưng vẫn trên khuôn mẫu một thành Cổ Loa xưa. Tui biết vì ngày xưa tui sống ở đây 😎 …",9 tháng trước,,Google Maps,2026-08-29T07:10:00+00:00
google_maps_ChZDSUhNMG9nS0VJQ0FnSURmcXNXOEhBEAE,OSM_node_7178804214,5,Thành Cổ Loa là điểm đến không thể bỏ qua với những ai yêu lịch sử và muốn tìm hiểu thêm về văn hóa Việt Nam cổ đại. Di tích này vẫn toát lên giá trị đặc biệt và khiến du khách không khỏi thán phục trước tài năng xây dựng của người xưa.,một năm trước,,Google Maps,2026-08-29T07:10:00+00:00
google_maps_ChdDSUhNMG9nS0VJQ0FnSUNyenJfSXFBRRAB,OSM_node_7178804214,5,"Thành Cổ Loa còn có tên gọi khác là Loa Thành, là tòa thành cổ gắn liền với truyền thuyết An Dương Vương xây thành và chuyện Mỵ Châu – Trọng Thủy. Tòa thành này được xây dựng từ thế kỷ thứ III TCN, là kinh đô của nước Âu Lạc, nay thuộc địa phận của huyện Đông Anh, Hà Nội. Khu du tích Cổ Loa mở cửa cho khách tham quan từ 8h – 17h hàng ngày. Giá vé tham quan chỉ từ 5.000 – 10.000 VND/người, miễn phí vé cho trẻ em dưới 15 tuổi. Chi phí làm lễ dâng hương là 600.000 VND/đoàn, phí thuê hướng dẫn viên du lịch dao động từ 300.000 VND/hướng dẫn. Các điểm thăm quan gồm: 1. Đền thờ An Dương Vương, còn gọi là Đền Thượng, được xây dựng trên một quả đồi mà trước đây là cung thất của nhà vua. 2. Giếng Ngọc: trước mặt đền Thượng là một hồ nước lớn, giữa hồ có một giếng cổ - nơi Trọng Thuỷ đã gieo mình tự vẫn. Tương truyền, nếu dùng nước trong giếng này để rửa ngọc trai thì ngọc sẽ càng thêm sáng. 3. Am Bà Chúa hay mộ Mỵ Châu là công trình nằm phía sau cây đa nghìn tuổi. Trong am có bức tượng Mỵ Châu – một tảng đá tự nhiên có dạng hình người không đầu. 4. Đền thờ Cao Lỗ, một vị tướng tài dưới thời vua Thục Phán, là người sáng tạo ra nỏ Liên Châu bắn được nhiều mũi tên cùng lúc và giúp vua xây thành. 5. Ngự Triều Di Quy (Đình Cổ Loa), tọa lạc trên nền của điện thiết triều cũ, được chuyển từ nơi khác về và dựng lại hồi cuối thế kỷ XVIII. 6. Nhà trưng bày các hiện vật khảo cổ ở Cổ Loa. Đây là nơi triển lãm các hiện vật cổ được khai quật trong khuôn viên di tích Cổ Loa, bản đồ Loa Thành cổ với 9 vòng thành, hình dáng chiếc nỏ thần và nhiều hiện vật có giá trị khác. --- Hiện tại không gian khu di tích không còn rộng lớn, chủ yếu giá trị về mặt văn hóa lịch sử.",2 năm trước,,Google Maps,2026-08-29T07:10:00+00:00
google_maps_Ci9DQUlRQUNvZENodHljRjlvT21WZmJuaHhRVTFoT1cxRU0yMUxURzFVU21kUVpuYxAB,OSM_node_7178804214,4,"Kinh đô của người Việt xưa đền thờ Vua An Dương Vương, thần Kim Quy và các văn võ tướng và 1 am Ngai công chúa Mỵ Châu",11 tháng trước,,Google Maps,2026-08-29T07:10:00+00:00
google_maps_Ci9DQUlRQUNvZENodHljRjlvT2xkdFNVTlZiR3RPVVVGMmFpMVpiUzFoVVc5NU5WRRAB,OSM_node_7178804214,5,"tui đến đây khoảng 50 lần trong năm nay ròi, nhà hàng nhìn sang trọng, dancer xinh dáng đẹp, nhạc DJ đánh hay lắm. nhân viên bàn nhiệt tình no.1. tóm lại cho 5*",10 tháng trước,,Google Maps,2026-08-29T07:10:00+00:00
google_maps_Ci9DQUlRQUNvZENodHljRjlvT2xCdVJERlFWVzlaUTA5SGVFUjRTbkJmWTA5clVIYxAB,OSM_node_7178804214,5,Tới lúc 7h chưa mở cửa. Rất đáng ghé tham quan,8 tháng trước,,Google Maps,2026-08-29T07:10:00+00:00
google_maps_ChZDSUhNMG9nS0VJQ0FnSUNQOUp2clhnEAE,OSM_node_7178804214,4,"Là di tích lịch sử quốc gia, nhưng có xu hướng kinh tế hoá thì phải. Vé 30k/ người là cao so với mặt bằng chung giá tham quan các di tích!",một năm trước,,Google Maps,2026-08-29T07:10:00+00:00
google_maps_ChdDSUhNMG9nS0VJQ0FnTUNRb05YVzNnRRAB,OSM_node_7178804214,5,"Mình đến vào dịp lễ mùng 6 tháng giêng. Khu di tích lúc đó mở cửa nên không cần mua vé tham quan. Đa phần hình như cũng là người dân địa phương, mọi người đều rất thân thiện. …",một năm trước,,Google Maps,2026-08-29T07:10:00+00:00
google_maps_Ci9DQUlRQUNvZENodHljRjlvT2pKb05rdHZZMGh5V21oNlFrdENhbUZwYUVoZlVuYxAB,OSM_node_7178804214,5,"Tụi mình đi vội nên chỉ ghé ngang qua chứ không mua vé vào trong tham quan, nhưng cảnh quan mát mẻ, đẹp, thoải mái, khuôn viên được dọn dẹp rất sạch sẽ. Trước còn có giếng nước Trọng Thuỷ có nhiều cá. Chỗ này các nàng thơ chụp ảnh áo dài là hết ý",8 tháng trước,,Google Maps,2026-08-29T07:10:00+00:00
google_maps_ChdDSUhNMG9nS0VJQ0FnSURucWZyYTBnRRAB,OSM_node_7178804214,4,"Lòng Chát Tôn Thất Tùng Như tên gọi của quán, lòng thì không chát đâu, ngon là khác, nhưng giá thì hơi chát. Chắc vì vậy được gọi là lòng chát. Lòng ko bị đắng, có mắm tôm và mắm tỏi …",một năm trước,,Google Maps,2026-08-29T07:10:00+00:00
google_maps_ChZDSUhNMG9nS0VJQ0FnSURQeU9LeEZREAE,OSM_node_7178804214,5,"Lòng ngon, sạch, vị đậm đà, phần dồi huyết mềm béo ăn ngon hơn hẳn chỗ khác. Cháo dẻo, rau tươi. Ưu điểm nữa là có set up phần lòng chần cho 1 người ăn rất vừa vặn. Nhân viên đứng quầy tính tiền rất nhiệt tình, tư vấn khách ăn vừa đủ, thậm chí khách gọi thêm cũng sẽ tư vấn cho khách có thể bị dư đồ ăn và ăn hơi ngán khúc cuối để khách cân nhắc lại. Bạn nhân viên này còn để ý phần cháo không mình ăn không hết cũng không tính tiền. Lúc ra thanh toán còn được gởi thêm vài viên double mint. Mình đánh giá khá cao bạn nhân viên đứng ở quầy tính tiền buổi tối này. Có dịp mình sẽ quay lại thử các món khác của tiệm.",một năm trước,,Google Maps,2026-08-29T07:10:00+00:00
google_maps_ChZDSUhNMG9nS0VJQ0FnSURieXZ2MFd3EAE,OSM_node_7178804214,5,"Di tích lịch sử nổi tiếng của Việt Nam. Rất đẹp. Gồm nhiều công trình như đền thờ An Dương Vương, điện thờ tướng quân Cao Lỗ, am Mị Châu. Rất đáng tham quan. Nên đến tham quan một lần. Đặc biệt nên đến mùng 1 và 15 thì am Mị Châu mở cửa",2 năm trước,,Google Maps,2026-08-29T07:10:00+00:00
google_maps_ChdDSUhNMG9nS0VJQ0FnSUNKdGRXTTd3RRAB,OSM_node_7178804214,4,"Địa thế linh thiêng, trung tâm là hồ tròn rộng cỡ 2 sân bóng, được ví như miệng rộng. Leo lên chút là 2 cái hố nhỏ như 2 cái giếng nước ngọt chu vi độ 6 m, ví như 2 mắt rồng. Ngược lên cao như trán rồng nơi đặt điện thờ văn võ bá quan triều đình theo tầng bậc. Xung quanh là cây cối xanh rì, đặc biệt là mít. Ngày hè ra khỏi trung tâm điên, dọc theo miệng rồng là quán nước dưới các tán cây, trên ghế đá ven hồ ,nơi chiều tập trung dân làng xung quanh, cười nói, trò chuyện rất vui vẻ.",3 năm trước,,Google Maps,2026-08-29T07:10:00+00:00
google_maps_ChZDSUhNMG9nS0VJQ0FnTUN3MWMtRUFREAE,OSM_node_7178804214,5,"Không gian HKBeer cực rộng rãi, thoáng mát, decor hiện đại và chill. Đồ uống đa dạng, bia tươi ngon, đồ ăn đi kèm chất lượng. Nhân viên phục vụ nhiệt tình, nhanh nhẹn. Rất thích hợp để tụ tập bạn bè hay tổ chức sinh nhật. Sẽ quay lại nhiều lần!",một năm trước,,Google Maps,2026-08-29T07:10:00+00:00
google_maps_ChdDSUhNMG9nS0VJQ0FnSUR4bGRENWdRRRAB,OSM_node_7178804214,4,Lòng ngon sạch sẽ. Nhân viên chu đáo nhiệt tình. Mỗi tội giá như cái tên quán luôn. Cũng ăn nhiều lần rồi và cũng sẽ quay lại khi đi tiếp khách vì giá mắc 😅,3 năm trước,,Google Maps,2026-08-29T07:10:00+00:00
google_maps_Ci9DQUlRQUNvZENodHljRjlvT2xoR1lXdHNkemx2YUdaMGMwUXdOVVkxWWtobmJsRRAB,OSM_node_7178804214,4,"Mình đi vào buổi trưa muộn, rất nắng, gần đến giờ đóng cửa nên rất vắng. Cảnh vật bình yên, cổ kính",Thời gian chỉnh sửa: 11 tháng trước,,Google Maps,2026-08-29T07:10:00+00:00
google_maps_ChdDSUhNMG9nS0VJQ0FnSUNscHBpUXZRRRAB,OSM_node_7178804214,5,"KHU DI TÍCH VỚI BỀ DẦY LỊCH SỬ CỦA ĐẤT NƯớC . Của tình yêu , lòng yêu nước trâm mặc của thời gian . Trải qua nhiều thăng chầm của lịch sử. Nơi đây vẫn giư lại được nét cổ kính , sự yên bình và vẻ đẹp người xưa để lại . Các vòng thành tạo không gian rộng lớn cho cảnh quan và cây cối . Một bầu không khí dễ chịu, tươi mới ,nhẹ nhàng thoải mái khi đến đây",Thời gian chỉnh sửa: 2 năm trước,,Google Maps,2026-08-29T07:10:00+00:00
google_maps_ChZDSUhNMG9nS0VJQ0FnSURydzVTRWVBEAE,OSM_node_7178804214,3,"Di tích bao gồm nhiều đền thờ, di tích ... nằm rải rác và khá gần nhau, nổi bật nhất là đền thờ An Dương Vương, tuy nhiên không có tính lịch sử nhiều vì chủ yếu là do người các đời sau xây dựng nên để tưởng niệm mà thôi.",2 năm trước,,Google Maps,2026-08-29T07:10:00+00:00
google_maps_Ci9DQUlRQUNvZENodHljRjlvT21kWlJVRXhVbGswYTA5MGNrWXlOVEUxTlhaeFRsRRAB,OSM_node_7189828683,3,"Mình vào bảo tàng lúc sáng sớm 8h ngày làm việc. KHông phải mua vé gì cả. Đỗ xe lại miễn phí nữa. Bảo tàng rất rộng, nhưng chỉ có trưng bày ở tầng 1. Theo mình, số lượng hiện vật có lẽ vẫn hơi ít. Hầu hết là khảo cổ xưa. Tuy nhiên chỉ có tiếng Việt. Bên ngoài có biển đề cài app để nghe thuyết minh (4 thứ tiếng), nhưng thường nếu có thời gian mình thích nghe thuyết minh của Hướng dẫn viên hơn. Không gian bên ngoài có trưng bày hiện vật: 1 chiếc T54 và 1 chiếc Mic 17 thì phải.",2 tháng trước,,Google Maps,2026-08-29T07:10:40+00:00
google_maps_Ci9DQUlRQUNvZENodHljRjlvT2xWRWFXVkRkVlkwY21Kb00yZ3liMnQ0UldnMFZsRRAB,OSM_node_7189828683,4,"Đa số cổ vật đến từ thời Phùng Nguyên,các đời Trần, Lý.. các hiện vật, nét văn hoá của dân tộc thiểu số và thời kỳ kháng chiến Trước khi đến đây mình đã đến đền Hùng với mong muốn tìm hiểu về thời kỳ đó …",Thời gian chỉnh sửa: 4 tháng trước,,Google Maps,2026-08-29T07:10:40+00:00
google_maps_Ci9DQUlRQUNvZENodHljRjlvT21KcU9GUTVkVzUxYVUwMGNHUXhia2RSVERoemQwRRAB,OSM_node_7189828683,5,"Bảo tàng nằm trục đường Trần Phú đẹp nhất Việt Trì, với khuôn viên rộng và thoáng mát, nơi đây thường xuyên tổ chức các sự kiện văn hoá thể thao của tỉnh Phú Thọ. Là nơi trưng bày các hiện vật về lịch sử Vua Hùng Vương qua các thời kì và các hiện vật nhân chứng lịch sử 2 cuộc kháng chiến của nhân dân Phú Thọ nói riêng và toàn Quốc nói chung",4 tháng trước,,Google Maps,2026-08-29T07:10:40+00:00
google_maps_Ci9DQUlRQUNvZENodHljRjlvT2sxMlpVbERWVnBrY1ZoMGJWRjJVMHRJUXpCcFdFRRAB,OSM_node_7189828683,5,"Ở Phú Thọ có tới 2 bảo tàng Hùng Vương. 1 bảo tàng nằm tại trung tâm thành phố Việt Trì thì khuôn viên lớn hơn, có cả xe tăng và máy bay chiến đấu. Bảo tàng mình đi này nằm trong khuôn viên khu di tích lịch sử đền Hùng, quy mô nhỏ hơn. Đi …",8 tháng trước,,Google Maps,2026-08-29T07:10:40+00:00
google_maps_ChdDSUhNMG9nS0VJQ0FnTUNZZ3BTNGhnRRAB,OSM_node_7189828683,5,"Bảo tàng nằm trên đường Trần Phú đối diện với công viên Văn Lang. Không gian nơi đây rộng rãi, sạch sẽ và thoáng mát. Bảo tàng rất đẹp, có thể xem phim nếu liên hệ trước.",một năm trước,,Google Maps,2026-08-29T07:10:40+00:00
google_maps_ChdDSUhNMG9nS0VJQ0FnSURYb3JXOW5RRRAB,OSM_node_7189828683,5,bảo tàng muốn mở cửa không mất phí tham quan bình thường cũng khá ít người nếu muốn tham quan thì cứ đi trực tiếp vô sẽ có chị tiếp tân mở đèn,một năm trước,,Google Maps,2026-08-29T07:10:40+00:00
google_maps_ChdDSUhNMG9nS0VJQ0FnSURyZ3R5Y25BRRAB,OSM_node_7189828683,5,"Bảo Tàng Hùng Vương là một bảo tàng được coi là ""khám phá bí mật ngôi mộ cổ"" bởi lẽ khi vào đây, chúng ta sẽ được khám phá một nên văn minh âu lạc sống động. Bảo tàng có điểm nhấn rất lớn là có một cái trống đồng rất to, kèm tượng vua hùng lớn ở trước sảnh chính. Khi vào đây thăm quan, bạn sẽ thấy được các di tích từ các vị tù trưởng thời âu lạc, việt cổ, khi lên tầng 2, chúng ta còn được nhìn thấy toàn cảnh về các cuộc kháng chiến, nghệ thuật của cha ông ta. Chúng ta cũng có thể thấy được các nghệ thuật như hát xoan, án gian của cả dân tộc. Bên ngoài (bên phải từ cổng), chúng ta cũng có thể thấy được những kỹ nghệ quốc phòng của ông cha ta. Nếu bạn may mắn, bạn có thể được cô hướng dẫn(cô tiếp tân) dẫn đi một vòng giới thiệu, cho xem màn ảnh rộng kết hợp thực tế. Ngoài nội dung, bảo tàng rất rộng lớn, sạch đẹp, mát mẻ, nhiều cây cối. Học sinh có thể để xe chỗ chân cầu thang lớn để vào thư viện để học, đọc (có wifi), rất yên tĩnh và đa dạng loại sách (rất đầy đủ).",2 năm trước,,Google Maps,2026-08-29T07:10:40+00:00
google_maps_Ci9DQUlRQUNvZENodHljRjlvT210NmFWSlVkSGhMVkRnM1pWcFZlV2x1UkhoeVozYxAB,OSM_node_7189828683,5,"Nhiều đồ quan trọng, miễn phí tham quan.",8 tháng trước,,Google Maps,2026-08-29T07:10:40+00:00
google_maps_ChdDSUhNMG9nS0VJQ0FnSUNKMnNQSXlRRRAB,OSM_node_7189828683,5,"Ngay gần nhà nên hầu như lần nào về mình và trẻ con cũng ghé qua để chơi, có hiện vật xe tăng và máy bay cũng đủ để trẻ con tha thẩn. Phía trong bảo tàng thì lâu lắm không vào rồi.",3 năm trước,,Google Maps,2026-08-29T07:10:40+00:00
google_maps_Ci9DQUlRQUNvZENodHljRjlvT2w5dlpWVlFWbWxuV0hCb1pqVjZiRUp2UlU5YU5IYxAB,OSM_node_7189828683,5,Kế bên agribank CN Phú Thọ,6 tháng trước,,Google Maps,2026-08-29T07:10:40+00:00
google_maps_ChdDSUhNMG9nS0VJQ0FnSUN0eUpPQm5nRRAB,OSM_node_7189828683,5,"Hiện vật Phùng Nguyên và Gò Mun hấp dẫn. Đề nghị Bảo tàng trưng bày Nha Chương gốc, ai lại làm giả trưng bày",2 năm trước,,Google Maps,2026-08-29T07:10:40+00:00
google_maps_ChZDSUhNMG9nS0VJQ0FnSUR1d29Ec1NnEAE,OSM_node_7189828683,4,Bảo tàng Hùng Vương đẹp nhưng chẳng có ai xem cả ngoài ba người nhà mình,4 năm trước,,Google Maps,2026-08-29T07:10:40+00:00
google_maps_Ci9DQUlRQUNvZENodHljRjlvT201Q2RYbFRXWEUxWXpoR2VrSlVhM0ptTmtoU2JHYxAB,OSM_node_7189828683,5,"Lần đầu mình đến Hùng Vương Museum ở Việt Trì, ấn tượng đầu tiên là không gian cực kỳ thoáng đãng và trưng bày rất có trật tự. Bộ sưu tập hiện vật tại đây khá phong phú, giúp mình hình dung rõ hơn về lịch sử thời Hùng Vương. Nhân viên thì thân thiện, sẵn sàng giải đáp mọi thắc mắc. Tuy nhiên, một số biển chú thích hơi mờ, khó đọc ở khoảng cách xa. Không gian có chút cũ kĩ nhưng lại mang nét cổ kính độc đáo. Dù vậy, mình thấy đây là một điểm đến lý thú cho những ai yêu thích lịch sử Việt Nam.",8 tháng trước,,Google Maps,2026-08-29T07:10:40+00:00
google_maps_ChdDSUhNMG9nS0VJQ0FnSUNWbUlYZWt3RRAB,OSM_node_7189828683,4,Việc bảo tàng trưng bày các khí tài chủ lực của quân đội ta thời chiến tranh chống Mỹ rất bổ ích và ý nghĩa cho việc nhắc nhớ lịch sử và giáo dục lòng yêu nước cho các thế hệ mai sau.,2 năm trước,,Google Maps,2026-08-29T07:10:40+00:00
google_maps_Ci9DQUlRQUNvZENodHljRjlvT2xOT2VHbHRaMVJ1YVRRemVWZDRNSEJGVldsTmMxRRAB,OSM_node_7189828683,5,Vua Hùng có công dụng nước bác Cháu ta cùng nhau giữ nước Trải qua hơn bốn nghìn năm dựng nước và giữ nước cho nên Bảo tàng vua Hùng Đại diện cho linh hồn của người Việt Nam …,10 tháng trước,,Google Maps,2026-08-29T07:10:40+00:00
google_maps_Ci9DQUlRQUNvZENodHljRjlvT2pGVGIwbGxSbkl4WHpGTk5GWkdXbVUxT1VaS2IwRRAB,OSM_node_7189828683,5,"Khi ghé thăm Bảo tàng Hùng Vương, tôi chắc chắn đã có một trải nghiệm khá đặc biệt. Ngay từ lúc bước vào, kiến trúc của bảo tàng đã gây ấn tượng mạnh với tôi. Thoạt nhìn, bạn có thể thấy sự kết hợp hài hòa giữa nét hiện đại và truyền thống, một điều ít nơi nào làm được. Bảo tàng trưng bày nhiều hiện vật quý giá từ các thời kỳ lịch sử khác nhau của dân tộc Việt Nam, đặc biệt là thời đại các vua Hùng. Những hiện vật được sắp xếp một cách hợp lý và rõ ràng, khiến ngay cả những người không chuyên về lịch sử như tôi cũng có thể nắm bắt. Các bảng thông tin đều được trình bày dễ hiểu, không quá khô khan. Thử thách một chút cho người mắt kém là ánh sáng hơi yếu ở một số khu vực, nhưng bù lại, không gian yên tĩnh và mát mẻ giúp tôi có thể thả lỏng tâm trí. Điều đáng nói, đội ngũ nhân viên ở đây rất nhiệt tình và thân thiện. Họ sẵn lòng giải đáp mọi thắc mắc và cung cấp thêm thông tin khi cần. Sau khi tham quan, một quán cà phê nhỏ bên trong mang lại cơ hội thư giãn, uống một ly trà xanh và ngẫm nghĩ về chặng đường lịch sử mà tôi vừa trải qua. Tôi thấy tiếc là không có nhiều hoạt động tương tác để trẻ em có thể tham gia, nhưng xét trên tổng thể, bảo tàng đã làm tốt vai trò của mình trong việc gìn giữ và truyền tải văn hóa, lịch sử. Nếu bạn ghé qua Việt Trì, đây chắc chắn là một điểm đến đáng để cân nhắc.",10 tháng trước,,Google Maps,2026-08-29T07:10:40+00:00
google_maps_Ci9DQUlRQUNvZENodHljRjlvT2w5T1JGRmtXamhvTWxObk9VSm9WSE50VVcxTUxVRRAB,OSM_node_7189828683,5,"Ừm nói sao nhỉ, hiện vật ít nhưng đa dạng, có xe tăng và 2 máy bay to đùng ôi chao, k nghĩ to thế. Phần nhiều tập trung vào hiện vật chiến tranh chống Pháp Mỹ là đáng xem, còn mấy đồ từ thời hồng hoang thì k hấp dẫn lắm do đơn điệu.",9 tháng trước,,Google Maps,2026-08-29T07:10:40+00:00
google_maps_ChdDSUhNMG9nS0VJQ0FnSUQ3NTdIdDZ3RRAB,OSM_node_7189828683,4,Bảo tàng lịch sử đền Hùng gần trung tâm hồ Văn Lang. Truyền thống của đất tổ vua Hùng,một năm trước,,Google Maps,2026-08-29T07:10:40+00:00
google_maps_Ci9DQUlRQUNvZENodHljRjlvT2s5U1JqQkRTMnN0YjJ4UlRXZEtSalpUU0VZeVZIYxAB,OSM_node_7189828683,5,Du lịch Phú Thọ nên đến địa điểm này,11 tháng trước,,Google Maps,2026-08-29T07:10:40+00:00
google_maps_ChZDSUhNMG9nS0VJQ0FnTURJcElfdEp3EAE,OSM_node_7189828683,5,Một điểm đến thú vị để tìm hiểu về lịch sử và cội nguồn dân tộc,một năm trước,,Google Maps,2026-08-29T07:10:40+00:00
google_maps_ChdDSUhNMG9nS0VQQ1c1Tkc3Nk5HMXVBRRAB,OSM_node_7189828683,5,"Không gian rộng , thoáng mát kết hợp cafe",một năm trước,,Google Maps,2026-08-29T07:10:40+00:00
google_maps_Ci9DQUlRQUNvZENodHljRjlvT25kWFgycFpWbUYxY25KRFQxSkRUVUUzYTJwTU0xRRAB,OSM_node_7189828683,5,"Bảo tàng nhiều hiện vật, di chỉ,.. thể hiện rõ nét về "" Cội nguồn dân tộc Việt"" và sự biến chuyển, tiến hóa trong dòng chảy lịch sử thời gian của nhân loại!",một năm trước,,Google Maps,2026-08-29T07:10:40+00:00
google_maps_Ci9DQUlRQUNvZENodHljRjlvT2poWFZrWnVjRFZYYXpKT1dqaG1UVEI2TldKUU1YYxAB,OSM_node_7189828683,5,Rất đáng để đi,một tháng trước,,Google Maps,2026-08-29T07:10:40+00:00
google_maps_ChZDSUhNMG9nS0VJQ0FnSURqN1Bud0xREAE,OSM_node_7189828683,5,"Nằm trên đường Trần Phú, bên bờ hồ công viên Văn Lang – trung tâm của thành phố Việt Trì - Bảo tàng Hùng Vương được ví như một “cuốn sử bằng hiện vật” thu hút đông đảo du khách thập phương đến tham quan, tìm hiểu và khám phá các giá trị …",2 năm trước,,Google Maps,2026-08-29T07:10:40+00:00
google_maps_ChZDSUhNMG9nS0VJQ0FnSUNUdS0yOFlBEAE,OSM_node_7189828683,5,"Bảo tàng Hùng Vương là điểm đến tuyệt vời để khám phá lịch sử và văn hóa Việt Nam thời kỳ Hùng Vương. Với không gian trưng bày hiện đại và bộ sưu tập phong phú, bảo tàng mang lại trải nghiệm thú vị và bổ ích. Đội ngũ nhân viên chuyên nghiệp, thân thiện cùng nhiều hoạt động giáo dục và văn hóa đã tạo nên một điểm hẹn văn hóa lý tưởng cho du khách. Một chuyến thăm bảo tàng Hùng Vương sẽ mang lại nhiều kiến thức và kỷ niệm đáng nhớ.",2 năm trước,,Google Maps,2026-08-29T07:10:40+00:00
google_maps_ChZDSUhNMG9nS0VJQ0FnSUQwNEktYUZnEAE,OSM_node_7189828683,5,Hội chợ sinh vật cảnh tỉnh phú thọ 2019,6 năm trước,,Google Maps,2026-08-29T07:10:40+00:00
google_maps_ChZDSUhNMG9nS0VJQ0FnSURPdDZMQ1lREAE,OSM_node_7189828683,3,"Bảo tàng có vị trí đẹp, xây to lớn hoàng tráng và miễn phí. Nhưng bên trong chán đừng hỏi. Xem 5 phút rồi đi ra. Cần được trưng bày sáng tạo và đẹp mắt hơn. Xem xong chả hiểu biết thêm được cái quái gì về lịch sử.",4 năm trước,,Google Maps,2026-08-29T07:10:40+00:00
google_maps_ChZDSUhNMG9nS0VQWHMxYjNpM3FpYWZ3EAE,OSM_node_7189828683,5,"Không gian thoáng mát,",một năm trước,,Google Maps,2026-08-29T07:10:40+00:00
google_maps_ChdDSUhNMG9nS0VJQ0FnSUNlb0xPMm5nRRAB,OSM_node_7189828683,5,"Địa điểm thú vị với nhiều hiện vật giá trị, đặc biệt là bộ di cốt người Việt cổ. Miễn phí tham quan, miễn phí hướng dẫn.",3 năm trước,,Google Maps,2026-08-29T07:10:40+00:00
google_maps_ChdDSUhNMG9nS0VJQ0FnSUQzajVURXRnRRAB,OSM_node_7189828683,5,Trung tâm lưu giữ văn hoá của tỉnh Phú Thọ và vùng núi trung du Bắc bộ và dân tộc Việt,Thời gian chỉnh sửa: một năm trước,,Google Maps,2026-08-29T07:10:40+00:00
google_maps_ChdDSUhNMG9nS0VJQ0FnSURPbWNDNTJ3RRAB,OSM_node_7189828683,5,"Rất thú vị, đến bảo tàng để biết đến cội nguồn của dân tộc. Nhưng vắng vẻ quá. Sáng thứ 7 mà chỉ có 1 mình mình luôn.",4 năm trước,,Google Maps,2026-08-29T07:10:40+00:00
google_maps_Ci9DQUlRQUNvZENodHljRjlvT21sd1RtcEtTekpvVmkxMGRqSXpVWEI0TVZkd2FYYxAB,OSM_node_7189828683,5,Museum Hùng Vương,11 tháng trước,,Google Maps,2026-08-29T07:10:40+00:00
google_maps_ChdDSUhNMG9nS0VJQ0FnSURWMzRHdTdBRRAB,OSM_node_7189828683,5,"Trưng bày rất đẹp mắt , cẩn thận ,sạch sẽ thể hiện sự tôn trọng những kỉ vật của ông cha ta để lại ạ",2 năm trước,,Google Maps,2026-08-29T07:10:40+00:00
google_maps_ChdDSUhNMG9nS0VJQ0FnSUNPczVlR3N3RRAB,OSM_node_7189828683,3,"Có 2 tầng trưng bày, khái quát về Phú Thọ, nền văn hoá, các dân tộc sinh sống, đặc sản, công cuộc kháng chiến. Nên cho trẻ thăm quan và tìm hiểu.",4 năm trước,,Google Maps,2026-08-29T07:10:40+00:00
google_maps_ChZDSUhNMG9nS0VJQ0FnSUNtdG9md01nEAE,OSM_node_7189828683,3,Nơi lưu giữ và bảo quản các hiện vật từ việc khai quật từ quần thể di tích Đền Hùng - Phú Thọ.,Thời gian chỉnh sửa: một năm trước,,Google Maps,2026-08-29T07:10:40+00:00
google_maps_ChZDSUhNMG9nS0VJQ0FnSUNBZ0lhWE1REAE,OSM_node_7189828683,3,"Bảo tàng trưng bày hiện vật về quá trình hình thành phát triển của tỉnh Phú Thọ theo chiều dài lịch sử, từ sơ sử đến hiện đại, đặc biệt nhấn mạnh về thời kỳ các vua Hùng dựng nước Văn Lang với những hiện vật sưu tầm về các nền văn hóa thời kỳ đó.",7 năm trước,,Google Maps,2026-08-29T07:10:40+00:00
google_maps_ChZDSUhNMG9nS0VJQ0FnSUNRel8tZ2ZREAE,OSM_node_7189828683,5,Tọa lạc tại trung tâm thành phố lễ hội về với Cội Nguồn dân tộc. Thành phố Việt Trì tỉnh Phú Thọ. Bảo tàng Hùng Vương là nơi trưng bày những cổ vật về một thời văn hóa xưa kia ở nhà nước Văn Lang xưa kia,10 năm trước,,Google Maps,2026-08-29T07:10:40+00:00
google_maps_ChdDSUhNMG9nS0VJQ0FnSUNnanNPODJRRRAB,OSM_node_7189828683,1,Nhiều bảo tàng di tích lịch sử thời hùng vương và bảo tàng các cuộc kháng chiến giữ nước của dân tộc,Thời gian chỉnh sửa: 8 năm trước,,Google Maps,2026-08-29T07:10:40+00:00
google_maps_ChdDSUhNMG9nS0VJQ0FnSURZNy1MZ3pRRRAB,OSM_node_7189828683,5,"Ok, còn giữ rất nhiều đồ cổ thời Hùng Vương, mọi người nên đến và đưa con e đến để tìm hiểu về cội nguồn của dân tộc!",7 năm trước,,Google Maps,2026-08-29T07:10:40+00:00
google_maps_ChZDSUhNMG9nS0VJQ0FnSUNBalBLaUdBEAE,OSM_node_7189828683,5,Là nơi trưng bày và lưu giữ những kỷ vật. Cũng là nơi giao lưu của nhũng người yêu thích sinh vật cảnh trong và ngoài tỉnh Phú Thọ.,8 năm trước,,Google Maps,2026-08-29T07:10:40+00:00
google_maps_ChZDSUhNMG9nS0VJQ0FnSUNVdmJ1Q1d3EAE,OSM_node_7189828683,3,"Bảo tàng ít hiện vật, được cái uống bia hay cafe có chỗ để xe rộng!",7 năm trước,,Google Maps,2026-08-29T07:10:40+00:00
google_maps_ChZDSUhNMG9nS0VJQ0FnSURlNEttUkdBEAE,OSM_node_7189828683,3,"Rộng rãi, nhưng không nhiều hiện vật có giá trị về lịch sử liên quan đến vùng đất.",3 năm trước,,Google Maps,2026-08-29T07:10:40+00:00
google_maps_ChZDSUhNMG9nS0VJQ0FnSURZaDluTWJnEAE,OSM_node_7189828683,5,"Bảo tàng khá rộng, không gian tham quan rộng rãi, mát mẻ. Good place for you in Phú Thọ.",7 năm trước,,Google Maps,2026-08-29T07:10:40+00:00
google_maps_ChZDSUhNMG9nS0VJQ0FnSUMtNUltX1lBEAE,OSM_node_7189828683,4,Vắng như chùa bà đanh . Có vẻ không tiếp cận được giới trẻ,3 năm trước,,Google Maps,2026-08-29T07:10:40+00:00
google_maps_ChZDSUhNMG9nS0VJQ0FnTUNZaXBqVUhnEAE,OSM_node_7189828683,5,"Địa điểm chekin khi đến Việt Trì, Phú Thọ.",một năm trước,,Google Maps,2026-08-29T07:10:40+00:00
google_maps_ChdDSUhNMG9nS0VJQ0FnSURINWR5YTJ3RRAB,OSM_node_7189828683,5,"nằm cạnh công viên Văn Lang , rộng, đẹp",một năm trước,,Google Maps,2026-08-29T07:10:40+00:00
google_maps_ChdDSUhNMG9nS0VJQ0FnSUNVOEwyYjVBRRAB,OSM_node_7189828683,4,Nên mở cửa thường xuyên cho người dân địa phương thăm quan nhiều hơn nữa,7 năm trước,,Google Maps,2026-08-29T07:10:40+00:00
google_maps_ChZDSUhNMG9nS0VJQ0FnSUNRMmNMN2RREAE,OSM_node_7189828683,3,"Nơi lưu giữ những kỷ vật vô giá của Dân tộc VN, nơi giao lưu của những người yêu thích sinh vật cảnh",8 năm trước,,Google Maps,2026-08-29T07:10:40+00:00
google_maps_ChZDSUhNMG9nS0VJQ0FnSUNienBfdllnEAE,OSM_node_7189828683,1,Quán cafe mát mẻ,2 năm trước,,Google Maps,2026-08-29T07:10:40+00:00
google_maps_ChdDSUhNMG9nS0VJQ0FnSURBMlBPNWlnRRAB,OSM_node_7189828683,3,"Hơi chán vì cssch trưng bày vẫn theo phong cách nhà nước, cũ kỹ.",7 năm trước,,Google Maps,2026-08-29T07:10:40+00:00
google_maps_Ci9DQUlRQUNvZENodHljRjlvT25WelYzWkNlbWhIYURCaVdFRXphbFppYkZBdFZXYxAB,OSM_node_8318010619,4,"Giữa Thủ Đô ồn ào, náo nhiệt mà có 1 không gian ngập tràn hoa, khu vui chơi, cafe...đậm chất sáng tạo, đầu tư công phu, view 1 bên là Hồ Tây, 1 bên là Thung lũng hoa ngút ngàn...thật xứng đáng để đến & thư giãn. Bạn đi cặp đôi, 1 mình, gia đình hay theo team lớn nhỏ đều phù hợp vì không gian rất lớn, đẹp & nhiều phân khu khác nhau. Điểm trừ rất lớn là WC không được làm sạch thường xuyên, hiện tường mùi, giấy vứt ngổn ngang, hết giấy & mùi xú uế...là lý do khiến mình ít quay lại, dù rất thích địa điểm này. Boss mà quản trị tốt hơn, sát sao hơn khu WC, chắc chắn trải nghiệm khách hàng sẽ 10/10",5 tháng trước,,Google Maps,2026-08-29T07:12:15+00:00
google_maps_Ci9DQUlRQUNvZENodHljRjlvT2xCMlFscGtUREpCYUVkS09HUk5hVWczUkhwRVZXYxAB,OSM_node_8318010619,5,"Quán rộng rãi, mát, view hồ Có màn hình xem đá bóng ngon luôn Quán này là eny rủ đi mới biết. Chỗ đỗ xe máy thênh thang, ô tô thì chưa rõ",2 tháng trước,,Google Maps,2026-08-29T07:12:15+00:00
google_maps_Ci9DQUlRQUNvZENodHljRjlvT25odVVsZG5kSEZSU2poYU5HRmFOMXAxUm1aTlMzYxAB,OSM_node_8318010619,3,"Giá vé đồ uống cao, bàn ghế ngoài trời mục cũ, hoa tan tác, không có hoa mới, khu chơi trẻ em cũng không bơm, đồ uống không ngon, nhiều muỗi",4 tuần trước,,Google Maps,2026-08-29T07:12:15+00:00
google_maps_Ci9DQUlRQUNvZENodHljRjlvT20xUWFVbFJPVkJyY1ZVeVRISmtUMHAwTUZjMVdXYxAB,OSM_node_8318010619,5,"Thung Lũng Hoa Hồ Tây là một địa điểm chụp ảnh và tham quan khá quen thuộc với nhiều người khi muốn tìm một không gian nhiều hoa ngay trong nội thành Hà Nội. Ưu điểm là khuôn viên rộng, trồng nhiều loại hoa theo mùa nên mỗi thời điểm lại có …",5 tháng trước,,Google Maps,2026-08-29T07:12:15+00:00
google_maps_Ci9DQUlRQUNvZENodHljRjlvT21GWVR6ZGFUVXBIWnpabFNFVnZWVEJ5VTBRM1ZFRRAB,OSM_node_8318010619,4,"Thung lũng hoa Hồ Tây (ngã 3 Nhật Chiêu, Tây Hồ, Hà Nội) là ""vườn địa đàng"" rộng hơn 7000m2 giữa lòng Thủ đô, nổi tiếng với hàng trăm loài hoa khoe sắc bốn mùa. Đây là điểm check-in, cắm trại và chụp ảnh cưới lý tưởng với không gian lãng mạn, hương thơm dịu nhẹ và khung cảnh thơ mộng.",3 tháng trước,,Google Maps,2026-08-29T07:12:15+00:00
google_maps_Ci9DQUlRQUNvZENodHljRjlvT2xsNVpuaFlUWGd5WW5wTFNFbHdhbkpxVHpkYWRVRRAB,OSM_node_8318010619,4,"Chỉ nói riêng về khu vui chơi, thì khu vui chơi này chưa được đa dạng lắm. Khu vực chỉ hợp cho những phụ huynh muốn chill có con nhỏ đòi đi chơi thôi, còn thanh thiếu niên muốn chơi thì sẽ cảm thấy hơi chán.",6 tháng trước,,Google Maps,2026-08-29T07:12:15+00:00
google_maps_Ci9DQUlRQUNvZENodHljRjlvT21seVNqVktiVWhQWVZWb1FqWlFRelV4Wm5kdVozYxAB,OSM_node_8318010619,4,"Có nhiều lối vào nên muốn đi đâu hỏi rõ chú bảo vệ. Nhưng lúc mình hỏi chú thì chú bảo đi vào thung lũng hoa làm gì=))))? Xong phải vòng sang cổng cafe để gửi. Gửi xe miễn phí. Giá đồ uống ở đây khá chát, tbinh 65-70k, k quá đặc biệt. Trong tuần siêu vắng. Bãi cỏ có khu bàn+ ghế lười khá chill ngay cạnh thung lũng hoa. Còn những khu khác trên tiktok review như vườn hoa ánh sáng hay khu tuyết chưa có cơ hội trải nghiệm.",4 tháng trước,,Google Maps,2026-08-29T07:12:15+00:00
google_maps_Ci9DQUlRQUNvZENodHljRjlvT2xKUWVXZGhORkJFU2tnMVdFdHdTM2xoY25BNVlWRRAB,OSM_node_8318010619,2,"Không gian ok, chỗ xem đá bóng lý tưởng tuyệt vời, mình đã xem đá bóng ở đây nhiều lần, nào thì thu vé 100k gồm nước xem bóng đá việt nam. Giờ còn thu thêm 10k gửi xe, phụ phí sau 23h thì ok nhưng lợi dụng thời điểm wc để thu thêm phí gửi xe thì không đồng tình",một tháng trước,,Google Maps,2026-08-29T07:12:15+00:00
google_maps_Ci9DQUlRQUNvZENodHljRjlvT2tseFQyaFhkMWd6WmtKaFkzVnFkVEE0UkZKaFowRRAB,OSM_node_8318010619,4,"Giá vé cũng tạm được để vào chụp ảnh, 70k, khu thung lũng khá đẹp cho các chị em chụp ảnh, cạnh đấy có khu vui chơi cho trẻ em",6 tháng trước,,Google Maps,2026-08-29T07:12:15+00:00
google_maps_Ci9DQUlRQUNvZENodHljRjlvT2tSbmJrOWFRMUZoVkdodlJqUm1iblI0VUZabWRXYxAB,OSM_node_8318010619,5,"Đồ ăn tươi ngon, tuy nhiên giá khá cao (như kiểu đang đi du lịch HN vậy 😜), view thoáng mát, rộng rãi, nhưng nghe bảo sắp thu hồi rồi không biết thế nào.",một tháng trước,,Google Maps,2026-08-29T07:12:15+00:00
google_maps_Ci9DQUlRQUNvZENodHljRjlvT214eVRFNVNZemR6VlZGbmNXeFFSSFZPU0RKMVVGRRAB,OSM_node_8318010619,4,"70k/vé vào thung lũng hoa chụp ảnh (miễn phí gửi xe) Nhà vệ sinh khá sạch, có chỗ cho thuê trang phục, makeup chụp ảnh, có chỗ và quạt ngồi cho khách ngồi nghỉ. …",4 tháng trước,,Google Maps,2026-08-29T07:12:15+00:00
google_maps_Ci9DQUlRQUNvZENodHljRjlvT25kNVNraE9ObFJPVkV0RlYxTXhYMnRuWmt4cE5rRRAB,OSM_node_8318010619,3,"Không được hoành tráng như trên mạng quảng bá,nhà tuyết thì dừng hoạt động rồi,hiện khu vui chơi thì đang tu sửa...",một tháng trước,,Google Maps,2026-08-29T07:12:15+00:00
google_maps_Ci9DQUlRQUNvZENodHljRjlvT25KeVYwSnFRa0YzU0dwa1NtTTFRWE5OTUV4M1YwRRAB,OSM_node_8318010619,4,"Khu vui chơi cafe cuối tuần thích hợp với gia đình và trẻ nhỏ, nhiều tiện ích, giá cả hợp lý. Mùa này còn ít hoa nhưng bù lại vắng vẻ. Ko phải đợi lâu. Rất đáng thăm một lần",9 tháng trước,,Google Maps,2026-08-29T07:12:15+00:00
google_maps_Ci9DQUlRQUNvZENodHljRjlvT2xOb2JGZHVMVXR4VWtFNE5XUnFSM1ZGZVdzeGJuYxAB,OSM_node_8318010619,4,"Không gian cũng khá rộng , đa dạng hoa nhưng phía cuối vườn mình đi buổi sáng ướt đất cát dính như bùn bẩn hết giày dép",4 tháng trước,,Google Maps,2026-08-29T07:12:15+00:00
google_maps_Ci9DQUlRQUNvZENodHljRjlvT2tkaU5uUmxjblZCUmtGblJtWXpWRzg0UjJacE0yYxAB,OSM_node_8318010619,1,"Đi cùng cả nhà dịp lễ, khác xa kỳ vọng của mình. Ngoài vấn đề đông người không nói, cái quan trọng nhất là giá quá chát và không tương xứng với dịch vụ …",6 tháng trước,,Google Maps,2026-08-29T07:12:15+00:00
google_maps_Ci9DQUlRQUNvZENodHljRjlvT2tVdGRURlRVVWxGWjJGRWVuQnhVWFpYUVZVdFMyYxAB,OSM_node_8318010619,5,"- West Lake Flower Valley has a large area and a refreshing space, along with very reasonable beverage service in terms of both quality and price. The fresh air makes it suitable for light relaxation, admiring the multi-colored trees and flowers. ⭐️ - Thung lũng Hoa Hồ Tây có diện tích lớn, không gian mát mẻ, cùng với dịch vụ đồ uống được phục vụ rất hợp lí cả về chất lượng và giá cả. Không khí trong lành nên phù hợp để thư giãn nhẹ nhàng, ngắm nhìn cảnh cây và hoa đa sắc màu ⭐️",9 tháng trước,,Google Maps,2026-08-29T07:12:15+00:00
google_maps_Ci9DQUlRQUNvZENodHljRjlvT2sxM09ITkdjV1UxYWxSVFEzQldha05HWVc5Q1kxRRAB,OSM_node_8318010619,4,"Vé 50k/ chú, rất là hợp lý luôn chơi cả ngày thoải mái. Lại ko giới hạn lượt chạy ra ngoài để nạp pin (ăn uống) bé cũng. Thích mà lớn cũng chơi được luôn",8 tháng trước,,Google Maps,2026-08-29T07:12:15+00:00
google_maps_Ci9DQUlRQUNvZENodHljRjlvT25KRlJrNTJlRXBsTmtWa0xVbDFNVEJJWDBGR1NtYxAB,OSM_node_8318010619,4,"Giờ mở cửa: 07h00 – 22h00 Giá vé: Đối với người lớn 120.000 VNĐ/lượt; Đối với trẻ em, học sinh, sinh viên giá vé là 80.000 VNĐ/lượt; Đối với người già và người khuyết tật sẽ được miễn phí vé vào. Bên cạnh làng hoa Nhật Tân, làng hoa Tây Tựu, làng hoa Ngọc Hà… thung lũng hoa Hồ Tây là một trong những địa điểm nổi tiếng Thủ đô Hà Nội, dành cho những du khách yêu thích hoa và các hoạt động giải trí hấp dẫn tại đây. Thung lũng hoa rộng tới hơn 7.000m2 với khung cảnh thiên nhiên tuyệt đẹp, không khí trong lành nên nếu bạn đang tìm kiếm một địa chỉ vừa chiêm ngưỡng hoa, vừa cắm trại, vừa uống cafe, ăn uống… thì nhất định không được bỏ qua thung lũng hoa tại Hồ Tây.",11 tháng trước,,Google Maps,2026-08-29T07:12:15+00:00
google_maps_ChZDSUhNMG9nS0VPLTNtWk91djVUREVnEAE,OSM_node_8318010619,5,"🌸 THUNG LŨNG HOA HỒ TÂY – Không gian xanh, đồ ăn ngon, thêm bia hơi mát lạnh cho mùa hè! 🌸 ⭐️⭐️⭐️⭐️⭐️ …",một năm trước,,Google Maps,2026-08-29T07:12:15+00:00
google_maps_Ci9DQUlRQUNvZENodHljRjlvT2xZNGMwRTFXRUZEZFV0VlIweEZNa2xPYkZwR2EyYxAB,OSM_node_8318010619,4,"Nó vừa Đà Lạt, vừa Miền Tây, vừa Vũng Tàu bây ơi. Không khí khá chill, mát mẻ, không quá ồn ào. Đặc sản Hồ Tây. Tuy nhiên, nước uống hơi dở nghe là điểm trừ lớn nhất.",5 tháng trước,,Google Maps,2026-08-29T07:12:15+00:00
google_maps_Ci9DQUlRQUNvZENodHljRjlvT2t0NmVDMVVSVXQyUTNoalkyMXFVM3BGZUZBM2RIYxAB,OSM_node_8318010619,1,"Dịch vụ rất tệ, mình có dắt chó vào, chó nhà mình nặng 1,5kg rất bé bà vẫn là chó con rất hiền . Khi mua vé bạn bán vé đã nhìn thấy chó mình nhưng không nói gì cho đến khi vào trong bạn ý nhắc mình 3 lần là bế chó lên vì có nhiều trẻ con, …",6 tháng trước,,Google Maps,2026-08-29T07:12:15+00:00
google_maps_Ci9DQUlRQUNvZENodHljRjlvT2xWTWMxWllTR05RV1d3d1owaFBjRVZMWDJrMFkzYxAB,OSM_node_8318010619,4,"Rộng, đẹp, giá cả hợp lí nhưng quây hàng rào với khu vui chơi trẻ em k hợp lí vì nhiều nhà muốn bố mẹ bên khu này, con cái chơi khu bên kia thì lại bị quây lại, cổng thì quá xa nhau. Nên có cửa thông 2 khu",6 tháng trước,,Google Maps,2026-08-29T07:12:15+00:00
google_maps_Ci9DQUlRQUNvZENodHljRjlvT25GaU16bDBVVUl4UlZRMWVGVnlUbVpqZG5kUlUxRRAB,OSM_node_8318010619,4,"Mình đến lần đầu tiên và rất thích chỗ này, rất chill. Đồ uống thì bình thường nhưng bánh thì lại rất ok, bánh crois và tiramitsu nên thử! Điểm trừ duy nhất là nó đông và chờ mua đồ lâu thành ra chỗ chờ mua đồ nó thành bé",3 tuần trước,,Google Maps,2026-08-29T07:12:15+00:00
google_maps_Ci9DQUlRQUNvZENodHljRjlvT2xWRWNHNVVPVUprYTFFd2MxOU5jR3BuTVZsWWExRRAB,OSM_node_8318010619,1,"Nhân viên order không thân thiện, nước chán, bánh k ngon, view cũng bình thường và nhiều chuột",một tháng trước,,Google Maps,2026-08-29T07:12:15+00:00
google_maps_Ci9DQUlRQUNvZENodHljRjlvT21OQ1RrRXRWSEJUZEhac1oyb3pWM2czWWxSUVZuYxAB,OSM_node_8318010619,5,"Đẹp, nhiều loại hoa. Đỗ ô tô dọc đường",8 tháng trước,,Google Maps,2026-08-29T07:12:15+00:00
google_maps_ChZDSUhNMG9nS0VJQ0FnSUNmazludVdnEAE,OSM_node_8318010619,5,"Thời tiết mát mẻ có chút nắng thì chụp ảnh là best ạ. Vé vào là 100k kèm 1 đồ uống, ko uống thì là vé vào tham quan 70k. Có phục vụ cả ăn uống nữa. Tết dương e vào mà thấy cũng ko đông lắm.",một năm trước,,Google Maps,2026-08-29T07:12:15+00:00
google_maps_Ci9DQUlRQUNvZENodHljRjlvT2pWa1dFcEpWMVJOVm5Nd2JsSklVRVJrT1ZkTFpVRRAB,OSM_node_8318010619,2,"Mình đi giữa tháng 7/2025, đất để ngổn ngang làm mình rất thất vọng. Vật dụng và bàn ghế cũng cũ rồi và không được trùng tu. Có một số góc cũng chụp được tạm nhưng nhìn chung mùa này hoa cũng không nở nhiều. …",một năm trước,,Google Maps,2026-08-29T07:12:15+00:00
google_maps_Ci9DQUlRQUNvZENodHljRjlvT2xSVGVIcDVTMTlDUVY5aGNEaFNTalpOVVVSQ0xVRRAB,OSM_node_8318010619,1,2/10/2025 Đi cả 30p mới sang tới nơi thì thấy mỗi mấy cái chữ đèn led này với cái backdrop nhà hàng kia chứ không hề thấy 1 bông hoa nào luôn nữa là thung lũng hoa. Bên đường còn lại có hồ với chút lá sen tàn. Chán chả muốn nói.,Thời gian chỉnh sửa: 10 tháng trước,,Google Maps,2026-08-29T07:12:15+00:00
google_maps_Ci9DQUlRQUNvZENodHljRjlvT2paZmJFeFVUUzFMU1dwMVlrMDRiVkpQUjNKaWMyYxAB,OSM_node_8318010619,5,"Không gian đẹp, hoa cực đẹp ý",7 tháng trước,,Google Maps,2026-08-29T07:12:15+00:00
google_maps_ChZDSUhNMG9nS0VJQ0FnSURYeUlfZFlBEAE,OSM_node_8318010619,5,"Một điểm đến rất chill dành cho mọi người, khi lên Hồ Tây lộng gió. Qua cửa, bạn gọi nước (với giá chắc kèm vé vào, cho khoảng 50-100k/đồ uống) rồi vào bên trong là không gian vô cùng rộng rãi. Bãi cỏ, cát trắng, ghế lười, đầm sen, vườn hoa, hồ cá Koi…",một năm trước,,Google Maps,2026-08-29T07:12:15+00:00
google_maps_ChdDSUhNMG9nS0VJQ0FnTURneW9mQzVBRRAB,OSM_node_8318010619,4,"Sân khấu ngoài trời nhưng không có mái che. Mưa lạnh như hôm 22 Feb 2025 thì thôi rồi. May ban tổ chức bố trí mấy sưởi đồng, có còn hơn không mặc dù chả ăn thua gì mấy. …",một năm trước,,Google Maps,2026-08-29T07:12:15+00:00
google_maps_Ci9DQUlRQUNvZENodHljRjlvT2xKdU1HMUVUSEZTYjAxMlNFVXdjR3hVWmxKTlUwRRAB,OSM_node_8318010619,5,"Giá vé hợp lý, mình ở đây cả ngày cũng mất có 50k 1ng thôi, nhân viên rất dễ thương hỗ trợ cho khách, hoa rất đẹp và tươi có đa dạng các loại hoa mình thích nhất là khu hoa hướng dương",11 tháng trước,,Google Maps,2026-08-29T07:12:15+00:00
google_maps_ChZDSUhNMG9nS0VJQ0FnTUNZb2R6NlFBEAE,OSM_node_8318010619,4,"Vé + nước 100- 120k/ người Nắng to, nhiều người chụp hình ở đây Hoa cũng nhiều, nhưng hơi bé, đi 1 vòng là hết cái xem rùi.",một năm trước,,Google Maps,2026-08-29T07:12:15+00:00
google_maps_Ci9DQUlRQUNvZENodHljRjlvT204MFVXWmlWelEwY0VWeFRUWTBaRTFEWWpsc1RVRRAB,OSM_node_8318010619,4,"Đồ uống tạm ổn, decor đẹp, view đẹp, thích hợp ngồi chơi vào buổi đêm.",6 tháng trước,,Google Maps,2026-08-29T07:12:15+00:00
google_maps_Ci9DQUlRQUNvZENodHljRjlvT2s0eVluUmhkR2xFYUV4VmMyTlZhVGd3VUcxc05WRRAB,OSM_node_8318010619,5,"Lãng Bạc, theo ""Tây Hồ chí"", thì sau khi dập tắt cuộc khởi nghĩa bi hùng của Hai Bà Trưng, Tướng quân Mã Viện - tướng thứ ba của nhà Hán - đã gọi hồ Tây là Lãng Bạc với ý nghĩa hồ đầy sóng vỗ. Một viên tướng là Bình Lạc hầu Hàn Vũ đã chết ở đây. Tên gọi này thể hiện ý nghĩa rõ nhất vào những ngày giông bão, mặt hồ rộng, sóng nước nổi lên ầm ầm, tạo ra một cảnh hồ hùng tráng và nên thơ.",một năm trước,,Google Maps,2026-08-29T07:12:15+00:00
google_maps_Ci9DQUlRQUNvZENodHljRjlvT2pGSFdIVlZWMm81Y0hNeGVWa3RkWEZFUWtST2NYYxAB,OSM_node_8318010619,5,"không gian rộng rãi, nước bình thường, chủ yếu view đẹp, vào chơi cho cá ăn cá vui nha 😄 …",6 tháng trước,,Google Maps,2026-08-29T07:12:15+00:00
google_maps_ChdDSUhNMG9nS0VJQ0FnSUMzaHY2ZTN3RRAB,OSM_node_8318010619,3,"Nằm ở phía Tây Bắc Hồ Tây, cách đường Lạc Long Quân có trăm mét mà Otto 29c đỗ ngay ở cổng. Một không gian thoáng rộng giữa thủ đô có nhiều góc cho anh em nhóm đoàn làm sự kiện nhỏ. Nhiều tiểu cảnh luống hoa góc chill cho người trẻ, người …",một năm trước,,Google Maps,2026-08-29T07:12:15+00:00
google_maps_ChdDSUhNMG9nS0VJQ0FnSURqM09pRXd3RRAB,OSM_node_8318010619,4,"Hoa đẹp, không gian rộng rãi chill chill, có chỗ nghịch cát cho trẻ em. Hợp thu đông hơn, mùa hè thì chắc phải buổi tối chứ ban ngày thì nóng lắm, vì không gian ngoài trời Vé vào cửa kèm đồ uống bất kì là 100k/ người.",2 năm trước,,Google Maps,2026-08-29T07:12:15+00:00
google_maps_Ci9DQUlRQUNvZENodHljRjlvT21FeFlXSlpSVU55UldwMGQxWlFRWEZsVkVWVFJHYxAB,OSM_node_8318010619,5,Dễ thương. Tháng 9 đi thì hoa hơi ít vì đang cải tạo. Nhân viên quầy nước cổng 3 thân thiện nhiệt tình. Bể cả ko trong có thể do cá nó thích thế ^^,11 tháng trước,,Google Maps,2026-08-29T07:12:15+00:00
google_maps_Ci9DQUlRQUNvZENodHljRjlvT2pWU01IaFVjVjl6UzBveVJGQnJMV1ptZURZNE0wRRAB,OSM_node_8318010619,5,"Không gian rộng, thoải mái. Hoa nở rất nhiều và đẹp.",7 tháng trước,,Google Maps,2026-08-29T07:12:15+00:00
google_maps_Ci9DQUlRQUNvZENodHljRjlvT21ObWJ6VjBMUzFSTFc0NVMxTXRaRTB6ZVVWbVdYYxAB,OSM_node_8318010619,1,"Please report this place. They dump all of their trash into the lake and use the road as their construction site. I live behind this location and the road is always dirty, dusty and smelly. No one can walk on that road anymore and they are inconveniencing people who have lived there for a long time. Vui lòng báo cáo nơi này. Họ đổ hết rác xuống hồ và dùng đường làm công trường xây dựng. Tôi sống phía sau khu vực này và con đường luôn bẩn thỉu, bụi bặm và hôi thối. Không ai có thể đi lại trên con đường đó nữa và họ đang gây bất tiện cho những người đã sống ở đó lâu năm.",9 tháng trước,,Google Maps,2026-08-29T07:12:15+00:00
google_maps_Ci9DQUlRQUNvZENodHljRjlvT2w5dVVVMXFNVWt4ZDA5bGMxaGhZWFo1WmxWTWFGRRAB,OSM_node_8318010619,3,"Thung lũng hoa Hồ Tây địa chỉ ở ngã ba Nhật Chiêu, quận Tây Hồ, thành phố Hà Nội. Địa điểm này cách công viên nước Hồ Tây khoảng 600m. Sở hữu diện tích lên đến hơn 5ha cùng nhiều loài hoa tuyệt đẹp, nơi đây được ví như “vườn địa đàng” giữa …",một năm trước,,Google Maps,2026-08-29T07:12:15+00:00
google_maps_ChdDSUhNMG9nS0VJQ0FnSUNqOU5UUGd3RRAB,OSM_node_8318010619,5,"Giá vé: 70k hoặc 100k (dc chọn 1 đồ uống bất kỳ) Trẻ em dưới 1m được miễn phí vé vào cửa. Mỗi lần mình ghé qua Thung Lũng Hoa lại là một trải nghiệm mới. Cơ sở vật chất và không gian ở đây liên tục được nâng cấp, hoàn thiện. Khung cảnh thiên tuyệt đẹp, không khí trong lành nên nếu bạn đang tìm kiếm một địa chỉ vừa chiêm ngưỡng hoa, vừa cắm trại, vừa uống cafe, ăn uống… thì nhất định không được bỏ qua thung lũng hoa tại Hồ Tây.",2 năm trước,,Google Maps,2026-08-29T07:12:15+00:00
google_maps_Ci9DQUlRQUNvZENodHljRjlvT2tReVlrdExjbUppU1MxQ1FXazRObWxZVW5aQlYzYxAB,OSM_node_8318010619,5,"Thung lũng hoa Hồ Tây là một trong những địa điểm check-in, dã ngoại nổi tiếng ở Hà Nội, đặc biệt hấp dẫn với các bạn trẻ và gia đình. Không gian ở đây rộng lớn, được trồng rất nhiều loài hoa theo mùa như cúc, hướng dương, thạch thảo, đào …",11 tháng trước,,Google Maps,2026-08-29T07:12:15+00:00
google_maps_Ci9DQUlRQUNvZENodHljRjlvT2xCVmVFdFFhVEpTYzBKRFRVNTFTelExVkU1SFJHYxAB,OSM_node_8318010619,4,"Hơi nhạt nhẽo, chủ yếu là hoa giả + đèn led",6 tháng trước,,Google Maps,2026-08-29T07:12:15+00:00
google_maps_ChdDSUhNMG9nS0VJQ0FnSUQzLWVESTdRRRAB,OSM_node_8318010619,5,"Thung lũng hoa Tây Hồ là địa điểm lý tưởng để tận hưởng không gian ngập tràn sắc hoa bên bờ Hồ Tây. Nơi đây quy tụ nhiều loài hoa rực rỡ, đặc biệt đẹp vào mùa xuân và dịp lễ hội. …",một năm trước,,Google Maps,2026-08-29T07:12:15+00:00
google_maps_ChZDSUhNMG9nS0VJQ0FnSUNfdXJpQ0hBEAE,OSM_node_8318010619,5,"Thung lũng đẹp và chill, nhà hàng bên cạnh có nhiều ghế ngồi để ngồi ngắm hoa, phù hợp với chị em chụp ảnh",một năm trước,,Google Maps,2026-08-29T07:12:15+00:00
google_maps_ChZDSUhNMG9nS0VJQ0FnSUN5N3RIUlRBEAE,OSM_node_8318010619,4,"Giá vé 120k người lớn 80k trẻ em. Vào chụp ảnh bét nhè. Vườn hoa rộng đang trồng thêm, làm thêm các khu mới xung quanh. Có thể kết hợp tham quan picnic ăn uống, có khu cho thuê áo dài trang điểm. Khu hồ nước hơi nhỏ, nước đục hơi có mùi. Nhiều góc chụp ảnh khá đẹp",5 năm trước,,Google Maps,2026-08-29T07:12:15+00:00
google_maps_ChdDSUhNMG9nS0VJQ0FnSURmeTZ6aGx3RRAB,OSM_node_8318010619,5,"Hoa đây rất đẹp và rực rỡ.. Không gian trang trí đẹp, giá vé 100k gồm 1 ly nước vào chụp ảnh",một năm trước,,Google Maps,2026-08-29T07:12:15+00:00
google_maps_Ci9DQUlRQUNvZENodHljRjlvT2pob1UwbDRTbFl4VDJZNVRHcERlbTkwVEdvNFlWRRAB,OSM_node_8318010619,5,"Vị trí tuyệt đẹp, phù hợp dã ngoại, cafe, chụp ảnh cuối tuần",8 tháng trước,,Google Maps,2026-08-29T07:12:15+00:00
google_maps_ChZDSUhNMG9nS0VJQ0FnSURBcWNpSlFnEAE,OSM_node_8559636369,4,"Tượng Đức vương Ngô Quyền nằm trong khuôn viên mở rộng của Từ Lương Xâm - là đệ nhất linh từ (còn gọi là Từ Cả) của huyện An Dương (cũ). Năm 1986, từ Lương Xâm được Nhà nước xếp hạng Di tích lịch sử văn hóa cấp quốc gia. Tượng đài được xây dựng hoàn thành năm 2010.",8 năm trước,,Google Maps,2026-08-29T07:13:14+00:00
google_maps_ChZDSUhNMG9nS0VJQ0FnSURnOVl5dVJREAE,OSM_node_8559636369,5,"Lễ hội từ lương xâm được tổ chức vào 16, 17, 18 tháng giêng âm lịch hàng năm",9 năm trước,,Google Maps,2026-08-29T07:13:14+00:00
google_maps_ChdDSUhNMG9nS0VJQ0FnSUNBa3RieThBRRAB,OSM_node_8559636369,5,Một vị anh hùng dân tộc đáng kính của người dân Việt Nam. Tượng rất đẹp và uy nghi.,9 năm trước,,Google Maps,2026-08-29T07:13:14+00:00
google_maps_ChZDSUhNMG9nS0VJQ0FnSUM5bTdiYVZBEAE,OSM_node_8559636369,5,Uy nghiêm và tâm linh,2 năm trước,,Google Maps,2026-08-29T07:13:14+00:00
google_maps_ChdDSUhNMG9nS0VJQ0FnTURRaGIzejBnRRAB,OSM_node_8559636369,5,Rất trang nghiêm đến mà thấy yêu nước,một năm trước,,Google Maps,2026-08-29T07:13:14+00:00
google_maps_ChZDSUhNMG9nS0VJQ0FnSUNKck1DMU9BEAE,OSM_node_8559636369,5,"Rất đẹp, có ý nghĩa lịch sử của dân tộc ta.",Thời gian chỉnh sửa: 2 năm trước,,Google Maps,2026-08-29T07:13:14+00:00
google_maps_ChdDSUhNMG9nS0VJQ0FnSUM4aXEyOF9BRRAB,OSM_node_8559636369,5,"Tượng đài Đức Vương Ngô Quyền ở quận Hải An, TP. Hải Phòng",6 năm trước,,Google Maps,2026-08-29T07:13:14+00:00
google_maps_ChZDSUhNMG9nS0VJQ0FnSUNnNHFLRmFBEAE,OSM_node_8559636369,5,Năm 2018 kỷ niệm 1080 năm chiến thắng Bạch Đằng.,8 năm trước,,Google Maps,2026-08-29T07:13:14+00:00
google_maps_ChdDSUhNMG9nS0VJQ0FnSUR5c1pLWjVRRRAB,OSM_node_8559636369,5,Nhiều hãi sản tươi sống.ngon bổ rẻ,5 năm trước,,Google Maps,2026-08-29T07:13:14+00:00
google_maps_ChZDSUhNMG9nS0VJQ0FnSUNJdjgyaU5REAE,OSM_node_8559636369,3,Khuôn rộng rãi và thoáng mát,7 năm trước,,Google Maps,2026-08-29T07:13:14+00:00
google_maps_ChZDSUhNMG9nS0VJQ0FnSURZOC02LUxnEAE,OSM_node_8559636369,5,Không gian thanh tịnh tuyệt vời,7 năm trước,,Google Maps,2026-08-29T07:13:14+00:00
google_maps_ChZDSUhNMG9nS0VJQ0FnSURvbjZ1b0lBEAE,OSM_node_8559636369,5,đẹp lắm ạ,7 năm trước,,Google Maps,2026-08-29T07:13:14+00:00
google_maps_ChdDSUhNMG9nS0VJQ0FnSURkMGFqMjdnRRAB,OSM_node_8559636369,5,"Uy nghi, trang trọng",2 năm trước,,Google Maps,2026-08-29T07:13:14+00:00
google_maps_ChdDSUhNMG9nS0VJQ0FnSUM5aExxWDF3RRAB,OSM_node_8559636369,5,Hùng vĩ với non sông,2 năm trước,,Google Maps,2026-08-29T07:13:14+00:00
google_maps_ChdDSUhNMG9nS0VJQ0FnSUNBbWNmS3dBRRAB,OSM_node_8559636369,5,"Chốn tâm linh yên tĩnh, linh thiêng",9 năm trước,,Google Maps,2026-08-29T07:13:14+00:00
google_maps_ChZDSUhNMG9nS0VJQ0FnSUNBOF8tcVBBEAE,OSM_node_8559636369,5,Không tìm đc,10 năm trước,,Google Maps,2026-08-29T07:13:14+00:00
google_maps_ChdDSUhNMG9nS0VJQ0FnSURBZ3VxTTRRRRAB,OSM_node_8559636369,5,Đẹp,10 năm trước,,Google Maps,2026-08-29T07:13:14+00:00
google_maps_ChdDSUhNMG9nS0VJQ0FnSUN3NDd1V19nRRAB,OSM_node_8559636369,5,đẹp,10 năm trước,,Google Maps,2026-08-29T07:13:14+00:00
google_maps_Ci9DQUlRQUNvZENodHljRjlvT2pKMWJXOUVhMHQyZDJKRVRWOVVaMFExU0VVMU4wRRAB,OSM_node_8559636369,5,,5 tháng trước,,Google Maps,2026-08-29T07:13:14+00:00
google_maps_ChZDSUhNMG9nS0VJQ0FnSURnc3MyX0tBEAE,OSM_node_8559636369,5,Tốt,14 năm trước,,Google Maps,2026-08-29T07:13:14+00:00
google_maps_ChdDSUhNMG9nS0VJQ0FnSURjM0ptenR3RRAB,OSM_node_8559636369,5,Nơi tuyệt vời.,6 năm trước,,Google Maps,2026-08-29T07:13:14+00:00
google_maps_ChZDSUhNMG9nS0VJQ0FnSUNRcjl6VGNREAE,OSM_node_8559636369,5,Tốt,9 năm trước,,Google Maps,2026-08-29T07:13:14+00:00
google_maps_Ci9DQUlRQUNvZENodHljRjlvT21wMWJtZFpZM1JMUlhGUWVGVjBNVFpPVm05VU0yYxAB,OSM_node_8559636369,5,,3 tuần trước,,Google Maps,2026-08-29T07:13:14+00:00
google_maps_Ci9DQUlRQUNvZENodHljRjlvT2xkdE56ZzNUazlPYVU5SWNXbHNlRTUyVUdSUldWRRAB,OSM_node_8559636369,5,,9 tháng trước,,Google Maps,2026-08-29T07:13:14+00:00
google_maps_ChdDSUhNMG9nS0VKaWt0NG1Pd2VMUzBRRRAB,OSM_node_8559636369,5,,một năm trước,,Google Maps,2026-08-29T07:13:14+00:00
google_maps_ChdDSUhNMG9nS0VJQ0FnTURvcTYyUmhnRRAB,OSM_node_8559636369,5,,một năm trước,,Google Maps,2026-08-29T07:13:14+00:00
google_maps_ChdDSUhNMG9nS0VJQ0FnTUR3a1ktbm9BRRAB,OSM_node_8559636369,4,,một năm trước,,Google Maps,2026-08-29T07:13:14+00:00
google_maps_ChdDSUhNMG9nS0VJQ0FnSUR2LUo2VXFRRRAB,OSM_node_8559636369,5,,một năm trước,,Google Maps,2026-08-29T07:13:14+00:00
google_maps_ChZDSUhNMG9nS0VJQ0FnSUR2dUx2RmVREAE,OSM_node_8559636369,5,,một năm trước,,Google Maps,2026-08-29T07:13:14+00:00
google_maps_ChdDSUhNMG9nS0VJQ0FnSURYenIyQmdnRRAB,OSM_node_8559636369,5,,một năm trước,,Google Maps,2026-08-29T07:13:14+00:00
google_maps_ChZDSUhNMG9nS0VJQ0FnSUN6dUlUMVJnEAE,OSM_node_8559636369,3,,2 năm trước,,Google Maps,2026-08-29T07:13:14+00:00
google_maps_ChZDSUhNMG9nS0VJQ0FnSURqMnEyS0F3EAE,OSM_node_8559636369,5,,2 năm trước,,Google Maps,2026-08-29T07:13:14+00:00
google_maps_ChZDSUhNMG9nS0VJQ0FnSUQ5aGRPYVV3EAE,OSM_node_8559636369,5,,2 năm trước,,Google Maps,2026-08-29T07:13:14+00:00
google_maps_ChdDSUhNMG9nS0VJQ0FnSUM5aGJyVi1nRRAB,OSM_node_8559636369,5,,2 năm trước,,Google Maps,2026-08-29T07:13:14+00:00
google_maps_ChdDSUhNMG9nS0VJQ0FnSUM5OXBxZXJRRRAB,OSM_node_8559636369,5,,2 năm trước,,Google Maps,2026-08-29T07:13:14+00:00
google_maps_ChdDSUhNMG9nS0VJQ0FnSURkLWNfV3RnRRAB,OSM_node_8559636369,5,,2 năm trước,,Google Maps,2026-08-29T07:13:14+00:00
google_maps_ChZDSUhNMG9nS0VJQ0FnSUNkbThqLUVnEAE,OSM_node_8559636369,5,,2 năm trước,,Google Maps,2026-08-29T07:13:14+00:00
google_maps_ChZDSUhNMG9nS0VJQ0FnSUNkcFBHZldBEAE,OSM_node_8559636369,5,,2 năm trước,,Google Maps,2026-08-29T07:13:14+00:00
google_maps_ChZDSUhNMG9nS0VJQ0FnSUR0ajhyYU1BEAE,OSM_node_8559636369,5,,2 năm trước,,Google Maps,2026-08-29T07:13:14+00:00
google_maps_ChdDSUhNMG9nS0VJQ0FnSUNwMmR2cTVRRRAB,OSM_node_8559636369,5,,3 năm trước,,Google Maps,2026-08-29T07:13:14+00:00
google_maps_ChZDSUhNMG9nS0VJQ0FnSUQyc042aUV3EAE,OSM_node_8559636369,5,,4 năm trước,,Google Maps,2026-08-29T07:13:14+00:00
google_maps_ChZDSUhNMG9nS0VJQ0FnSUM2cUpYR0FREAE,OSM_node_8559636369,5,,4 năm trước,,Google Maps,2026-08-29T07:13:14+00:00
google_maps_ChdDSUhNMG9nS0VJQ0FnSURxejZHUnNRRRAB,OSM_node_8559636369,5,,5 năm trước,,Google Maps,2026-08-29T07:13:14+00:00
google_maps_ChZDSUhNMG9nS0VJQ0FnSUNjNy0zMFlREAE,OSM_node_8559636369,3,,6 năm trước,,Google Maps,2026-08-29T07:13:14+00:00
google_maps_ChdDSUhNMG9nS0VJQ0FnSUNvM3IyLTJ3RRAB,OSM_node_8559636369,3,,7 năm trước,,Google Maps,2026-08-29T07:13:14+00:00
google_maps_ChZDSUhNMG9nS0VJQ0FnSUNReXZDcUdnEAE,OSM_node_8559636369,1,,9 năm trước,,Google Maps,2026-08-29T07:13:14+00:00
google_maps_ChdDSUhNMG9nS0VJQ0FnSUNRNV9pMzd3RRAB,OSM_node_8559636369,5,,10 năm trước,,Google Maps,2026-08-29T07:13:14+00:00
google_maps_ChdDSUhNMG9nS0VJQ0FnSUNQNVBtYzN3RRAB,OSM_node_8678902014,4,Hơi ít quán ăn nhưng mọi người thân thiện,một năm trước,,Google Maps,2026-08-29T07:13:41+00:00
google_maps_ChZDSUhNMG9nS0VJQ0FnSUNsdFllX2JREAE,OSM_node_8678902014,3,Không có gì đặc biệt,2 năm trước,,Google Maps,2026-08-29T07:13:41+00:00
google_maps_ChZDSUhNMG9nS0VJQ0FnSURHLS03bk5BEAE,OSM_node_8678902014,3,Lối vào ngõ nhỏ trật trội,4 năm trước,,Google Maps,2026-08-29T07:13:41+00:00
google_maps_Ci9DQUlRQUNvZENodHljRjlvT25STGJXNTZPVTlpTW1zM1V5MXVTbFF6YkRCNGNGRRAB,OSM_node_8678902014,1,,11 tháng trước,,Google Maps,2026-08-29T07:13:41+00:00
google_maps_ChZDSUhNMG9nS0VJQ0FnSURqcHVHWVRREAE,OSM_node_8678902014,5,,2 năm trước,,Google Maps,2026-08-29T07:13:41+00:00
google_maps_Ci9DQUlRQUNvZENodHljRjlvT21OQ2EzRmhkVmR5YmpJNVJ5MVdlRU5SV0VKYU4xRRAB,OSM_node_8678902014,5,,một tháng trước,,Google Maps,2026-08-29T07:13:41+00:00
google_maps_Ci9DQUlRQUNvZENodHljRjlvT2tsUE9VOVVjRmRRZGsxNmJXNWpNWFpNZWpCdVYwRRAB,OSM_node_8678902014,5,,Thời gian chỉnh sửa: 4 tháng trước,,Google Maps,2026-08-29T07:13:41+00:00
google_maps_ChdDSUhNMG9nS0VJQ0FnSURtaTdycGx3RRAB,OSM_node_8678902014,5,,4 năm trước,,Google Maps,2026-08-29T07:13:41+00:00
google_maps_ChdDSUhNMG9nS0VJQ0FnSUNHeF92ZzFBRRAB,OSM_node_8678902014,5,,4 năm trước,,Google Maps,2026-08-29T07:13:41+00:00
google_maps_ChdDSUhNMG9nS0VJQ0FnSUNHX2VmUnFnRRAB,OSM_node_8678902014,5,,4 năm trước,,Google Maps,2026-08-29T07:13:41+00:00
google_maps_ChZDSUhNMG9nS0VJQ0FnSUNHb0wybkZ3EAE,OSM_node_8678902014,3,,4 năm trước,,Google Maps,2026-08-29T07:13:41+00:00
google_maps_ChdDSUhNMG9nS0VJQ0FnSUNLc01uajVBRRAB,OSM_node_8678902014,5,,5 năm trước,,Google Maps,2026-08-29T07:13:41+00:00
google_maps_Ci9DQUlRQUNvZENodHljRjlvT2s1Wk1VRllVazExZWtkaVVpMUphVVpmTjNWWmIyYxAB,OSM_node_8681475359,5,Đẹp lắm,6 tháng trước,,Google Maps,2026-08-29T07:14:13+00:00
google_maps_ChZDSUhNMG9nS0VJQ0FnSUNROU9qd0lnEAE,OSM_node_8681475359,3,"Nơi thờ đức Thánh Tản, đền một mái mới được tu bổ. Lối lên đền và lên cao nữa độ cao bậc chưa hợp lý nên leo hơi vất vả.",8 năm trước,,Google Maps,2026-08-29T07:14:13+00:00
google_maps_ChdDSUhNMG9nS0VJQ0FnSUM0NExlOGlnRRAB,OSM_node_8681475359,5,Ngài con kính cận nghiêng mình trước ngài,7 năm trước,,Google Maps,2026-08-29T07:14:13+00:00
google_maps_ChZDSUhNMG9nS0VJQ0FnSURack1LNVhnEAE,OSM_node_8681475359,4,Sạch không khí lành,2 năm trước,,Google Maps,2026-08-29T07:14:13+00:00
google_maps_Ci9DQUlRQUNvZENodHljRjlvT21KNWVVSk1kSFZhWTB4MFdXZEphSEZhVGtSSVdIYxAB,OSM_node_8681475359,5,,6 tháng trước,,Google Maps,2026-08-29T07:14:13+00:00
google_maps_ChdDSUhNMG9nS0VJQ0FnSURzcHFxbWhBRRAB,OSM_node_8850427515,5,"Nhà văn hoá thôn Hương Trần nằm tại thôn Hương Trầm, xã Thụy Lâm, huyện Đông Anh, thành phố Hà Nội. Nhà văn hoá thôn Hương Trầm mới được xây dựng và đi vào hoạt động năm 2019, nhà văn hoá nằm trong tổ hợp trung tâm của thôn Hương Trầm như Đình thôn Hương trầm, hồ, Chùa. Con đường chạy qua nhà văn hoá thôn Hương Trầm là đường nhánh đi tắt để đi sang thôn Hà Hương, xã Liên Hà nên mật độ xe đi lại qua đây tương đối đông. Tuy đường được đổ bằng bê tông liên cố nhưng mà chỉ rộng có 3m hai xe oto tránh nhau tương đối vất vả. Ngã tư tại nhà văn hoá thôn Hương Trầm có thể quay đầu được xe. Nhà văn hoá là nơi giao lưu văn hoá sinh hoạt cộng đồng của và con thôn Hương Trầm. Sân nhà văn hoá Hương Trầm chưa được quy hạch cụ thể, còn tương đối ngổn ngang, trẻ con trong thôn thường ra sân vui chơi bóng đá. Cạnh nhà văn hoá có một nơi họp chợ nhưng chỉ mở theo phiên, cho bà con trong thôn trao đổi hàng hoá, hàng hoá chủ yếu là quần áo và hoa màu bà con tự trồng cấy được. Bà con nơi đây rất thật thà chân chất, bình dị như một vùng quê ngoại thành thủ đô Hà Nội. Chúc bà con ngày càng làm ăn phát đạt.",6 năm trước,,Google Maps,2026-08-29T07:14:48+00:00
google_maps_Ci9DQUlRQUNvZENodHljRjlvT2poMFlrTTNSemRzVlhWRU5uVm1lVE16ZFZkb2MxRRAB,OSM_node_8850427515,5,Quá ok,2 tháng trước,,Google Maps,2026-08-29T07:14:48+00:00
google_maps_ChdDSUhNMG9nS0VJQ0FnSURGN2M3Mm5RRRAB,OSM_node_8850427515,3,Nvh thôn,2 năm trước,,Google Maps,2026-08-29T07:14:48+00:00
google_maps_ChZDSUhNMG9nS0VJQ0FnSUR6OWJQX2RBEAE,OSM_node_8850427515,5,Được rồi,2 năm trước,,Google Maps,2026-08-29T07:14:48+00:00
google_maps_Ci9DQUlRQUNvZENodHljRjlvT2pSRmVUaDRWVkEyVW1WeFVFdHpNMkk1Vm1ONVJFRRAB,OSM_node_8850427515,5,Được rồi,4 tuần trước,,Google Maps,2026-08-29T07:14:48+00:00
google_maps_Ci9DQUlRQUNvZENodHljRjlvT2xKclRtSTFVSGRHWTJwclZrczBkVWhXZEV0TVMzYxAB,OSM_node_8850427515,5,,6 tháng trước,,Google Maps,2026-08-29T07:14:48+00:00
google_maps_Ci9DQUlRQUNvZENodHljRjlvT25jeWNtMDBObmxPVkMxVE0yOVFaVE5XUVZZNFZYYxAB,OSM_node_8850427515,5,,8 tháng trước,,Google Maps,2026-08-29T07:14:48+00:00
google_maps_Ci9DQUlRQUNvZENodHljRjlvT25wM1Z5MHlhMUowZFV0emRUQlNYMTh6V25sMVpuYxAB,OSM_node_8850427515,5,,11 tháng trước,,Google Maps,2026-08-29T07:14:48+00:00
google_maps_Ci9DQUlRQUNvZENodHljRjlvT21wS2JFNVlXR052V2xFdFdYTklkVzVCTURCclkxRRAB,OSM_node_8850427515,5,,một năm trước,,Google Maps,2026-08-29T07:14:48+00:00
google_maps_ChdDSUhNMG9nS0VJQ0FnSUMzNi0ybXB3RRAB,OSM_node_8850427515,5,,một năm trước,,Google Maps,2026-08-29T07:14:48+00:00
google_maps_ChZDSUhNMG9nS0VJQ0FnSURuaUszTEZ3EAE,OSM_node_8850427515,3,,một năm trước,,Google Maps,2026-08-29T07:14:48+00:00
google_maps_ChdDSUhNMG9nS0VJQ0FnSURIMU1UXzhnRRAB,OSM_node_8850427515,4,,một năm trước,,Google Maps,2026-08-29T07:14:48+00:00
google_maps_ChdDSUhNMG9nS0VJQ0FnSUNkZ2ZxV213RRAB,OSM_node_8850427515,5,,2 năm trước,,Google Maps,2026-08-29T07:14:48+00:00
google_maps_ChZDSUhNMG9nS0VJQ0FnSURWMmFpOUdnEAE,OSM_node_8850427515,4,,2 năm trước,,Google Maps,2026-08-29T07:14:48+00:00
google_maps_Ci9DQUlRQUNvZENodHljRjlvT25nMk5qQXRiSGRIYWtWR1pUVTFhamR5UjA4eU4xRRAB,OSM_node_8980937102,5,"Công viên đẹp, xanh mát, sạch sẽ, có nhiều tiện ích vận động và nhà nghỉ chân.",2 tháng trước,,Google Maps,2026-08-29T07:15:21+00:00
google_maps_ChZDSUhNMG9nS0VJQ0FnSUR1MmNPVlNnEAE,OSM_node_8980937102,5,Có cả hồ đẹp nha có nhiều cây khá mát mẻ ai ở gần có thể đi dạo tuỵt zời ạaaaaaaa,4 năm trước,,Google Maps,2026-08-29T07:15:21+00:00
google_maps_Ci9DQUlRQUNvZENodHljRjlvT2pSUU5GaGpXRWx2TWxwTk1IZFRReTFrVjJGT1RFRRAB,OSM_node_8980937102,5,"Cuối tuần rồi tôi có ghé qua High Hill Park. Ấn tượng đầu tiên là không gian xanh mát, cây cối khá nhiều, rất thích hợp để tản bộ hay dắt gia đình đi dạo. Mấy đứa trẻ con thích mê cái khu vui chơi nhỏ ở đây. Chỗ để xe ổn, tuy nhiên đôi lúc …",8 tháng trước,,Google Maps,2026-08-29T07:15:21+00:00
google_maps_ChdDSUhNMG9nS0VJQ0FnSURKOXNtajZ3RRAB,OSM_node_8980937102,5,Chơi rất thoải mái khôn khí trong lành nhưng hơi đông đôi khi hết chôz ngồi quanh đấy có quán nc quán đồ ăn mn có thể ghé mua bên cạnh là bảo tàng vĩnh phúc.,3 năm trước,,Google Maps,2026-08-29T07:15:21+00:00
google_maps_ChdDSUhNMG9nS0VJQ0FnSURPdnRfbGhRRRAB,OSM_node_8980937102,5,"Không gian mát mẻ không khí trong lành, khu vui chơi rộng rãi",4 năm trước,,Google Maps,2026-08-29T07:15:21+00:00
google_maps_ChdDSUhNMG9nS0VJQ0FnSUNLbnBPcGxRRRAB,OSM_node_8980937102,5,"Không gian thoáng mát Đi dạo, thể dục quá ok",5 năm trước,,Google Maps,2026-08-29T07:15:21+00:00
google_maps_ChdDSUhNMG9nS0VJQ0FnSURXLUxUeDZnRRAB,OSM_node_8980937102,4,Rộng rãi thoáng mát sạch sẽ,4 năm trước,,Google Maps,2026-08-29T07:15:21+00:00
google_maps_ChZDSUhNMG9nS0VJQ0FnSUNLcU9xbGFREAE,OSM_node_8980937102,5,Cảnh đẹp,5 năm trước,,Google Maps,2026-08-29T07:15:21+00:00
google_maps_ChZDSUhNMG9nS0VJQ0FnSUR5N01lR1h3EAE,OSM_node_8980937102,5,Rất đẹp,5 năm trước,,Google Maps,2026-08-29T07:15:21+00:00
google_maps_Ci9DQUlRQUNvZENodHljRjlvT25BMmVWVldlVlkyVTFOWVpFZ3piMGt3WkZadWFuYxAB,OSM_node_8980937102,4,Cảm thấy thích thú,10 tháng trước,,Google Maps,2026-08-29T07:15:21+00:00
google_maps_ChdDSUhNMG9nS0VJQ0FnSURxdkk3NzVBRRAB,OSM_node_8980937102,4,👍👍👍 …,5 năm trước,,Google Maps,2026-08-29T07:15:21+00:00
google_maps_ChdDSUhNMG9nS0VJQ0FnSUQ2dVBqdG9nRRAB,OSM_node_8980937102,3,Mát mẻ ổn,4 năm trước,,Google Maps,2026-08-29T07:15:21+00:00
google_maps_Ci9DQUlRQUNvZENodHljRjlvT25seFRrMW1SWEowT1hNeVdHSmxlVFJrU1RCbGIwRRAB,OSM_node_8980937102,5,Công viên này làm nên tuổi thơ mình,2 tuần trước,,Google Maps,2026-08-29T07:15:21+00:00
google_maps_Ci9DQUlRQUNvZENodHljRjlvT2paUFMwSmlWVGgyWjJaNmNWTTVja2RMYkZWMVYwRRAB,OSM_node_8980937102,5,quá tuyêht,3 tuần trước,,Google Maps,2026-08-29T07:15:21+00:00
google_maps_ChZDSUhNMG9nS0VJQ0FnSUNCdThuZU9REAE,OSM_node_8980937102,4,Nhiều người Việt Nam tập thể dục và chạy bộ ở đây vào buổi tối.,3 năm trước,,Google Maps,2026-08-29T07:15:21+00:00
google_maps_ChZDSUhNMG9nS0VJQ0FnSURHdzVLalZnEAE,OSM_node_8980937102,5,Tốt,4 năm trước,,Google Maps,2026-08-29T07:15:21+00:00
google_maps_Ci9DQUlRQUNvZENodHljRjlvT2tSUlFUZFpSVVUwVUdWaGN6bGZZVzFtUmxWZmFVRRAB,OSM_node_8980937102,5,,1 ngày trước,,Google Maps,2026-08-29T07:15:21+00:00
google_maps_Ci9DQUlRQUNvZENodHljRjlvT21oT2RtTlpTREp2Ukd3d1ZEaDBWMEZtYUZkb1FsRRAB,OSM_node_8980937102,5,,2 tuần trước,,Google Maps,2026-08-29T07:15:21+00:00
google_maps_Ci9DQUlRQUNvZENodHljRjlvT2xSYVRYQXdaekJMUkV0Qk1HNVlSUzExYUU5cFVuYxAB,OSM_node_8980937102,5,,một tháng trước,,Google Maps,2026-08-29T07:15:21+00:00
google_maps_Ci9DQUlRQUNvZENodHljRjlvT25vMWVqUnFXVVZ2WDNOak5URXhNRGQxU0RWYVMxRRAB,OSM_node_8980937102,1,,3 tháng trước,,Google Maps,2026-08-29T07:15:21+00:00
google_maps_Ci9DQUlRQUNvZENodHljRjlvT2xKWVQxa3lUa3d4VTBGM1VGcEdlRlpKV1dOcWFuYxAB,OSM_node_8980937102,5,,4 tháng trước,,Google Maps,2026-08-29T07:15:21+00:00
google_maps_Ci9DQUlRQUNvZENodHljRjlvT2xaQ2JqRnZPWFE0Um1wMmFGY3hlR2xzZVZWemVsRRAB,OSM_node_8980937102,5,,7 tháng trước,,Google Maps,2026-08-29T07:15:21+00:00
google_maps_Ci9DQUlRQUNvZENodHljRjlvT2pObk1YQXRZMEYyYTI1V1RFUkdabmh2Vmw5R2FIYxAB,OSM_node_8980937102,5,,một năm trước,,Google Maps,2026-08-29T07:15:21+00:00
google_maps_Ci9DQUlRQUNvZENodHljRjlvT201b1FYSlVZWHBTWmw4M1NFRlBUMkkwVG1oMmJWRRAB,OSM_node_8980937102,5,,một năm trước,,Google Maps,2026-08-29T07:15:21+00:00
google_maps_Ci9DQUlRQUNvZENodHljRjlvT2psTGIzVllYMGd6VjNCMWNVRmFTQzFXTjJVd2RGRRAB,OSM_node_8980937102,5,,một năm trước,,Google Maps,2026-08-29T07:15:21+00:00
google_maps_ChZDSUhNMG9nS0VQT2VtS2pWbGYybENREAE,OSM_node_8980937102,5,,một năm trước,,Google Maps,2026-08-29T07:15:21+00:00
google_maps_ChZDSUhNMG9nS0VQTGJ3SVRGZ2RmZ1NnEAE,OSM_node_8980937102,5,,một năm trước,,Google Maps,2026-08-29T07:15:21+00:00
google_maps_ChZDSUhNMG9nS0VJQ0FnSURmcEpfRUxREAE,OSM_node_8980937102,4,,một năm trước,,Google Maps,2026-08-29T07:15:21+00:00
google_maps_ChZDSUhNMG9nS0VJQ0FnSURIaUo2WkNnEAE,OSM_node_8980937102,5,,một năm trước,,Google Maps,2026-08-29T07:15:21+00:00
google_maps_ChdDSUhNMG9nS0VJQ0FnSURIa1BTcjJ3RRAB,OSM_node_8980937102,5,,một năm trước,,Google Maps,2026-08-29T07:15:21+00:00
google_maps_ChZDSUhNMG9nS0VJQ0FnSUNIbHM2Z0hnEAE,OSM_node_8980937102,5,,một năm trước,,Google Maps,2026-08-29T07:15:21+00:00
google_maps_ChZDSUhNMG9nS0VJQ0FnSUROdWRULVRREAE,OSM_node_8980937102,5,,2 năm trước,,Google Maps,2026-08-29T07:15:21+00:00
google_maps_ChdDSUhNMG9nS0VJQ0FnSURscE16Ym93RRAB,OSM_node_8980937102,5,,2 năm trước,,Google Maps,2026-08-29T07:15:21+00:00
google_maps_ChdDSUhNMG9nS0VJQ0FnSUQ1c3J1d2xRRRAB,OSM_node_8980937102,5,,2 năm trước,,Google Maps,2026-08-29T07:15:21+00:00
google_maps_ChdDSUhNMG9nS0VJQ0FnSUR1cDhlRHpRRRAB,OSM_node_8980937102,5,,3 năm trước,,Google Maps,2026-08-29T07:15:21+00:00
google_maps_ChZDSUhNMG9nS0VJQ0FnSUR1bWNmOUJnEAE,OSM_node_8980937102,5,,4 năm trước,,Google Maps,2026-08-29T07:15:21+00:00
google_maps_ChdDSUhNMG9nS0VJQ0FnSUR1clBMMWl3RRAB,OSM_node_8980937102,5,,4 năm trước,,Google Maps,2026-08-29T07:15:21+00:00
google_maps_ChZDSUhNMG9nS0VJQ0FnSURPeTRYYVZREAE,OSM_node_8980937102,4,,4 năm trước,,Google Maps,2026-08-29T07:15:21+00:00
google_maps_ChZDSUhNMG9nS0VJQ0FnSUNPMllfQ0dnEAE,OSM_node_8980937102,5,,4 năm trước,,Google Maps,2026-08-29T07:15:21+00:00
google_maps_ChZDSUhNMG9nS0VJQ0FnSUNPOUt5QlF3EAE,OSM_node_8980937102,5,,4 năm trước,,Google Maps,2026-08-29T07:15:21+00:00
google_maps_ChdDSUhNMG9nS0VJQ0FnSUQyMXZpVWdBRRAB,OSM_node_8980937102,5,,4 năm trước,,Google Maps,2026-08-29T07:15:21+00:00
google_maps_ChdDSUhNMG9nS0VJQ0FnSUQyeHJ5c3JRRRAB,OSM_node_8980937102,2,,4 năm trước,,Google Maps,2026-08-29T07:15:21+00:00
google_maps_ChZDSUhNMG9nS0VJQ0FnSUQyakk2Z0JBEAE,OSM_node_8980937102,5,,4 năm trước,,Google Maps,2026-08-29T07:15:21+00:00
google_maps_ChZDSUhNMG9nS0VJQ0FnSUMyMTg2dkhREAE,OSM_node_8980937102,5,,4 năm trước,,Google Maps,2026-08-29T07:15:21+00:00
google_maps_ChZDSUhNMG9nS0VJQ0FnSURXNG95ZWRBEAE,OSM_node_8980937102,4,,4 năm trước,,Google Maps,2026-08-29T07:15:21+00:00
google_maps_ChZDSUhNMG9nS0VJQ0FnSUNXXzZpWElBEAE,OSM_node_8980937102,2,,4 năm trước,,Google Maps,2026-08-29T07:15:21+00:00
google_maps_ChZDSUhNMG9nS0VJQ0FnSUNtOW8zdkFREAE,OSM_node_8980937102,5,,4 năm trước,,Google Maps,2026-08-29T07:15:21+00:00
google_maps_ChZDSUhNMG9nS0VJQ0FnSURxaWNtUmZnEAE,OSM_node_8980937102,5,,5 năm trước,,Google Maps,2026-08-29T07:15:21+00:00
google_maps_ChdDSUhNMG9nS0VJQ0FnSURxb1BIUXlRRRAB,OSM_node_8980937102,4,,5 năm trước,,Google Maps,2026-08-29T07:15:21+00:00
google_maps_ChdDSUhNMG9nS0VJQ0FnSUNLbHBHOThBRRAB,OSM_node_8980937102,5,,5 năm trước,,Google Maps,2026-08-29T07:15:21+00:00
google_maps_Ci9DQUlRQUNvZENodHljRjlvT21RNVRXMVFaalJJU1ZaWU5HNXZTemRtTFdoTFptYxAB,OSM_node_9110435519,1,Đây không phải là địa điểm có thật. Tôi đã gọi taxi nhưng không tìm thấy. Sau đó tôi nhờ tài xế gọi cho họ. Anh ta nói không ai được phép tham quan khu vườn. Rất kỳ lạ.,một năm trước,,Google Maps,2026-08-29T07:15:56+00:00
google_maps_ChdDSUhNMG9nS0VJQ0FnSURvNE5hNnB3RRAB,OSM_node_9287505718,5,"Đình làng Trường Lâm rộng, có khu vui chơi cho trẻ con và khu tập thể dục thể thao cho mọi người. Rất yên tĩnh và sạch sẽ nha.",7 năm trước,,Google Maps,2026-08-29T07:16:23+00:00
google_maps_ChdDSUhNMG9nS0VJQ0FnSUM4d3JXbGtBRRAB,OSM_node_9287505718,5,"Cây đa ,bến nước ,sân đình ,hình ảnh luôn trong tâm hồn mỗi người con đất Việt .Trường Lâm quê hương thứ hai của tôi .Tôi yêu quê hương tôi .",6 năm trước,,Google Maps,2026-08-29T07:16:23+00:00
google_maps_ChZDSUhNMG9nS0VJQ0FnSUNNLVplclNnEAE,OSM_node_9287505718,5,"Khuân viên rộng đẹp, di tích văn hóa!",6 năm trước,,Google Maps,2026-08-29T07:16:23+00:00
google_maps_ChdDSUhNMG9nS0VJQ0FnTURReFpQLThRRRAB,OSM_node_9287505718,5,Tuyệt vời,một năm trước,,Google Maps,2026-08-29T07:16:23+00:00
google_maps_ChZDSUhNMG9nS0VJQ0FnSUQwbnRIcVh3EAE,OSM_node_9287505718,4,Cổng chùa cần làm lại,6 năm trước,,Google Maps,2026-08-29T07:16:23+00:00
google_maps_ChZDSUhNMG9nS0VJQ0FnSUMwMVlTYWJnEAE,OSM_node_9287505718,4,Đình cổ,6 năm trước,,Google Maps,2026-08-29T07:16:23+00:00
google_maps_ChZDSUhNMG9nS0VJQ0FnSUNzNXNtREV3EAE,OSM_node_9287505718,4,Khá đẹp,6 năm trước,,Google Maps,2026-08-29T07:16:23+00:00
google_maps_ChdDSUhNMG9nS0VJQ0FnSUNBMTZLTW1nRRAB,OSM_node_9287505718,5,Chùa của làng,10 năm trước,,Google Maps,2026-08-29T07:16:23+00:00
google_maps_ChZDSUhNMG9nS0VJQ0FnSUQtNXREdWVnEAE,OSM_node_9287505718,5,quê hương yêu dấu,3 năm trước,,Google Maps,2026-08-29T07:16:23+00:00
google_maps_ChdDSUhNMG9nS0VJQ0FnSUNRX3NXX2lnRRAB,OSM_node_9287505718,2,Bia bình dân,Thời gian chỉnh sửa: 7 năm trước,,Google Maps,2026-08-29T07:16:23+00:00
google_maps_ChdDSUhNMG9nS0VJQ0FnSURVa0s3eG9nRRAB,OSM_node_9287505718,4,Công viên công cộng,7 năm trước,,Google Maps,2026-08-29T07:16:23+00:00
google_maps_ChdDSUhNMG9nS0VJQ0FnSUNJOXNMRXVRRRAB,OSM_node_9287505718,5,Thủy đình đẹp,7 năm trước,,Google Maps,2026-08-29T07:16:23+00:00
google_maps_ChZDSUhNMG9nS0VJQ0FnSUM2djlmZVZ3EAE,OSM_node_9287505718,3,"Sạch sẽ, trang nghiêm",4 năm trước,,Google Maps,2026-08-29T07:16:23+00:00
google_maps_ChdDSUhNMG9nS0VJQ0FnSURReE5TcW93RRAB,OSM_node_9287505718,5,Đẹp,10 năm trước,,Google Maps,2026-08-29T07:16:23+00:00
google_maps_ChZDSUhNMG9nS0VJQ0FnSURBX3VqdEd3EAE,OSM_node_9287505718,5,Thủy đình đẹp,7 năm trước,,Google Maps,2026-08-29T07:16:23+00:00
google_maps_ChdDSUhNMG9nS0VJQ0FnSUNRM09tOHhnRRAB,OSM_node_9287505718,5,Đẹp,8 năm trước,,Google Maps,2026-08-29T07:16:23+00:00
google_maps_ChdDSUhNMG9nS0VJQ0FnSURrMDRhZnF3RRAB,OSM_node_9287505718,4,Địa điểm tuyệt vời cho các hoạt động công cộng.,7 năm trước,,Google Maps,2026-08-29T07:16:23+00:00
google_maps_ChZDSUhNMG9nS0VJQ0FnSUMtaUlEWVVBEAE,OSM_node_9287505718,5,,3 năm trước,,Google Maps,2026-08-29T07:16:23+00:00
google_maps_ChZDSUhNMG9nS0VJQ0FnSURpcks2bGFREAE,OSM_node_9287505718,3,,5 năm trước,,Google Maps,2026-08-29T07:16:23+00:00
google_maps_ChZDSUhNMG9nS0VJQ0FnSUNzM2I2bVdnEAE,OSM_node_9287505718,3,,6 năm trước,,Google Maps,2026-08-29T07:16:23+00:00
google_maps_ChZDSUhNMG9nS0VJQ0FnSUNzaVo2MUxnEAE,OSM_node_9287505718,3,,6 năm trước,,Google Maps,2026-08-29T07:16:23+00:00
google_maps_ChdDSUhNMG9nS0VJQ0FnSUM0cWRlRWh3RRAB,OSM_node_9287505718,3,,7 năm trước,,Google Maps,2026-08-29T07:16:23+00:00
google_maps_ChdDSUhNMG9nS0VJQ0FnSURsdGVXaXZnRRAB,OSM_node_9399202172,5,Bảo tàng rộng đẹp Chỗ đỗ xe oto thời mái Lưu giữ di sản,2 năm trước,,Google Maps,2026-08-29T07:16:58+00:00
google_maps_ChdDSUhNMG9nS0VJQ0FnSURVbTlpR3ZnRRAB,OSM_node_9399202172,1,"Thái độ hách dịch. Kiến thức thì yếu kém. Tôi chỉ cho chỗ sai thì vênh váo bảo đừng góp ý. Nói chung là quá kém, chưa đủ trình độ và thái độ so với các bảo tàng khác trong quân đội.",6 năm trước,,Google Maps,2026-08-29T07:16:58+00:00
google_maps_ChdDSUhNMG9nS0VJQ0FnSUR5MzZQS3hRRRAB,OSM_node_9399202172,1,bảo vệ nói rằng bảo tàng này là của binh chủng nên không được tham quan khi tôi đến nơi. Trong khi đọc đánh giá ở đây thì mọi người đều được tham quan vậy là có ý gì ? Nhà tôi có truyền thống cách mạng ông nội được tặng thưởng huân chương kháng chiến hạng 2 chứ có phải phản động đâu mà không cho vào ?,5 năm trước,,Google Maps,2026-08-29T07:16:58+00:00
google_maps_ChZDSUhNMG9nS0VJQ0FnSURBMlBpTFdBEAE,OSM_node_9399202172,5,Tuyệt vời,Thời gian chỉnh sửa: 7 năm trước,,Google Maps,2026-08-29T07:16:58+00:00
google_maps_Ci9DQUlRQUNvZENodHljRjlvT25GcVZrWlZNVll4WlMxNWQzRk5aMUJMWkRsR1VWRRAB,OSM_node_9399202172,4,Không có gì đặc sắc. Vị trí ko tiện lợi lắm,một năm trước,,Google Maps,2026-08-29T07:16:58+00:00
google_maps_ChZDSUhNMG9nS0VJQ0FnSUNZNlpUZWRnEAE,OSM_node_9399202172,5,"Đây là nơi giới thiệu về truyền thống bộ tư lệnh pháo binh. Bạn nên đến để biết về lịch sử hào hùng của quân đội nhân dân Việt Nam trong những năm kháng chiến gian khổ chống Pháp, Mỹ.",7 năm trước,,Google Maps,2026-08-29T07:16:58+00:00
google_maps_ChZDSUhNMG9nS0VJQ0FnSURKeHYyT0N3EAE,OSM_node_9399202172,4,"Các chị nhân viên thuyết minh rất thân thiện, nhiệt tình. Bảo tàng nhưng không mở cửa rộng rãi.",3 năm trước,,Google Maps,2026-08-29T07:16:58+00:00
google_maps_ChdDSUhNMG9nS0VJQ0FnSUNnb3ItbC13RRAB,OSM_node_9399202172,4,Bảo tàng trưng bày các hiện vật về binh chủng Pháo Binh trong 2 cuộc chiến tranh chống Pháp và Mỹ.,8 năm trước,,Google Maps,2026-08-29T07:16:58+00:00
google_maps_ChdDSUhNMG9nS0VJQ0FnSUQwamJTRXpnRRAB,OSM_node_9399202172,5,Chất lượng dich vụ rất tốt,6 năm trước,,Google Maps,2026-08-29T07:16:58+00:00
google_maps_ChdDSUhNMG9nS0VJQ0FnSUNnZ3M3R2pBRRAB,OSM_node_9399202172,5,"được nghe kể nhiều, nhưng chưa 1 lần tới, mong muốn được đến 1 lần trong hè tới.",8 năm trước,,Google Maps,2026-08-29T07:16:58+00:00
google_maps_ChZDSUhNMG9nS0VJQ0FnSUN3NWVhcWRBEAE,OSM_node_9399202172,5,"Bảo tàng to, đẹp, nhiều di tích lịch sử từ chiến tranh",9 năm trước,,Google Maps,2026-08-29T07:16:58+00:00
google_maps_ChdDSUhNMG9nS0VJQ0FnSURRd2ItVnBnRRAB,OSM_node_9399202172,4,Nơi trưng bày rất nhiều bảo vật lịch sử,8 năm trước,,Google Maps,2026-08-29T07:16:58+00:00
google_maps_ChZDSUhNMG9nS0VJQ0FnSUQxMllPS1lBEAE,OSM_node_9399202172,5,Ở đấy rất vui luôn!!!,2 năm trước,,Google Maps,2026-08-29T07:16:58+00:00
google_maps_ChZDSUhNMG9nS0VJQ0FnSURWeDlHYlJ3EAE,OSM_node_9399202172,3,Vị trí tương đối đẹp,2 năm trước,,Google Maps,2026-08-29T07:16:58+00:00
google_maps_ChZDSUhNMG9nS0VJQ0FnSUNLejZpTGV3EAE,OSM_node_9399202172,5,Lưu giữ lịch sử quân sự Việt Nam.,5 năm trước,,Google Maps,2026-08-29T07:16:58+00:00
google_maps_ChZDSUhNMG9nS0VJQ0FnSURnMnQtOEdREAE,OSM_node_9399202172,5,Khu bảo tàng lớn tại Đội cấn,8 năm trước,,Google Maps,2026-08-29T07:16:58+00:00
google_maps_ChZDSUhNMG9nS0VJQ0FnSURFaHRtVUVnEAE,OSM_node_9399202172,4,có nhiều loại thiết bị lạ,7 năm trước,,Google Maps,2026-08-29T07:16:58+00:00
google_maps_ChdDSUhNMG9nS0VJQ0FnSUNRemFlbi13RRAB,OSM_node_9399202172,3,noi phat huy tinh than dan toc,8 năm trước,,Google Maps,2026-08-29T07:16:58+00:00
google_maps_ChdDSUhNMG9nS0VJQ0FnSUQ0eGVpMzd3RRAB,OSM_node_9399202172,5,bảo tàng đẹp,7 năm trước,,Google Maps,2026-08-29T07:16:58+00:00
google_maps_Ci9DQUlRQUNvZENodHljRjlvT2w5S05razJiMUl6UmxWWGFHNVliakJZWW1vNWMxRRAB,OSM_node_9399202172,5,Nhiều pháo,10 tháng trước,,Google Maps,2026-08-29T07:16:58+00:00
google_maps_ChdDSUhNMG9nS0VJQ0FnSUNVcmJ2YjhnRRAB,OSM_node_9399202172,5,"Đẹp, ý nghĩa",7 năm trước,,Google Maps,2026-08-29T07:16:58+00:00
google_maps_ChZDSUhNMG9nS0VJQ0FnSUNvaXRuWEV3EAE,OSM_node_9399202172,1,Ko quan tam,7 năm trước,,Google Maps,2026-08-29T07:16:58+00:00
google_maps_ChZDSUhNMG9nS0VJQ0FnSURBajRldWVnEAE,OSM_node_9399202172,5,Bảo tàng chất lượng,8 năm trước,,Google Maps,2026-08-29T07:16:58+00:00
google_maps_ChdDSUhNMG9nS0VJQ0FnSURVeFB6dmxBRRAB,OSM_node_9399202172,4,Bảo tàng vắng khách,7 năm trước,,Google Maps,2026-08-29T07:16:58+00:00
google_maps_ChZDSUhNMG9nS0VJQ0FnSURRbXEzbE9REAE,OSM_node_9399202172,5,Bảo tàng đẹp,8 năm trước,,Google Maps,2026-08-29T07:16:58+00:00
google_maps_ChdDSUhNMG9nS0VJQ0FnSUNVcU5IVnVBRRAB,OSM_node_9399202172,5,Đẹp,7 năm trước,,Google Maps,2026-08-29T07:16:58+00:00
google_maps_ChdDSUhNMG9nS0VJQ0FnSUNBc3RPUjdBRRAB,OSM_node_9399202172,1,Chán,9 năm trước,,Google Maps,2026-08-29T07:16:58+00:00
google_maps_ChdDSUhNMG9nS0VJQ0FnSURZXzdMam1BRRAB,OSM_node_9399202172,5,Hay,7 năm trước,,Google Maps,2026-08-29T07:16:58+00:00
google_maps_ChZDSUhNMG9nS0VJQ0FnSURZN3RQUUZnEAE,OSM_node_9399202172,4,Đẹp,7 năm trước,,Google Maps,2026-08-29T07:16:58+00:00
google_maps_ChZDSUhNMG9nS0VJQ0FnSURZa1BHN2RREAE,OSM_node_9399202172,5,Đẹp,7 năm trước,,Google Maps,2026-08-29T07:16:58+00:00
google_maps_Ci9DQUlRQUNvZENodHljRjlvT2poUk5sUXhkVnBVUVZocFNtOURNa2xJWjJWNVptYxAB,OSM_node_9399202172,5,"Bảo tàng này chủ yếu trưng bày pháo binh và pháo tự hành. Mặc dù chủ yếu trưng bày pháo binh do Mỹ và Liên Xô sản xuất, nhưng việc một bảo tàng châu Á lại trưng bày pháo ""7,5 cm PaK 40"" và ""10,5 cm SK 18"" do Đức sản xuất là điều khá hiếm gặp. Mặc dù tôi không thể tham quan bên trong, nhưng chỉ riêng các hiện vật trưng bày ngoài trời cũng rất đáng xem.",Thời gian chỉnh sửa: 3 tháng trước,,Google Maps,2026-08-29T07:16:58+00:00
google_maps_ChZDSUhNMG9nS0VJQ0FnSURYOFBTdlJREAE,OSM_node_9399202172,3,"Bảo tàng không mở cửa khi tôi ghé thăm, nhưng tôi có thể nhìn thấy hầu hết các hiện vật trưng bày ngoài trời. Trong số đó, có một khẩu pháo chống tăng 7,5 cm Pak40 của Đức chưa được chỉnh sửa, có lẽ bị Liên Xô thu giữ trong Thế chiến thứ …",Thời gian chỉnh sửa: một năm trước,,Google Maps,2026-08-29T07:16:58+00:00
google_maps_ChZDSUhNMG9nS0VJQ0FnTUNneVp5cmFREAE,OSM_node_9399202172,3,"Tôi cho 3 sao vì nó đóng cửa... Nhưng ở khu vực đỗ xe, tôi vào khá dễ dàng, nhưng sau 30 phút thì một người đàn ông đến đuổi tôi ra...",một năm trước,,Google Maps,2026-08-29T07:16:58+00:00
google_maps_ChZDSUhNMG9nS0VJQ0FnSUNna1BiRUJ3EAE,OSM_node_9399202172,3,"Đây là một bảo tàng trưng bày các loại pháo binh Việt Nam, nhưng chỉ chứa những khẩu pháo cũ kỹ, lỗi thời.",8 năm trước,,Google Maps,2026-08-29T07:16:58+00:00
google_maps_Ci9DQUlRQUNvZENodHljRjlvT21WQmVXcDVPVzR3ZWxkNlIweHZTSFl6YkZoVWJtYxAB,OSM_node_9399202172,1,Hóa ra nó đã đóng cửa.,7 tháng trước,,Google Maps,2026-08-29T07:16:58+00:00
google_maps_ChdDSUhNMG9nS0VJQ0FnSUNod3Y2Y2dRRRAB,OSM_node_9399202172,1,"Bảo tàng rất nhỏ, không có nhiều thứ để xem.",3 năm trước,,Google Maps,2026-08-29T07:16:58+00:00
google_maps_ChZDSUhNMG9nS0VJQ0FnSUQ5al92OVB3EAE,OSM_node_9399202172,5,,2 năm trước,,Google Maps,2026-08-29T07:16:58+00:00
google_maps_ChZDSUhNMG9nS0VJQ0FnSURIMHNmUURREAE,OSM_node_9399202172,4,Hấp dẫn.,một năm trước,,Google Maps,2026-08-29T07:16:58+00:00
google_maps_ChdDSUhNMG9nS0VJQ0FnSUNZcVBUaGpBRRAB,OSM_node_9399202172,5,Được rồi,7 năm trước,,Google Maps,2026-08-29T07:16:58+00:00
google_maps_ChZDSUhNMG9nS0VJQ0FnSUNZcS1EUmRREAE,OSM_node_9399202172,5,Tốt,7 năm trước,,Google Maps,2026-08-29T07:16:58+00:00
google_maps_ChdDSUhNMG9nS0VJQ0FnSURBd0tIVndRRRAB,OSM_node_9399202172,3,Cảnh đẹp,Thời gian chỉnh sửa: 8 năm trước,,Google Maps,2026-08-29T07:16:58+00:00
google_maps_ChZDSUhNMG9nS0VJQ0FnTUN3NjdmeWVBEAE,OSM_node_9399202172,5,,Thời gian chỉnh sửa: một năm trước,,Google Maps,2026-08-29T07:16:58+00:00
google_maps_ChZDSUhNMG9nS0VJQ0FnSUNyNi02NEZREAE,OSM_node_9399202172,5,,2 năm trước,,Google Maps,2026-08-29T07:16:58+00:00
google_maps_ChZDSUhNMG9nS0VOdTVxOXpyeXB2MlJBEAE,OSM_node_9399202172,4,,một năm trước,,Google Maps,2026-08-29T07:16:58+00:00
google_maps_ChZDSUhNMG9nS0VJQ0FnSUNqbE5DcFNREAE,OSM_node_9399202172,5,,2 năm trước,,Google Maps,2026-08-29T07:16:58+00:00
google_maps_ChdDSUhNMG9nS0VJQ0FnSUNCeS11QmlnRRAB,OSM_node_9399202172,3,,3 năm trước,,Google Maps,2026-08-29T07:16:58+00:00
google_maps_ChdDSUhNMG9nS0VJQ0FnSUNjeC02dWpBRRAB,OSM_node_9399202172,5,,6 năm trước,,Google Maps,2026-08-29T07:16:58+00:00
google_maps_ChZDSUhNMG9nS0VJQ0FnSUNzM3BmYmRREAE,OSM_node_9399202172,2,,6 năm trước,,Google Maps,2026-08-29T07:16:58+00:00
google_maps_ChZDSUhNMG9nS0VJQ0FnSUNNX2Z5a2VnEAE,OSM_node_9399202172,5,,6 năm trước,,Google Maps,2026-08-29T07:16:58+00:00
google_maps_ChZDSUhNMG9nS0VJQ0FnSUQwNG91OUt3EAE,OSM_node_9399202172,5,,6 năm trước,,Google Maps,2026-08-29T07:16:58+00:00
google_maps_Ci9DQUlRQUNvZENodHljRjlvT21SUWVqbENUWGhtWWt4SE1UZEdWRUUxVW1KS1NGRRAB,OSM_node_9459474981,2,"Quá tệ. T thề là t ở Mễ Trì khu vịt luôn. Nhưng 4-5 năm nay lần nào thèm vịt t cũng phi lên. Mà có những tuần đả 2 lần / tuần luôn vì đồ ngon. Giới thiệu bao ae bạn bè lần nào cũng kéo lên ăn nếu ăn vịt. Nhưng sau hôm nay k muốn quay lại luôn. Bẩn sạch không bàn đến vì t luôn bênh "" khuất mắt trông coi"" vì bàn đằng sau t cũng dính. Đã không oke kiểu gọi trước nhưng bao nhiêu bàn sau được trước rồi. Thì chắc bị t gắt nên mang lên đĩa vịt nướng này :))))) T thề chưa bh ăn đĩa nào giống đĩa này, nó khô, nó nhạt nhẽo, và nó như vịt cũ nướng lại. Và t còn ngỡ là bị dồn đĩa cũ kèm vào ấy. Ăn xong ra hỏi thì chú kêu nướng quá tay. Nhưng không, nướng quá tay nó phải đen chứ nó không tệ thế. Đành bye bye tìm quán guộc mới chứ không muốn quay lại luôn dù vịt rang giềng vẫn ngon.",một tháng trước,,Google Maps,2026-08-29T07:17:49+00:00
google_maps_Ci9DQUlRQUNvZENodHljRjlvT2xkTmFqVXdOMTlRVW01d2FWWldObFZrVGtGeVpuYxAB,OSM_node_9459474981,4,"Thịt vịt nướng thơm, da vàng hấp dẫn, thịt mềm và giữ được độ mọng, ăn không bị khô. Chủ quán thân thiện, nhiệt tình nên tạo cảm giác rất dễ chịu. Không gian cũng khá linh hoạt với khu vực điều hòa và ngoài trời. Một địa điểm đáng để ghé khi thèm món vịt nướng và cũng là nơi tôi sẵn sàng quay lại.",2 tháng trước,,Google Maps,2026-08-29T07:17:49+00:00
google_maps_Ci9DQUlRQUNvZENodHljRjlvT2t0V2RqbExlWEJFWTNkd1duUXllVUZKV2xabWRYYxAB,OSM_node_9459474981,4,"Vịt nướng, canh măng tiết ngon, tiết kh bị mùi. Vịt rang riềng kh ngon bằng vịt nướng, hơi ngấy, riềng chiên hơi đắng",3 tháng trước,,Google Maps,2026-08-29T07:17:49+00:00
google_maps_Ci9DQUlRQUNvZENodHljRjlvT21sUU1VSmpNVEZ5ZUZGb1VWTjVSbmRoT0ZGb1ZFRRAB,OSM_node_9459474981,4,Vịt rang riềng ngon Vịt nướng cảm giác nửa con hơi ít Nước chấm chưa đậm đà chưa đặc sắc lắm Giá cả hợp lý Canh măng tiết vừa ăn,8 tháng trước,,Google Maps,2026-08-29T07:17:49+00:00
google_maps_Ci9DQUlRQUNvZENodHljRjlvT2xNMmEyY3RPREZYV0ZjMFptRTVaR3BxTTJsWGNsRRAB,OSM_node_9459474981,5,"Vịt nướng, canh măng tiết, miếng xào lòng mề ngol thích hợp ae ăn nhậu. Nên đi hôm nào mát vì quán hơi nóng",một năm trước,,Google Maps,2026-08-29T07:17:49+00:00
google_maps_ChdDSUhNMG9nS0VJQ0FnSURYOGUyTzl3RRAB,OSM_node_9459474981,4,"Vịt ăn ngon! Đồ ra khá nhanh Nhưng không gian quán không oke, nhà vệ sinh bẩn và không có chỗ rửa tay!",một năm trước,,Google Maps,2026-08-29T07:17:49+00:00
google_maps_Ci9DQUlRQUNvZENodHljRjlvT21KSGMzaHFlRmh2ZWtaUlUyaGpabWxhUWt0TmNFRRAB,OSM_node_9459474981,4,"Mình đã ăn ở đây nhiều lần. Món vịt nướng ăn rất ngon, chuẩn signature của quán. Món vịt rang riềng bị nhiều bột chiên và ngấm nhiều dầu nên ăn khá ngấy, không …",5 tháng trước,,Google Maps,2026-08-29T07:17:49+00:00
google_maps_Ci9DQUlRQUNvZENodHljRjlvT2pGMFVsbEpSRjlHVWpCRFpFbGtlbGs0VlZFd1lXYxAB,OSM_node_9459474981,5,"ăn mấy năm rồi mà vẫn ưng ý, vịt nướng thơm lừng. Măng chua ăn kèm ngon lắm Canh măng tiết thì cũng bình thường, ở mức ổn",8 tháng trước,,Google Maps,2026-08-29T07:17:49+00:00
google_maps_Ci9DQUlRQUNvZENodHljRjlvT21JdExVeFliR3hKUTNwNU1IUjRVVEZ5TjBWUmFrRRAB,OSM_node_9459474981,5,"Vịt quay ngon, lần nào ăn vịt quay mình cũng ra đây ăn. Quán mới update thêm phòng có điều hoà",10 tháng trước,,Google Maps,2026-08-29T07:17:49+00:00
google_maps_ChdDSUhNMG9nS0VJQ0FnTUR3NFlYVjlBRRAB,OSM_node_9459474981,5,"Nói gì nữa, zịt ngon nhức néch, măng cay thì k phải bàn chi hết. Toàn đóng họ ở deyyy",một năm trước,,Google Maps,2026-08-29T07:17:49+00:00
google_maps_Ci9DQUlRQUNvZENodHljRjlvT2xrMWIyRjRZVFUxWTJGUFN6VjVRMnhCVEhSYWJFRRAB,OSM_node_9459474981,5,"Vịt quay ngon, vịt rang muối hơi ngấy.",Thời gian chỉnh sửa: 5 tháng trước,,Google Maps,2026-08-29T07:17:49+00:00
google_maps_Ci9DQUlRQUNvZENodHljRjlvT2xVMGNEaENVRWhoTnpKYVdsSmxaalF3YUdKS2JXYxAB,OSM_node_9459474981,4,ổn. đồ ăn ngon. không gian quán hơi chật,2 tháng trước,,Google Maps,2026-08-29T07:17:49+00:00
google_maps_ChZDSUhNMG9nS0VJQ0FnSURlNEsyN01REAE,OSM_node_9459474981,5,"Ngon, giá rẻ, quán rộng rãi như kiểu 1 nhà kho hay tận dụng khoảng sân vậy. Nhg bát đũa, bàn ghế sạch sẽ, ngon bổ rẻ cho không gian. Kiểu vịt nướng Vân Đình, mỗi con hơn 1kg, chắc ngọt thịt. …",3 năm trước,,Google Maps,2026-08-29T07:17:49+00:00
google_maps_Ci9DQUlRQUNvZENodHljRjlvT2xCeWVFZFlWMFpTTWt0WVlsQkRVVGxPV1hoQ00xRRAB,OSM_node_9459474981,4,"Măng ngon, vịt quay hơi khô, ăn ổn chứ không quá ngon",11 tháng trước,,Google Maps,2026-08-29T07:17:49+00:00
google_maps_ChZDSUhNMG9nS0VJQ0FnSURPMHNuNkFnEAE,OSM_node_9459474981,5,"Đồ ăn ngon, ông chủ với bạn phục vụ nhiệt tình, chu đáo lắm nhe. Giá cũng ổn nữa. Recommend cho mn món vịt rang riềng với măng ớt nhe, vịt rang muối cũng tạm ổn. Sau sẽ lại ghé",Thời gian chỉnh sửa: 3 năm trước,,Google Maps,2026-08-29T07:17:49+00:00
google_maps_ChdDSUhNMG9nS0VJQ0FnSUNMZ2RQcWh3RRAB,OSM_node_9459474981,4,"Quán này lâu lâu mình quay lại ăn, canh măng tiết nhiều ăn cũng được, vịt 1/2 con nhưng hơi gầy, miếng thịt mỏng, đồ ăn hơi nguội, giá cho chỗ mình gọi là 145k 2 người ăn, nhưng nhìn quán hơi cũ, bẩn bẩn ko vệ sinh lắm 😰",2 năm trước,,Google Maps,2026-08-29T07:17:49+00:00
google_maps_Ci9DQUlRQUNvZENodHljRjlvT21NMGRtSklObDgwU1RGUUxUa3hVVEE1V1RkQ1pVRRAB,OSM_node_9459474981,4,rẻ ngonnn,3 tháng trước,,Google Maps,2026-08-29T07:17:49+00:00
google_maps_Ci9DQUlRQUNvZENodHljRjlvT2xWQ1pUVnpkelJPUmw5VlpFeHpWMWs0UVhWdVluYxAB,OSM_node_9459474981,4,"Quán vịt nướng chân ái, sau ăn các hàng khác vẫn chưa có hàng nào có hương vị giống. Vịt nướng ngon nhưng nếu đi sớm cứ bị cho vịt nướng sẵn bị khô mình ko thích. Vịt mới thì siêu ngon, nước chấm cũng ngon. Vịt giềng thì thơm ngon nhiwng hơi dai á Canh măng tiết cũng ngon Ăn nhiều năm ở đây nên quen cách phục vụ rồi chứ mới vào ăn thì sẽ thấy lâu với lại ko ai trả lời á 😆 Giờ khu chợ quy hoạch nên chưa biết sau này có gì cập nhật ko",10 tháng trước,,Google Maps,2026-08-29T07:17:49+00:00
google_maps_Ci9DQUlRQUNvZENodHljRjlvT2xSQ1ZuRm9kSFJaZVdoc2FuTkRUV0Y1ZWtaUWFuYxAB,OSM_node_9459474981,1,"Ngày 2/12/2025 mình có mua 1 con vịt quay ở đây kèm măng tiết. Giá 260K nhưng thực sự rất thất vọng vì chất lượng đi xuống quá thể. Vịt gầy, khô, ăn không còn độ mọng nước, ngon như cách đây 1 năm. 1 con mà để vừa 1 cái hộp xốp, nhìn rất …",8 tháng trước,,Google Maps,2026-08-29T07:17:49+00:00
google_maps_ChdDSUhNMG9nS0VJQ0FnTURvbWNDV3lnRRAB,OSM_node_9459474981,1,vịt quay thì cháy đen ăn đắng lè nhân viên thì thái độ mng nên cân nhắc trc khi đến ăn,một năm trước,,Google Maps,2026-08-29T07:17:49+00:00
google_maps_Ci9DQUlRQUNvZENodHljRjlvT2paNVJIVXdaSFZrYmt0ZlQwdFFkR0k0U2sxeExVRRAB,OSM_node_9459474981,1,"Sau đứa em ra mua vịt, về mở ra chả thấy cổ với đầu đâu, cả con vịt gói gọn trong cái hộp bé tí. Con vịt thì còi, nướng khô khốc lại còn đớp mất cổ với đầu. Canh măng tiết nhạt toẹt. Quá thất vọng với một quán lâu năm như này. 250k làm con vịt vân đình cho lành, cạch.",8 tháng trước,,Google Maps,2026-08-29T07:17:49+00:00
google_maps_Ci9DQUlRQUNvZENodHljRjlvT2twdlJGcFdjVlpOV1dRelVtb3hjSGQyTjFKeGJGRRAB,OSM_node_9459474981,1,Vịt ngon. Nhưng nhân viên không thân thiện,5 tháng trước,,Google Maps,2026-08-29T07:17:49+00:00
google_maps_Ci9DQUlRQUNvZENodHljRjlvT210dU9VbFVOR0ZTV1ROU1psSTVMV0V4VkZVd1QxRRAB,OSM_node_9459474981,4,"Vịt ăn bình thường, khá dai. Không đảm bảo an toàn vệ sinh thực phẩm, nhân viên dùng tay không bốc bún. Ngược lại thì các anh rất nhiệt tình dắt xe cho khách",một năm trước,,Google Maps,2026-08-29T07:17:49+00:00
google_maps_Ci9DQUlRQUNvZENodHljRjlvT2xkbFdYVXpiekZHTXpCQlkxQlhRbGM0VjBsR1JYYxAB,OSM_node_9459474981,5,Sương sương zị thui - vẫn thích vịt nướng vỉa hè thế này nhất,một năm trước,,Google Maps,2026-08-29T07:17:49+00:00
google_maps_ChdDSUhNMG9nS0VJQ0FnSURYclpqZDB3RRAB,OSM_node_9459474981,5,"vịt rang riềng và vịt nướng ngon, canh măng ngon. quán nhìn hơi bẩn, phục vụ nhiệt tình. rất thích ăn mỗi tội xa nhà",một năm trước,,Google Maps,2026-08-29T07:17:49+00:00
google_maps_ChZDSUhNMG9nS0VJQ0FnSUM1ek9DNlpBEAE,OSM_node_9459474981,5,Đồ ăn ngon. Đậm đà,2 năm trước,,Google Maps,2026-08-29T07:17:49+00:00
google_maps_Ci9DQUlRQUNvZENodHljRjlvT201T2MydG1jbFpRUTJWUWVqRjRhelkyUlRGbFJGRRAB,OSM_node_9459474981,5,lúc nào cũng đông vui như hội,4 tháng trước,,Google Maps,2026-08-29T07:17:49+00:00
google_maps_ChdDSUhNMG9nS0VJQ0FnSUNLc0xEd2x3RRAB,OSM_node_9459474981,5,"Theo mình vịt quán này quay cẩn thận, đậm đà, thơm ngon nhất phố. Giá rẻ lắm ạ, nửa con vịt quay với canh măng tiết + bún giá 130k. Gọi là quán ông già nhưng chú chủ quán không già lắm đâu ạ. Quán không phải trong nhà mà kiểu dưới mái chợ, …",5 năm trước,,Google Maps,2026-08-29T07:17:49+00:00
google_maps_ChdDSUhNMG9nS0VJQ0FnSURSOU1MTXFnRRAB,OSM_node_9459474981,5,"Quán nhỏ ở chợ nên đồ ăn phong phú, vịt quay ngon. Vịt om sấu k được nhừ lắm nhma ăn ổn :D giá khá rẻ. Ăn no căng mà mất có 16x tiền (x tiểu học). Khi nào thèm vịt quay lại bay ra ăn tiếp :>",3 năm trước,,Google Maps,2026-08-29T07:17:49+00:00
google_maps_ChZDSUhNMG9nS0VJQ0FnSURSdzhXNFFBEAE,OSM_node_9459474981,3,"Quán khá là ít món, chỉ có 3 món duy nhất về vịt nên k đc đa dạng, khi order nên hỏi rõ vì có những món quán không có nhưng vẫn giới thiệu và khi bê ra là món khác hoàn toàn. Đồ ăn khá là mặn và nhiều gia vị, không có gì đặc biệt. Đặc biệt …",3 năm trước,,Google Maps,2026-08-29T07:17:49+00:00
google_maps_ChZDSUhNMG9nS0VJQ0FnSUNSM095UldREAE,OSM_node_9459474981,5,"Đồ ăn ngon, vịt quay đậm vị, nước chấm tuyệt hảo. Thực tế là ăn ở đây rất nhiều lần rồi. Ok lắm nhé",3 năm trước,,Google Maps,2026-08-29T07:17:49+00:00
google_maps_ChZDSUhNMG9nS0VJQ0FnSURoNnFPaUFnEAE,OSM_node_9459474981,5,"Mình ăn ở đây khá lâu rồi, vịt ướp đậm vị, nước chấm ngon, phục vụ hơi lâu và ko gian hơi hẹp nhưng đồ ăn ngon, anh chủ vui tính nhiệt tình.",3 năm trước,,Google Maps,2026-08-29T07:17:49+00:00
google_maps_ChZDSUhNMG9nS0VJQ0FnSUNWb2F5WmZ3EAE,OSM_node_9459474981,5,"Vịt nướng siêu ngon, thường gọi là có luôn, canh măng tiết cũng rất ok, vịt cháy tỏi có vẻ như là công thức riêng của quán (vì thấy khác khác các quán khác :))) ) nhưng dù chiên rồi vẫn mềm nha, vịt cháy tỏi gọi rồi mới làm chứ ko phải đồ sẵn nên có thể cần thời gian chút nhưng đồ ra thì vừa giòn vừa nóng, vịt om sấu và lòng xào dứa chưa thử, hẹn lần tới. Rất đề cử quán nha :D",2 năm trước,,Google Maps,2026-08-29T07:17:49+00:00
google_maps_ChZDSUhNMG9nS0VJQ0FnSUQyM0p5clFnEAE,OSM_node_9459474981,3,"Chỉ là quán bình dân ven đường chị Thái Hà. Vịt ngon, giá hợp lý nhưng chỗ ngồi không rộng rãi, sạch đẹp",4 năm trước,,Google Maps,2026-08-29T07:17:49+00:00
google_maps_ChdDSUhNMG9nS0VJQ0FnSUNoLU4yMG5BRRAB,OSM_node_9459474981,4,"Mình thích nhất món vịt nướng ở đây và nước chấm, mình đã ăn nhiều lần từ những năm 2012 đến giờ hương vị ngon vẫn vậy. Không phải chờ lâu. Hạn chế nhỏ là không gian ngồi hơi chặt, dùng bàn ghế nhựa thấp ngồi không thoải mái.",3 năm trước,,Google Maps,2026-08-29T07:17:49+00:00
google_maps_ChdDSUhNMG9nS0VJQ0FnSUNKOWNyOWhnRRAB,OSM_node_9459474981,4,"Nướng ăn tại chổ nóng ngon Món ràn muối ngon Đúng chất quán vỉa hè, quán đông chờ hơi lâu",3 năm trước,,Google Maps,2026-08-29T07:17:49+00:00
google_maps_ChZDSUhNMG9nS0VJQ0FnSUM3c05EUUhBEAE,OSM_node_9459474981,5,100 điểm ! Vịt Ngon Ngọt Vịt. Bát măng tiết hôm ngon hôm rất ngon. +50 điểm giá hợp lý,2 năm trước,,Google Maps,2026-08-29T07:17:49+00:00
google_maps_ChdDSUhNMG9nS0VJQ0FnSUNWNWNHVG93RRAB,OSM_node_9459474981,5,"Vịt luộc ngon nước chấm đậm đà, Bác chủ quán nhiệt tình vui tính",2 năm trước,,Google Maps,2026-08-29T07:17:49+00:00
google_maps_ChdDSUhNMG9nS0VJQ0FnSURodjhuSDhRRRAB,OSM_node_9459474981,5,Phục vụ nhanh đồ ăn ngon mỗi tội quán hơi đông đến sớm thì còn đến chậm thì có khi hết,3 năm trước,,Google Maps,2026-08-29T07:17:49+00:00
google_maps_ChdDSUhNMG9nS0VJQ0FnSUNCbmRfaHpnRRAB,OSM_node_9459474981,5,Ngon rẻ- thịt làm giòn và đậm đà- thích hợp nhâm nhi vs ly rượu hoặc bia.,3 năm trước,,Google Maps,2026-08-29T07:17:49+00:00
google_maps_ChdDSUhNMG9nS0VJQ0FnSUNYby0tbW9nRRAB,OSM_node_9459474981,5,"Không gian khá tối, nóng nhưng bù lại đồ ăn rất ngon",một năm trước,,Google Maps,2026-08-29T07:17:49+00:00
google_maps_ChdDSUhNMG9nS0VJQ0FnSURmN0ppampnRRAB,OSM_node_9459474981,5,"Ngon, ăn 3-4 năm rồi vị vẫn đỉnh",một năm trước,,Google Maps,2026-08-29T07:17:49+00:00
google_maps_ChZDSUhNMG9nS0VJQ0FnSUNSaDdmSkNnEAE,OSM_node_9459474981,3,"Quán bình dân, giá cả phù hợp với công chức, người lao động.",3 năm trước,,Google Maps,2026-08-29T07:17:49+00:00
google_maps_ChdDSUhNMG9nS0VJQ0FnSURPMDhLeHV3RRAB,OSM_node_9459474981,5,Đồ ăn ngon. Quán bình dân k quá rộng rãi.,4 năm trước,,Google Maps,2026-08-29T07:17:49+00:00
google_maps_ChdDSUhNMG9nS0VJQ0FnSUMtNmZ6NXBnRRAB,OSM_node_9459474981,4,"Đồ ăn ngon, giá rẻ nhưng vệ sinh kém.",3 năm trước,,Google Maps,2026-08-29T07:17:49+00:00
google_maps_ChdDSUhNMG9nS0VJQ0FnSURlaE1MUHV3RRAB,OSM_node_9459474981,5,"Quán rất ngon, mỗi tội nhân viên ít và phục vui châm",3 năm trước,,Google Maps,2026-08-29T07:17:49+00:00
google_maps_ChZDSUhNMG9nS0VJQ0FnSUNsdWZEd2RREAE,OSM_node_9459474981,5,Quán vịt nướng ngon nhất Hn theo mình cảm nhận,2 năm trước,,Google Maps,2026-08-29T07:17:49+00:00
google_maps_ChZDSUhNMG9nS0VJQ0FnSUNScHByY1RBEAE,OSM_node_9459474981,5,Đồ ăn ngon. Giá cả hợp lý,3 năm trước,,Google Maps,2026-08-29T07:17:49+00:00
google_maps_ChZDSUhNMG9nS0VJQ0FnSUNXMHVLdUpREAE,OSM_node_9459474981,5,"Quán bình dân, đồ ăn ngon, giá cả phải chăng",Thời gian chỉnh sửa: 2 năm trước,,Google Maps,2026-08-29T07:17:49+00:00
google_maps_ChZDSUhNMG9nS0VJQ0FnSUNlcFA3R1pnEAE,OSM_node_9459474981,3,Quán vịt ăn ngon. Giá bình dân. Chỗ ngồi bình dân,3 năm trước,,Google Maps,2026-08-29T07:17:49+00:00
google_maps_Ci9DQUlRQUNvZENodHljRjlvT21OT2EwRm5lbGREYTNsU1gwZGlPRkZvVlRoUk9HYxAB,OSM_node_9498047319,2,"View cũng không có gì đẹp, khu này xuống cấp lắm rồi. Không có gì trang trí như 8 năm trước. Đến cũng không có hồ để chèo thuyền do đang đào bới. Có mỗi bể bơi to, xe đua thì nhỏ và cũ nên mọi người không đi. Chụp dc ở mỗi cái chữ thiên phú lâm",2 tháng trước,,Google Maps,2026-08-29T07:18:50+00:00
google_maps_Ci9DQUlRQUNvZENodHljRjlvT2pWMGVGcFNNVU5yV21oSWJqTmphV3haVVU5Sk0wRRAB,OSM_node_9498047319,3,"Hôm qua nhóm mình đi trong ngày, nắng nóng nên ko chơi được mấy. Khu này rộng trẻ con tha hồ chạy",2 tháng trước,,Google Maps,2026-08-29T07:18:50+00:00
google_maps_Ci9DQUlRQUNvZENodHljRjlvT2t0SmFrNDFZMGs1UWpkT01uWlplR042WjI5ZmRHYxAB,OSM_node_9498047319,5,"Đường đến khu dễ đi, mình đã quay lại đây nhiều lần rồi. Không khí trong lành, rừng thông check in như Đà Lạt, trẻ con nhà mình chạy nhảy, vui chơi thoải mái, an toàn",4 tháng trước,,Google Maps,2026-08-29T07:18:50+00:00
google_maps_Ci9DQUlRQUNvZENodHljRjlvT2toTVJHaDFZa1JpTFZSVGFHdHdPSE10YmxobVRWRRAB,OSM_node_9498047319,1,25/6 chắc tại trời mưa nên nhiều muỗi vằn quá. Đi mà muỗi đốt liên tục. Có vẻ không phù hợp với gia đình nhỏ. Mình ăn trưa ở ngoài trước khi vào vì trong này không nhiều đồ ăn. …,Thời gian chỉnh sửa: một năm trước,,Google Maps,2026-08-29T07:18:50+00:00
google_maps_Ci9DQUlRQUNvZENodHljRjlvT25VM2N6Vm5WVlpyVEhsdExVRjJNMUV0TFVGV05VRRAB,OSM_node_9498047319,5,"Khu đẹp, rộng rãi, có rừng thông tựa như Đà Lạt thu nhỏ, có nhiều hoạt động vui chơi cho trẻ em , đặc biệt là bể bơi với nguồn nước suối tự nhiên và diện tích lên tới 600m2.",11 tháng trước,,Google Maps,2026-08-29T07:18:50+00:00
google_maps_Ci9DQUlRQUNvZENodHljRjlvT21wNVMwNHpWMFZHUTBoNVVWcFJjMlJOVG1oSVgzYxAB,OSM_node_9498047319,5,"Khu rộng nhiều trò chơi phù hợp đi theo nhóm bạn. Có khu nhà hoa giấy nhiều phòng, rộng rãi sạch sẽ. Hôm mình đi chiều trời mưa nên tiếc là không bơi được. Lần sau sẽ quay lại",Thời gian chỉnh sửa: 11 tháng trước,,Google Maps,2026-08-29T07:18:50+00:00
google_maps_Ci9DQUlRQUNvZENodHljRjlvT2t0T2QwVTNNRWxHTTBoalgxOXZXVnB0TURCaGQzYxAB,OSM_node_9498047319,5,Chúng mình đã có một chuyến đi thật vui. Anh chị ở khu hỗ trợ rất nhiệt tình. Trời mưa bọn mình thuê lều trại qua đêm nhưbg được hỗ trợ ngủ tại các phòng cộng đồng. Năm nào bọn mình cũng tới đây tổ chức chương trình,11 tháng trước,,Google Maps,2026-08-29T07:18:50+00:00
google_maps_Ci9DQUlRQUNvZENodHljRjlvT25wT05rWmhNM1I2Y0ZGWmQyVmxVWEV0TWs1R1ZIYxAB,OSM_node_9498047319,5,"Mới vừa đi picnic trên này hôm 7/9 thì rất hài lòng - Cuối tuần đông ng mà vẫn thoáng mát lắm nhé, hơi nắng tí nma đc chuẩn bị đầy đủ ô quạt nên cũng chả lo …",11 tháng trước,,Google Maps,2026-08-29T07:18:50+00:00
google_maps_Ci9DQUlRQUNvZENodHljRjlvT2twWFZrUkhSVkozVUZoV1dtdDJZMVpGWmxKcVJuYxAB,OSM_node_9498047319,5,"- Ở đây gần nên bác nào trong nội thành Hn đi về trong ngày thoải mái, xe cộ cũng để thoải mái đường vào dễ nên mấy bác đi xe gầm thấp ko lo nhé - rừng với ven hồ rất thoáng mát, hôm em đi cũng nắng mà ko bị oi - Bể bơi sạch sẽ, ko sâu nên yên tâm cho mấy đứa nhỏ -Xe địa hình mới đầu nhìn sợ mà chơi rất phê nhé các bác, rất nên thử tại cũng ít chỗ có - mấy cái trò chơi cho trẻ con thì bạt ngàn, đến đây k sợ chúng nó ko có gì chơi - Giá rất rẻ, gdinh hay sinh viên đi cũng thoải mái ko lo đắt, so với dịchh vụ thì nnay là quá ok",11 tháng trước,,Google Maps,2026-08-29T07:18:50+00:00
google_maps_Ci9DQUlRQUNvZENodHljRjlvT2twWGJsZ3RNMEZ2YlRRNFdXZEJXV2QyU0dGdmQwRRAB,OSM_node_9498047319,1,"Ác mộng loa kéo, ngồi cạnh nhóm gia đình uống rượu hát max volume hãi hùng suốt mấy tiếng @@. Dù đi vào ngày thời tiết gió mát siêu đẹp nhưng ko thấy khu có gì đẹp, tiếc cho rừng thông đẹp mà quy hoạch và quản lý kém. Khu bên ngoài ồn ào nhộn nhạo, khu trong xuống cấp, bể bơi sặc mùi clo. Không quay lại!",3 tháng trước,,Google Maps,2026-08-29T07:18:50+00:00
google_maps_ChZDSUhNMG9nS0VJQ0FnSUM3bGZfWVVnEAE,OSM_node_9498047319,4,"Đường dễ đi, có biển chỉ dẫn, có cả bãi để xe máy lẫn ô tô, trong ngày và qua đêm Khu nói chung hơi cũ nhưng sạch sẽ. Vé vào 60k/người nếu đi trong ngày một số …",2 năm trước,,Google Maps,2026-08-29T07:18:50+00:00
google_maps_Ci9DQUlRQUNvZENodHljRjlvT21SdlF6bEdVazVyUkRKVVRHbFdjSHBoZGtoU1RtYxAB,OSM_node_9498047319,4,Hôm qua 21/9 đoàn mình đi thời tiết ủng hộ. Khách khá đông. Có cả đoàn học sinh và các gia đình cắm trại.,11 tháng trước,,Google Maps,2026-08-29T07:18:50+00:00
google_maps_Ci9DQUlRQUNvZENodHljRjlvT21Ob00weEpVVGMwVjFCNlJVcFdkREJMWVRsS1FXYxAB,OSM_node_9498047319,1,"Khu vực đang cải tạo, không có gì đẹp cũng không có gì chơi. Người bán vé cũng không thông báo cho khách. Vào nhà hàng ăn thì báo không nhận khách lẻ chỉ nhận đoàn??? …",2 tháng trước,,Google Maps,2026-08-29T07:18:50+00:00
google_maps_ChdDSUhNMG9nS0VJQ0FnSURCcU1TbXJRRRAB,OSM_node_9498047319,5,"Không gian rộng rãi, thoáng mát, có nhiều điểm để check-in, là một nơi khá lý tưởng để camping, có sân khấu, có cho thuê bếp nướng, thuê lều ở bên trong khu. Giá vé vào cửa 60k/người nha.",3 năm trước,,Google Maps,2026-08-29T07:18:50+00:00
google_maps_ChdDSUhNMG9nS0VJQ0FnSUNac1lDZ2tRRRAB,OSM_node_9498047319,4,"Một nơi gần Hà Nội tiện đổi gió cuối tuần, vé vào cổng 60k , ở qua đêm thì thêm 20k/người nữa. Mình mang theo đầy đủ đồ để camp qua đêm nên ko dùng thêm gì. Hôm mình đến thì có 1 đoàn các bạn trẻ đến chơi teambuiling rồi tối nhậu nhẹt nên khá ồn. Mình ko quá khắt khe việc này lắm vì dù sao cũng là không gian chung. Bực cái là đêm không biết nhà nào ở quanh đó hát vang vọng núi đồi giọng như bò rống ông ổng đến tận 2h sáng. Khu vệ sinh chung chưa được sạch sẽ lắm, có thể do khách đông dọn không kịp, có bình tắm nóng lạnh. Ưu điểm là có cái bể bơi to vãi nồi",2 năm trước,,Google Maps,2026-08-29T07:18:50+00:00
google_maps_ChZDSUhNMG9nS0VJQ0FnSUNNemREd1V3EAE,OSM_node_9498047319,5,"Khu sinh thái Thiên Phú Lâm cách Hà Nội chừng 1 giờ di chuyển, rất phù hợp cho những buổi dã ngoại trong ngày. Tại đây có thể tổ chức team building, đi theo cơ quan, gia đình. Không khí khá mát mẻ, xung quanh có đồi thông, hồ nước, bãi cỏ rộng. Có thể ăn tại đây hoặc mang theo đồ nướng (có cung cấp bếp nướng than hoa)",6 năm trước,,Google Maps,2026-08-29T07:18:50+00:00
google_maps_Ci9DQUlRQUNvZENodHljRjlvT25acVJFTlJlVmcwZWs5bFFqTlNTMVZ2ZG14V1EyYxAB,OSM_node_9498047319,5,"Đường đi từ HN lên rất tiện mà bãi xe rộng, nhà mình đi cả Carnival vào vẫn để thoải mái. Homestay tưởng đơn giản giống mấy chỗ cắm trại mà cũng sạch sẽ đầy đủ lắm",11 tháng trước,,Google Maps,2026-08-29T07:18:50+00:00
google_maps_ChZDSUhNMG9nS0VJQ0FnSURRLTVQVkVBEAE,OSM_node_9498047319,4,"Giá vé khoảng 60.000VND/người (đã bao gồm cả tiền gửi xe, phí vệ sinh, phí chơi trò chơi trong khu). Giá khá bình dân nên bạn tha hồ lượn xung quanh Thiên Phú Lâm mà không phải thu thêm khoản phí nào nhé. Tới Thiên Phú Lâm, bạn sẽ phải đi qua đoạn đường rừng uốn lượn, hai bên chỉ là cây cỏ hoa lá xanh tươi mát rượi. Tới đây bạn nên đi theo nhóm để thoải mái tổ chức cắm trại, tham gia nhiều hoạt động để gắn kết tình cảm với nhau để có những trải nghiệm du lịch bụi tuyệt vời.",8 năm trước,,Google Maps,2026-08-29T07:18:50+00:00
google_maps_ChdDSUhNMG9nS0VPR3J1Sm4yaGNtVXh3RRAB,OSM_node_9498047319,5,"Mình đã đến đây nhiều lần, không gian rộng và thoáng mát, bể bơi to nên trẻ con rất thích.các anh chị nhân viên cực kỳ thân thiệt. điểm trừ là khu vực vệ sinh chung xa và không được sạch cho lắm. nhất định mình sẽ quay lại thêm nhiều lần nữa ạ.",một năm trước,,Google Maps,2026-08-29T07:18:50+00:00
google_maps_Ci9DQUlRQUNvZENodHljRjlvT25WMlVrRlBla05HYXpaNGEwVkRUMmx6WVVwWVRYYxAB,OSM_node_9498047319,1,1⭐ cho trải nghiệm quá tệ tại Khu Sinh Thái Thiên Phú Lâm. Trẻ con trong nhóm tôi chỉ vào hỏi mua một chai nước Lavie mà bị chủ quán quát nạt và đòi tới 100.000đ cho một chai nước. Không chỉ giá vô lý mà thái độ với trẻ em cũng rất khó chấp …,5 tháng trước,,Google Maps,2026-08-29T07:18:50+00:00
google_maps_Ci9DQUlRQUNvZENodHljRjlvT2pGRU9VRTJRbVJ0WldsRGR6Rk5NVlE1VUdsQ05VRRAB,OSM_node_9498047319,1,"Khu đang cải tạo lộn xộn, nhưng nhân viên không thông báo minh bạch cho khách hàng lúc mua vé.",2 tháng trước,,Google Maps,2026-08-29T07:18:50+00:00
google_maps_ChZDSUhNMG9nS0VJQ0FnSURJdzhqTkVREAE,OSM_node_9498047319,4,Giá vé vào cửa 60k/ng Hoạt động ngoài trời - Nướng thịt - Quây quần - Đầm Ấm - Bên nhau trọn vẹn ngày cuối tuần. Tiết kiệm thời gian - Tiết kiệm chi phí - Cắm trại - Dã ngoại - Vui chơi - Xả hơi. Đây là một địa điểm du lịch mới nổi hiện nay ở Hà Nội rất được quan tâm. Nếu mọi người đang quan tâm đến nơi này thì hãy tham khảo kinh nghiệm đi chơi ở khu du lịch sinh thái Thiên Phú Lâm này nha. Ở khu du lịch sinh thái Thiên Phú Lâm có nhiều phong cảnh đẹp và trò chơi giải trí cực hấp dẫn nên bạn nhất định đừng bỏ qua,7 năm trước,,Google Maps,2026-08-29T07:18:50+00:00
google_maps_ChZDSUhNMG9nS0VJQ0FnSURUazdYdFl3EAE,OSM_node_9498047319,5,"Không gian rộng, thoáng đãng được vây quanh bởi rừng thông già.",2 năm trước,,Google Maps,2026-08-29T07:18:50+00:00
google_maps_ChdDSUhNMG9nS0VJQ0FnSUNxanZpNzh3RRAB,OSM_node_9498047319,4,"Nằm trong nhà view trọn rừng thông xanh thơ mộng. Ngôi nhà gỗ nằm trong quần thể villa ngay Sóc Sơn, gần Việt phủ Thành Chương, chỉ 40 phút từ trung tâm Hà Nội. …",5 năm trước,,Google Maps,2026-08-29T07:18:50+00:00
google_maps_ChZDSUhNMG9nS0VJQ0FnSUQ0aTVpZkRREAE,OSM_node_9498047319,3,"Khu sinh thái với rừng thông xanh, không khí trong lành Cách trung tâm thành phố Hà Nội không xa, chỉ 40km Co xe buýt từ bến xe mỹ đình qua cổng vào khu sinh thái",7 năm trước,,Google Maps,2026-08-29T07:18:50+00:00
google_maps_Ci9DQUlRQUNvZENodHljRjlvT25oSmJYVk1XamQ1YTNweGFEZHNRa1JmVUd3M2FVRRAB,OSM_node_9498047319,4,Rộng rãi nhưng xuống cấp khá nhiều. Phù hợp với gia đình có trẻ nhỏ,8 tháng trước,,Google Maps,2026-08-29T07:18:50+00:00
google_maps_Ci9DQUlRQUNvZENodHljRjlvT2xwcVdrazRlblJXZFhGbWFteFhZV010VldKTmVHYxAB,OSM_node_9498047319,5,"Rừng thông đẹp như Đà Lạt, đi vào mát hơn hẳn ,nhiều chỗ chơi cho bọn trẻ con, có cả mấy trò mạo hiểm cho cả người lớn.",11 tháng trước,,Google Maps,2026-08-29T07:18:50+00:00
google_maps_ChdDSUhNMG9nS0VJQ0FnSURUNDYzVjF3RRAB,OSM_node_9498047319,4,"Có nơi camping, hồ bơi, nhà hàng, chrfo thuyền, đá bóng...giá vé 60k/ng",2 năm trước,,Google Maps,2026-08-29T07:18:50+00:00
google_maps_ChdDSUhNMG9nS0VJQ0FnSUR3cU9hSmlRRRAB,OSM_node_9498047319,4,"Cách trung tâm TP HN 40Km. Đây là 1 nơi phù hợp để tổ chức các hoạt động dã ngoại, camping & teambuiding theo nhóm nhỏ. Nơi có rừng thông thẳng tắp, hồ cá trong xanh & bầu không khí trong lành !",7 năm trước,,Google Maps,2026-08-29T07:18:50+00:00
google_maps_ChdDSUhNMG9nS0VJQ0FnSURBbFBEUzdBRRAB,OSM_node_9498047319,5,"Đánh giá trên nhiều khía cạnh: + giá: 60k/ vé ( bao gồm gửi xe, tham quan và chơi trò chơi trong khu ) + cảnh và vật chất: vẫn đang xây dựng nên cảnh vẫn chưa nhiều. Đồ giá ko qua đắt …",8 năm trước,,Google Maps,2026-08-29T07:18:50+00:00
google_maps_ChZDSUhNMG9nS0VJQ0FnSUNyNGY2RVJREAE,OSM_node_9498047319,4,"Đoàn các gia đình của mình tìm chỗ để cho trẻ con vui chơi và ăn uống trc khi đi nhận phòng homestay ở Đồng Đò. Chốt chọn đây thay vì Bản Rõm. Ưu điểm: 1- Không gian rộng. Sạch sẽ, Rừng thông phủ kín, mát mẻ. Trẻ em tha hồ chạy nhảy. 2- Có bể bơi khá rộng, chia thành 2 phần cho trẻ em và người lớn. 3-Nhân viên nhiệt tình. 4-Có phục vụ ăn uống. Trong nhà có air-con. Hoặc ngồi ngoài trời view hồ. Có mái che. 5-Có các sân khấu, sân rộng phục vụ cho các đoàn team building. 6-Có cái lưới nhện khổng lồ treo giữa các cây. Cả ng lớn trẻ con đều chơi đc. Có mấy trò vận động cũng đc. Ai thích thi thố cũng vui. Nhược: 1- Hồ bơi chưa được chăm sóc sạch sẽ. Côn trùng rơi bể nhiều. Rêu nổi. Mới nhìn k dám bơi. Bể lại ốp gạch giả đá trắng nên nhìn k đc đẹp. Chỗ thay đồ thì vòi sen chế bằng ống nhựa hơi lỏm. Tốn nc mà k hiệu quả. Cửa khó đóng. Có mắc áo treo đồ trong p tắm nên cũng tiện. 2- Hôm mình đến nhà hơi xịt. 3- Nên có thêm trò chơi cho trẻ em chơi. Kể cả ở bể bơi nên làm mấy trò chơi nc. Sẽ hấp dẫn 4- Bãi đỗ ô tô nên quy hoạch kẻ ô cho dễ đỗ. Tránh lộn xộn.",2 năm trước,,Google Maps,2026-08-29T07:18:50+00:00
google_maps_ChdDSUhNMG9nS0VJQ0FnSUNCNDhXRTBnRRAB,OSM_node_9498047319,5,"Mình đi dịp tết dương lịch nhưng cũng k đông lắm. Vé vào 60k, thuê lều trong ngày 150k, chăn gối 50k/bộ cho 2 người. Ở đây có rừng thông, hồ nước thoáng mát, nhiều chỗ cho hội trẻ con nhảy nhót. …",3 năm trước,,Google Maps,2026-08-29T07:18:50+00:00
google_maps_ChdDSUhNMG9nS0VJQ0FnSUNrbG9qanp3RRAB,OSM_node_9498047319,5,"khá thích hợp để đi chơi hội nhóm vào cuối tuần hoặc các dịp lễ. Ở đây có đầy đủ dụng cụ picnic nên có thể thuê mà không cần mang theo cồng kềnh. Có cả cho thuê phòng nữa, phòng chỉ ngủ thôi chứ ko phải như homestay đâu ạ. Mình đến đây thì trời lại mưa to nên đc chuyển từ lều ngoài trời sang phòng mà ko tốn phí gì cả. Vui chơi thoải mái, có nhiều mô hình nhân tạo cũng đc, ko đc đẹp lắm thôi. Hình như có hồ bơi nhưng lúc mình đi thì chưa xây xong thì phải.",7 năm trước,,Google Maps,2026-08-29T07:18:50+00:00
google_maps_ChdDSUhNMG9nS0VJQ0FnSUMwNmRTY2hRRRAB,OSM_node_9498047319,5,Khu du lịch sinh thai thiên phú lâm -Rất nhiều cây xanh mát mẻ -Lại còn được cắm trại ngồi thổi bếp than nướng các đồ ăn rồi ngồi nhâm nhi thì …,6 năm trước,,Google Maps,2026-08-29T07:18:50+00:00
google_maps_ChdDSUhNMG9nS0VJQ0FnSUNUckpldjFRRRAB,OSM_node_9498047319,5,"Sạch sẽ, khu camping rộng nhất Sóc Sơn, tuy nhiên 1 số vị trí chưa đc chăm sóc tốt như khu bắn cung đã bỏ, có bể bơi rất rộng và khá sạch, có phòng qua đêm, hay hơn bản Rõm. Nói chung rất đáng để đi. Không có loa kéo là điểm cộng rất lớn.",2 năm trước,,Google Maps,2026-08-29T07:18:50+00:00
google_maps_Ci9DQUlRQUNvZENodHljRjlvT2tWSFVVVmpiRUk0ZURoS1JXVjRhMXBTVnpWcGJsRRAB,OSM_node_9498047319,5,"ngay gần hà nội mà có chỗ chơi như này rất tiện, đi xe có tiếng là đến rồi lại có chèo sub đúng môn mình thích chèo mãi k chán",11 tháng trước,,Google Maps,2026-08-29T07:18:50+00:00
google_maps_ChdDSUhNMG9nS0VJQ0FnSURlZ3FyaXJ3RRAB,OSM_node_9498047319,5,"Rộng rãi, sạch mát Hơi nhiều ong nên mn tránh xịt nước hoa hoặc xịt thơm vì sẽ bị những chú ong bám đuôi",3 năm trước,,Google Maps,2026-08-29T07:18:50+00:00
google_maps_ChdDSUhNMG9nS0VJQ0FnSUQ4cmVYWmtnRRAB,OSM_node_9498047319,4,"Rộng rai, không gian thoáng mát, phù hợp với những hoạt động trải nghiệm cho các bé",6 năm trước,,Google Maps,2026-08-29T07:18:50+00:00
google_maps_ChdDSUhNMG9nS0VJQ0FnSUM0c1lhWnlnRRAB,OSM_node_9498047319,5,"View đẹp. Cảnh quan rộng, thích hợp cắm trại, picnic. Nhiều trò chơi vận động thích hợp cho trò chơi nhóm và là nơi dã ngoại lý tưởng cho các em học sinh.",7 năm trước,,Google Maps,2026-08-29T07:18:50+00:00
google_maps_ChdDSUhNMG9nS0VJQ0FnSURvXzdUVV9RRRAB,OSM_node_9498047319,5,"Một nơi vô cùng lí tưởng để cắm trại, nhân viên phục vụ rất chu đáo. Giá cả phải chawbg chỉ có 60k/1 vé qua đêm. Đồi thông thích hợp để chụp ảnh sống ảo. Tối đến có thể đốt lửa trại rất vui. Có hồ đạp vịt và nhiều công trình nhân tạo khá đẹp mắt. Đây là một nơi thích hợp để xả stress vào những ngày cuối tuần.",7 năm trước,,Google Maps,2026-08-29T07:18:50+00:00
google_maps_Ci9DQUlRQUNvZENodHljRjlvT2pkbmVIRTFTWEpMVlZkdkxXUmhOa1pwUjNCUVRWRRAB,OSM_node_9498047319,5,Ở đây rất mát. Dễ chịu không bị nóng. Có các khu cho trẻ con chơi. Gia đình mình sẽ cho con quay trở lại chơi,11 tháng trước,,Google Maps,2026-08-29T07:18:50+00:00
google_maps_ChZDSUhNMG9nS0VJQ0FnSURZdE5QWFNBEAE,OSM_node_9498047319,4,Bị xuống cấp khá nhiều từ hồ nước đến bể bơi đều cạn. Rất rộng và có khá nhiều tiểu cảnh và công trình tạo hình đẹp. Cần có sự đầu tư và tu bổ hơn thì chắc chắn sẽ rất đông khách tham quan.,7 năm trước,,Google Maps,2026-08-29T07:18:50+00:00
google_maps_ChdDSUhNMG9nS0VJQ0FnSUMwM0pMVmhRRRAB,OSM_node_9498047319,5,"Lớp đi chụp kỉ yếu ở đây. Không khí trong lành thoáng mát, có nhiều chỗ để chơi, thích hợp cho cả tập thể hay các đôi đi riêng, buổi tối ở đaay không có đèn nên hơi sợ nhưng vẫn rất thích không khí nơi đây. Dịp nghỉ lễ tết mà đến đaay chơi thì tuyệt vời. ❤️🥰🥰 …",6 năm trước,,Google Maps,2026-08-29T07:18:50+00:00
google_maps_ChZDSUhNMG9nS0VJQ0FnSUNVaDdxNVBnEAE,OSM_node_9498047319,5,"Thuộc huyện sóc sơn,tp hà nội Với rừng thông đã tạo lên một phong cảnh đẹp Có thể tổ chức party night tại đây",7 năm trước,,Google Maps,2026-08-29T07:18:50+00:00
google_maps_ChZDSUhNMG9nS0VJQ0FnSUNZbC11b0ZnEAE,OSM_node_9498047319,5,"Chi phí không quá cao, có nvs riêng sạch sẽ và chỗ thuê lều trại, có nhiều địa điểm đẹp để thăm thú, chụp ảnh",Thời gian chỉnh sửa: một năm trước,,Google Maps,2026-08-29T07:18:50+00:00
google_maps_ChZDSUhNMG9nS0VJQ0FnSURncElyb2NBEAE,OSM_node_9498047319,3,"Địa điểm rộng, cảnh quan thiên nhiên đẹp, nhưng phục vụ không tốt, nhân viên ít. Đồ ăn tươi nhưng chế biến chưa ngon lâm.",8 năm trước,,Google Maps,2026-08-29T07:18:50+00:00
google_maps_ChdDSUhNMG9nS0VJQ0FnSURnbWItTHlRRRAB,OSM_node_9498047319,4,"Đẹp, giá cả hợp lý. Đang trong quá trình xây dựng và hoàn thiện",8 năm trước,,Google Maps,2026-08-29T07:18:50+00:00
google_maps_ChZDSUhNMG9nS0VJQ0FnSURBdmRpQVJnEAE,OSM_node_9498047319,5,"Tuyệt vời, ko ngờ ngay gần Hà Nội mà có chỗ rộng, đẹp và thoải mái ntn. Chất lượng cơ sở vật chất khá ok và giá khá mềm.",8 năm trước,,Google Maps,2026-08-29T07:18:50+00:00
google_maps_ChdDSUhNMG9nS0VJQ0FnSUNZeDdDVDRRRRAB,OSM_node_9498047319,4,"Khu du lịch sinh thái thuộc huyện sóc sơn, nằm cách Hn 40km về phía Bắc. Là 1 địa điểm hợp lý đi dã ngoại vào ngày cuối tuần. Có khu cắm trại, nướng đồ ăn, bể bơi, và các khu vui chơi tro trẻ con, các hoạt động ngoài trời của nhóm",7 năm trước,,Google Maps,2026-08-29T07:18:50+00:00
google_maps_ChdDSUhNMG9nS0VJQ0FnSURLekpyWjlBRRAB,OSM_node_9498047319,5,"Rất phù hợp để mn tụ tập picnic theo nhóm Càng đông càng vui vì không gian ở đây rộng, thoáng mát, giá vé cũng oki, chỉ việc mang đồ đến nướng có bếp, được đốt sẵn. Nói chung thích hợp cho việc cuối …",5 năm trước,,Google Maps,2026-08-29T07:18:50+00:00
google_maps_Ci9DQUlRQUNvZENodHljRjlvT21wblMyNDBRVXBQTUVkQlJEWkVYME4zTWpKRk0zYxAB,OSM_node_9931817258,5,"Công trình tượng đài này mới được xây dựng. Hồi xưa tôi nhớ không nhầm đây là một khu nhà kinh doanh gì đó, nhưng không hiệu quả và xuống cấp. Giờ chỗ này đã được chỉnh trang, xây dựng lại rất thoáng, cộng thêm việc Công viên thống nhất gỡ rào nên rất thoáng đãng.",6 tháng trước,,Google Maps,2026-08-29T07:20:32+00:00
google_maps_Ci9DQUlRQUNvZENodHljRjlvT25oVFJ6VTRNVE5OVGtSekxUZDNOWFJ4TXpORE9XYxAB,OSM_node_9931817258,5,không khí thoáng mát hình ảnh tượng đài Công an Nhân dân nhìn rất vip,4 tháng trước,,Google Maps,2026-08-29T07:20:32+00:00
google_maps_ChdDSUhNMG9nS0VJQ0FnSURCbExIbGxBRRAB,OSM_node_9931817258,5,"Với mục đích nhằm tôn vinh cống hiến, tượng đài “Công an nhân dân, cảnh sát nhân dân"" đã được xây dựng nhân kỷ niệm 60 năm Ngày truyền thống lực lượng Cảnh sát nhân dân (20/7/1962- 20/7/2022) công trình văn hóa có ý nghĩa biểu tượng, mang giá trị nhân văn sâu sắc tưởng niệm các chiến sĩ đã anh dũng hy sinh trong lúc làm nhiệm vụ để đảm bảo an ninh chính trị, trật tự an toàn xã hội, vì bình yên cuộc sống của nhân dân. Tượng đài cao 7,2m (cao 8,5m tính cả chân đế) được làm bằng ép đồng công nghệ cao, gồm 7 nhân vật điêu khắc thể hiện hình tượng chiến sỹ cảnh sát giao thông, cảnh sát phòng cháy, chữa cháy và cứu nạn, cứu hộ, là biểu tượng của sự dũng cảm, hy sinh vượt qua khó khăn, gian khổ trong cuộc chiến chống “giặc lửa,” bảo vệ tài sản của nhân dân. Tượng đài được đặt tại phố Trần Nhân Tông, phường Nguyễn Du, quận Hai Bà Trưng. Đây là vị trí đảm bảo trang trọng, trang nghiêm, thuận lợi cho việc tổ chức sinh hoạt chính trị, văn hóa của cán bộ, chiến sĩ công an, truyền tải được nội dung và thông điệp đến người xem bởi phong cách nghệ thuật hiện thực, gần gũi, giản dị và truyền cảm, góp phần nâng tầm giá trị cảnh quan đô thị. Có thể nói, trong các lực lượng Công an nhân dân, lực lượng Cảnh sát giao thông và lực lượng Cảnh sát phòng cháy, chữa cháy và cứu nạn, cứu hộ là hai trong số các lực lượng gần dân nhất, ngày đêm tiếp xúc trực tiếp, giúp đỡ người dân. Việc xây dựng, tôn vinh hình tượng của hai lực lượng trên mang thông điệp, ý nghĩa sâu sắc, nhằm nâng cao ý thức cho nhân dân Thủ đô luôn chấp hành tốt an toàn giao thông; phòng ngừa và nêu cao tinh thần phòng cháy, chữa cháy. Luôn có nhưng đoá hoa được đặt trước tượng đài ""Công an nhân dân vì dân phục vụ"" để tưởng niệm các chiến sĩ đã anh dũng hy sinh trong lúc làm nhiệm vụ. Tấm gương hy sinh quên mình để mình để dập lửa cứu người của những chiến sĩ cảnh sát Phòng cháy chữa cháy thời gian gần đây đã khiến người dân không khỏi xót thương, luyến tiếc. With the purpose of honoring dedication, the monument ""People's Public Security, People's Police"" was built on the occasion of the 60th anniversary of the Traditional Day of the People's Police force (1962 - 2022). Cultural works of symbolic significance, bearing profound human values commemorating the soldiers who heroically sacrificed themselves while on duty to ensure political security, social order and safety, for peace of people's life. The monument is 7.2m high (8.5m high including the base) made of high-tech copper press, including 7 sculptural figures representing the images of traffic policemen and fire police. It is also a symbol of courage and sacrifice to overcome difficulties and hardships in the fight against ""fire enemies,"" protecting people's property. The monument is located at Tran Nhan Tong street, Nguyen Du ward, Hai Ba Trung district. This is a position that ensures solemn, dignified, and convenient for organizing political and cultural activities of police officers and soldiers, conveying content and message to viewers by realistic art style, simple and inspiring, contributing to the enhancement of urban landscape values. It can be said that, among the People's Public Security forces, the Traffic Police and the Fire Prevention and Fighting Police and rescue and rescue are two of the closest forces to the people, day and night in direct contact to help people. The construction and honoring of the images of the two forces above carry a deep message and meaning, in order to raise the awareness for the people of the Capital to always obey traffic safety well; prevent and raise the spirit of fire prevention and fighting. There are always flowers placed in front of the monument ""People's Public Security for the People"" to commemorate the soldiers who heroically sacrificed themselves while on duty. The example of self-sacrificing self-sacrifice to put out fires to save lives of the fire prevention and fighting police officers recently made people feel pity and nostalgia.",3 năm trước,,Google Maps,2026-08-29T07:20:32+00:00
google_maps_ChdDSUhNMG9nS0VJQ0FnSUNMdHRqTF9BRRAB,OSM_node_9931817258,5,"Góc ngã tư, sàn rộng, mọi ng hay ngồi nghỉ và chơi đánh cầu đá bong quanh đây. Mặt sau là công viên Thống Nhất",2 năm trước,,Google Maps,2026-08-29T07:20:32+00:00
google_maps_ChdDSUhNMG9nS0VJQ0FnSURSbTlHT3VRRRAB,OSM_node_9931817258,5,"Tượng đài “Công an nhân dân vì dân phục vụ” nhằm mục đích tôn vinh sự hy sinh, cống hiến của lực lượng công an trong sự nghiệp bảo đảm an ninh, trật tự an toàn xã hội-vì bình yên của nhân dân.",3 năm trước,,Google Maps,2026-08-29T07:20:32+00:00
google_maps_ChdDSUhNMG9nS0VJQ0FnSUQtOHZ5U3RBRRAB,OSM_node_9931817258,5,"Một công trình đẹp và ý nghĩa. Từ ngày hoàn thiện xong là đường Quang Trung được mở lại thành 2 chiều như trước đây, địa điểm này trước là tụ điểm về tệ nạn xã hội nhưng bây giờ đã trở thành 1 sân chơi cho trẻ em, điểm tham quan của du khách trong và ngoài nước. Việt Nam rất nên có những tượng đài vinh danh thế này 🇻🇳 …",3 năm trước,,Google Maps,2026-08-29T07:20:32+00:00
google_maps_ChdDSUhNMG9nS0VJQ0FnSUN4a3FPa3l3RRAB,OSM_node_9931817258,4,Mang ý nghĩa biểu tượng nhưng không đẹp lắm,3 năm trước,,Google Maps,2026-08-29T07:20:32+00:00
google_maps_ChdDSUhNMG9nS0VJQ0FnSURldEl1OXd3RRAB,OSM_node_9931817258,2,"Tượng đài có dáng hùng vĩ .Nhưng địa điểm quá trật trội để tổ chức các buổi mít tinh Cụ thể như sáng nay 3/10/2022, vì buổi kỷ niệm ngày truyền thống PCCC CHCN mà phải chắn cả ba ngả đường gây ảnh hướng giao thông",3 năm trước,,Google Maps,2026-08-29T07:20:32+00:00
google_maps_ChdDSUhNMG9nS0VJQ0FnSUNoZ0p2WS13RRAB,OSM_node_9931817258,2,"Tượng đài rất đẹp, rất hoành tráng, chắc chắn tốn rất nhiều tiền nhưng thật buồn vì vắng lặng, chẳng ai đến chiêm ngưỡng hay chụp ảnh lưu niệm. Nói chung nó là một địa điểm đáng lẽ phải là nơi tụ tập, vui chơi, nơi lưu giữ kỷ niệm của người …",3 năm trước,,Google Maps,2026-08-29T07:20:32+00:00
google_maps_ChdDSUhNMG9nS0VJQ0FnSUNCNFpfajJ3RRAB,OSM_node_9931817258,5,Rất đẹp và thoáng mn ạ! Đẹp lắm,3 năm trước,,Google Maps,2026-08-29T07:20:32+00:00
google_maps_ChZDSUhNMG9nS0VJQ0FnSUQtNnJyekt3EAE,OSM_node_9931817258,4,Là chỗ chơi vui cho trẻ nhỏ nhưng không gian công cộng mà nhiều người cho chó đái vệ sinh ngay chân tượng đài và các chậu hoa,3 năm trước,,Google Maps,2026-08-29T07:20:32+00:00
google_maps_ChZDSUhNMG9nS0VJQ0FnSUMxeXV6ekNBEAE,OSM_node_9931817258,5,"Tượng đẹp và giàu ý nghĩa ,chỗ ngồi thoải mái ,sân đằng trước rộng. Cảnh đẹp",2 năm trước,,Google Maps,2026-08-29T07:20:32+00:00
google_maps_ChdDSUhNMG9nS0VJQ0FnSURlM0tMX2hBRRAB,OSM_node_9931817258,2,Không phù hợp để đặt tượng đài. Mà sao cứ phải tượng đài mà không phải công trình có tính có ích cho cộng đồng,3 năm trước,,Google Maps,2026-08-29T07:20:32+00:00
google_maps_ChZDSUhNMG9nS0VJQ0FnSURCeHFXeE5nEAE,OSM_node_9931817258,4,Phố đi bộ mới Trần Nhân Tông,3 năm trước,,Google Maps,2026-08-29T07:20:32+00:00
google_maps_ChZDSUhNMG9nS0VJQ0FnSUNoNklHZEFnEAE,OSM_node_9931817258,5,"Vào dịp tết, nơi đây là nơi tập trung bán mai, đào, hoa chơi tết từ thương nhân các tỉnh.",3 năm trước,,Google Maps,2026-08-29T07:20:32+00:00
google_maps_ChdDSUhNMG9nS0VJQ0FnSUNacVptQjhnRRAB,OSM_node_9931817258,5,Cảnh đẹp gần công viên,2 năm trước,,Google Maps,2026-08-29T07:20:32+00:00
google_maps_Ci9DQUlRQUNvZENodHljRjlvT2tweFVXdEVVMnhwUWxCVlVqVlRVVTlQYmtGS2VHYxAB,OSM_node_9931817258,5,Mới đi xem duyệt binh qua đông phết,11 tháng trước,,Google Maps,2026-08-29T07:20:32+00:00
google_maps_ChZDSUhNMG9nS0VJQ0FnSUQzM1l1N2ZREAE,OSM_node_9931817258,5,Là nơi tập trung tổ chức sự kiện có ý nghĩa.,một năm trước,,Google Maps,2026-08-29T07:20:32+00:00
google_maps_ChZDSUhNMG9nS0VJQ0FnSURlek5YNUF3EAE,OSM_node_9931817258,4,Địa điểm này phù hợp thêm chút không gian để đưa trẻ nhỏ cuối tuần ra nô đùa chút,3 năm trước,,Google Maps,2026-08-29T07:20:32+00:00
google_maps_ChdDSUhNMG9nS0VJQ0FnSUNCMWNpdnVBRRAB,OSM_node_9931817258,3,Rất đẹp...,3 năm trước,,Google Maps,2026-08-29T07:20:32+00:00
google_maps_ChZDSUhNMG9nS0VJQ0FnSUR1M2RyS1F3EAE,OSM_node_9931817258,5,"Đẹp, ý nghĩa và mang tính biểu tượng cao",4 năm trước,,Google Maps,2026-08-29T07:20:32+00:00
google_maps_ChZDSUhNMG9nS0VJQ0FnSUR1cnFub1VREAE,OSM_node_9931817258,5,Khá đẹp,4 năm trước,,Google Maps,2026-08-29T07:20:32+00:00
google_maps_Ci9DQUlRQUNvZENodHljRjlvT25FNWIxWkdaRTgxVFdSZldUTktZVU5TWVU5c2FGRRAB,OSM_node_9931817258,5,Ok nha,8 tháng trước,,Google Maps,2026-08-29T07:20:32+00:00
google_maps_ChZDSUhNMG9nS0VJQ0FnSURoOXZyMVF3EAE,OSM_node_9931817258,5,Cảnh đẹp và sạch sẽ!,3 năm trước,,Google Maps,2026-08-29T07:20:32+00:00
google_maps_ChdDSUhNMG9nS0VJQ0FnTURvX01fRHVRRRAB,OSM_node_9931817258,4,Đông vui,một năm trước,,Google Maps,2026-08-29T07:20:32+00:00
google_maps_ChdDSUhNMG9nS0VJQ0FnSUMxbmZ2OV9BRRAB,OSM_node_9931817258,5,To đẹp và nổi bật,2 năm trước,,Google Maps,2026-08-29T07:20:32+00:00
google_maps_ChdDSUhNMG9nS0VJQ0FnSUMtbktqT2xRRRAB,OSM_node_9931817258,1,Xấu kinh khủng,3 năm trước,,Google Maps,2026-08-29T07:20:32+00:00
google_maps_Ci9DQUlRQUNvZENodHljRjlvT2tsd2FFMXhWM1Z4Vm1OcU9WOUVTVlZZVWxsNFozYxAB,OSM_node_9931817258,5,Tuyệt vời,một tháng trước,,Google Maps,2026-08-29T07:20:32+00:00
google_maps_Ci9DQUlRQUNvZENodHljRjlvT2tJMGJ6Tk5ObTl4VGxkTFNXMUhXVUZwTms1SVQxRRAB,OSM_node_9931817258,3,"Mặc dù nằm gần công viên nhưng địa điểm này khá hẹp, nên việc tổ chức các sự kiện lớn ở đây rất khó khăn.",một năm trước,,Google Maps,2026-08-29T07:20:32+00:00
google_maps_Ci9DQUlRQUNvZENodHljRjlvT21oSGMzQmFhbEpxU1dadlJUWkVTbEpaZUhkaWNuYxAB,OSM_node_9931817258,5,Một bức tượng đầy ý nghĩa thể hiện sự trân trọng của đất nước đối với lực lượng cảnh sát và người dân phục vụ công chúng. Bức tượng vừa đẹp mắt vừa mang một thông điệp mạnh mẽ.,một năm trước,,Google Maps,2026-08-29T07:20:32+00:00
google_maps_ChZDSUhNMG9nS0VJQ0FnSUNCaTl5NUx3EAE,OSM_node_9931817258,5,Đây là một tượng đài đẹp và đầy lòng tôn kính dành cho những người phục vụ đồng loại.,3 năm trước,,Google Maps,2026-08-29T07:20:32+00:00
google_maps_Ci9DQUlRQUNvZENodHljRjlvT25OTk5IWXhXRUpqVFdkV01WazVWR1JSV2w5UWJYYxAB,OSM_node_9931817258,4,Ở quê nhà bạn sẽ không thấy cảnh này.,9 tháng trước,,Google Maps,2026-08-29T07:20:32+00:00
google_maps_Ci9DQUlRQUNvZENodHljRjlvT2t0d1YxTTRNak50WnpaMmJUaDBha05oYjBSelltYxAB,OSM_node_9931817258,5,,9 tháng trước,,Google Maps,2026-08-29T07:20:32+00:00
google_maps_Ci9DQUlRQUNvZENodHljRjlvT2trMmFIaFJRVXgwU2paWlNYTXRUR1JsYWpSTFJrRRAB,OSM_node_9931817258,5,,một năm trước,,Google Maps,2026-08-29T07:20:32+00:00
google_maps_ChdDSUhNMG9nS0VJQ0FnSUNYM2NLZHpRRRAB,OSM_node_9931817258,5,,một năm trước,,Google Maps,2026-08-29T07:20:32+00:00
google_maps_Ci9DQUlRQUNvZENodHljRjlvT2tWZk1URkpiMWc1WmpSQk1YUmpWR3R1VTFaelIyYxAB,OSM_node_9931817258,5,,8 tháng trước,,Google Maps,2026-08-29T07:20:32+00:00
google_maps_ChdDSUhNMG9nS0VJQ0FnSUM3aEllcjZRRRAB,OSM_node_9931817258,5,Được rồi,2 năm trước,,Google Maps,2026-08-29T07:20:32+00:00
google_maps_Ci9DQUlRQUNvZENodHljRjlvT2tZMGVYSnBkRlF5TUhSWU0wdFVSVUpMVm5KbVdFRRAB,OSM_node_9931817258,5,🙏 …,một tuần trước,,Google Maps,2026-08-29T07:20:32+00:00
google_maps_Ci9DQUlRQUNvZENodHljRjlvT2tRMlgwbFhZVWMyY3pWelNUQlZWMHMwVEZBd1ZXYxAB,OSM_node_9931817258,5,,9 tháng trước,,Google Maps,2026-08-29T07:20:32+00:00
google_maps_Ci9DQUlRQUNvZENodHljRjlvT2tSNFYyeFViMjF3VldsTWVYUkNURzF2YW5vM09HYxAB,OSM_node_9931817258,5,,9 tháng trước,,Google Maps,2026-08-29T07:20:32+00:00
google_maps_Ci9DQUlRQUNvZENodHljRjlvT2pKeFpqWktURzVQWkcxNFgwcFBRbTFwT0RkQ2VtYxAB,OSM_node_9931817258,5,,9 tháng trước,,Google Maps,2026-08-29T07:20:32+00:00
google_maps_Ci9DQUlRQUNvZENodHljRjlvT2xCbFV6bEZaMEZqYzJORWVHdFdOVVZHTTJGc1VIYxAB,OSM_node_9931817258,5,,11 tháng trước,,Google Maps,2026-08-29T07:20:32+00:00
google_maps_Ci9DQUlRQUNvZENodHljRjlvT2tWNllYZHpNVkZyYlcxaFJIcG5OelkyT0hvMk1XYxAB,OSM_node_9931817258,5,,11 tháng trước,,Google Maps,2026-08-29T07:20:32+00:00
google_maps_Ci9DQUlRQUNvZENodHljRjlvT20xcWFXd3RNSFZtWTNKdlNUaGxOVUZJV2pKcFVsRRAB,OSM_node_9931817258,5,,một năm trước,,Google Maps,2026-08-29T07:20:32+00:00
google_maps_Ci9DQUlRQUNvZENodHljRjlvT25GTWFrRnRhbVE1UVVSNFFucEpVbXRxT0RSekxVRRAB,OSM_node_9931817258,5,,một năm trước,,Google Maps,2026-08-29T07:20:32+00:00
google_maps_Ci9DQUlRQUNvZENodHljRjlvT2xRelgxZGhNVlUzYkZST2JHNTRZWGRHWnpObFVGRRAB,OSM_node_9931817258,5,,một năm trước,,Google Maps,2026-08-29T07:20:32+00:00
google_maps_ChZDSUhNMG9nS0VQejhqYUhxaGZIQ0ZnEAE,OSM_node_9931817258,5,,một năm trước,,Google Maps,2026-08-29T07:20:32+00:00
google_maps_ChZDSUhNMG9nS0VJQ0FnTURvcmV2QkVBEAE,OSM_node_9931817258,5,,một năm trước,,Google Maps,2026-08-29T07:20:32+00:00
google_maps_ChZDSUhNMG9nS0VJQ0FnTUN3bUthV1dnEAE,OSM_node_9931817258,5,,một năm trước,,Google Maps,2026-08-29T07:20:32+00:00
google_maps_ChZDSUhNMG9nS0VJQ0FnTURBcjVLbkl3EAE,OSM_node_9931817258,5,,một năm trước,,Google Maps,2026-08-29T07:20:32+00:00
google_maps_ChZDSUhNMG9nS0VJQ0FnSURobU9yREFREAE,OSM_node_9959129517,4,Quê hương của tôi chuyên làm bánh đa bánh tráng và thành trống cho cả nước. Hình ảnh giới thiệu nơi sản xuất trống là nhà bác bên ngoại của tôi,3 năm trước,,Google Maps,2026-08-29T07:20:58+00:00
google_maps_Ci9DQUlRQUNvZENodHljRjlvT2w5Sk4wcEJWMlpMY1dsT04xaHFSSFJRVkV4V1RrRRAB,OSM_node_9959129517,5,,4 tháng trước,,Google Maps,2026-08-29T07:20:58+00:00
google_maps_ChdDSUhNMG9nS0VJQ0FnTUR3eXF2V3BnRRAB,OSM_node_9959129517,5,,một năm trước,,Google Maps,2026-08-29T07:20:58+00:00
google_maps_ChdDSUhNMG9nS0VJQ0FnSUQzamRiaDlRRRAB,OSM_node_9959129517,3,,một năm trước,,Google Maps,2026-08-29T07:20:58+00:00
google_maps_ChZDSUhNMG9nS0VJQ0FnSUR6NWNlRlBBEAE,OSM_node_9959129517,5,,2 năm trước,,Google Maps,2026-08-29T07:20:58+00:00
google_maps_ChZDSUhNMG9nS0VJQ0FnSUR0M19XMGRnEAE,OSM_node_9959129517,5,,2 năm trước,,Google Maps,2026-08-29T07:20:58+00:00
google_maps_Ci9DQUlRQUNvZENodHljRjlvT20xUlRGcEtkbGw0VTBsWVZYVjVSV3BzVG5OaExVRRAB,OSM_node_10209353562,5,"Tượng đài Chủ tịch Hồ Chí Minh cao 7,2 m được đặt trước trụ sở UBND thành phố, trên quảng trường đi bộ Nguyễn Huệ hướng về Bến Bạch Đằng (sông Sài Gòn) . Vị trí đặt tượng Bác đã được lãnh đạo TPHCM và Trung ương xem xét, cân nhắc rất kỹ trước khi chọn địa điểm tại công viên trước trụ sở HĐND, UBND TP, hướng ra bờ sông Sài Gòn, dọc phố đi bộ Nguyễn Huệ. Theo Phó Chủ tịch UBND TPHCM Hứa Ngọc Thuận, vị trí đặt tượng là “địa chỉ vàng” của TP cả về cảnh quan, không gian kiến trúc, về giá trị văn hóa, lịch sử, gắn với sự phát triển hiện tại; là không gian mở, đẹp, trang trọng, ấm cúng, gần gũi với người dân. Đây cũng là nơi đón tiếp nhiều du khách trong và ngoài nước đến TPHCM tham quan.",Thời gian chỉnh sửa: một tháng trước,,Google Maps,2026-08-29T07:21:47+00:00
google_maps_Ci9DQUlRQUNvZENodHljRjlvT2xsUFpteDFUQzEwVmtRNWFEUTNNelI2Y1VGemRHYxAB,OSM_node_10209353562,5,"Tượng Chủ Tịch Hồ Chí Minh được tổ Chức Khánh Thành 17/5/2015 , Đảng bộ thành phố về hoàn thành xây dựng Tượng đài Chủ Tịch Hồ Chí Minh tại quảng trường Nguyễn Huệ, Trước UBND TP.HỒ CHÍ MINH , Tượng Chủ Tịch Hồ Chí Minh cao 7,2 mét Hướng về …",2 tháng trước,,Google Maps,2026-08-29T07:21:47+00:00
google_maps_Ci9DQUlRQUNvZENodHljRjlvT2tOMlZIUlRXbVJ0VDBoQ1RYTmpabHBOWkZWNlNGRRAB,OSM_node_10209353562,5,"Tượng Bác đối diện trụ sở UBND thành phố Hồ Chí Minh, xung quanh tượng bác được phủ hoa sen nhìn rất đẹp. Tượng bác đặt đây vừa mang nét giao thoa Á Đông của người Việt vừa mang nét cổ kính, thanh lịch của Châu Âu. Xung quanh tượng bác ngoài trụ sở UBND còn nhiều địa điểm biểu tượng khác như Vincom, Takashiyama, Dinh Độc Lập, Bảo tàng TP.HCM,...tiện cho mọi người ghé thăm quan!",3 tháng trước,,Google Maps,2026-08-29T07:21:47+00:00
google_maps_Ci9DQUlRQUNvZENodHljRjlvT2tGTFh6WnBOa1ZhVTBKMmFpMW5TMnRWU21ac01YYxAB,OSM_node_10209353562,5,"Vị trí đối diện Ủy ban nhân dân Thành phố, xung quanh là công viên với nhiều hoa tươi thắm. Tượng đài Chủ tịch Hồ Chí Minh không chỉ là nơi tham quan mà còn là không gian …",4 tháng trước,,Google Maps,2026-08-29T07:21:47+00:00
google_maps_Ci9DQUlRQUNvZENodHljRjlvT2xsc09WRldSVmRUUmtGVmNFTkZVMEYyV2poaWFtYxAB,OSM_node_10209353562,5,Đang có trình diễn Map 3D Chào mừng 50 năm thành phố mang tên Bác.,một tháng trước,,Google Maps,2026-08-29T07:21:47+00:00
google_maps_Ci9DQUlRQUNvZENodHljRjlvT201MmVsUndjVkIwZWpSaVlVeHlWMUEzTURWeU0xRRAB,OSM_node_10209353562,5,"Tượng đài Chủ tịch Hồ Chí Minh Nằm ngay phía trước trụ sở UBND TP.HCM, hướng mặt ra phố đi bộ Nguyễn Huệ – đây …",3 tháng trước,,Google Maps,2026-08-29T07:21:47+00:00
google_maps_Ci9DQUlRQUNvZENodHljRjlvT201clUxRk9RMlJPY1RWdkxWbE9WRXRKYkZwVVRIYxAB,OSM_node_10209353562,5,"Tượng Chủ tịch Hồ Chí Minh trước Uỷ ban Nhân dân TPHCM là một công trình biểu tượng mang ý nghĩa lịch sử, đời đời tưởng nhớ công lao của Bác Hồ với đất nước. Nơi đây là điểm tham quan nổi tiếng của du khách khi đến du lịch tại TPHCM. Tượng Bác rất đẹp, về đêm thì lên đèn càng đẹp hơn, khu vực xung quanh thì cũng được bày trí với nhiều loại bông hoa. Du khách tới đây rất thích chụp hình, tham quan quanh tượng đài.",6 tháng trước,,Google Maps,2026-08-29T07:21:47+00:00
google_maps_Ci9DQUlRQUNvZENodHljRjlvT2tjd1FWSnNkMW96WmxKdGVVVmFNbXBSZDBWek9HYxAB,OSM_node_10209353562,5,Tượng Hồ Chí Minh vĩ đại và nằm tại một vị trí rất đẹp. Cực kỳ thú vị! Hình chụp vào ngày 19 tháng 12 năm 2025.,4 tháng trước,,Google Maps,2026-08-29T07:21:47+00:00
google_maps_Ci9DQUlRQUNvZENodHljRjlvT2s4MFFXaGxRMjFHWTBsNlVYSkpWRmd4UmxkVlpYYxAB,OSM_node_10209353562,4,"Địa điểm tham quan cho khách du lịch, ngay UBND thành phố Hồ Chí Minh, phố đi bộ Nguyễn Huệ, nhà hát thành phố",3 tháng trước,,Google Maps,2026-08-29T07:21:47+00:00
google_maps_Ci9DQUlRQUNvZENodHljRjlvT25CUFNIRm1ZbVUzV2tGbWVuTldkRTVXTlZCdVJuYxAB,OSM_node_10209353562,5,"Khu vực được giám sát , có trật tự, an toàn, view tốt để ngắm nhìn thành phố, sự tiến bộ của đô thị, hôm đó mình có đi xem buổi biểu diễn mapping kỉ niệm 50 năm thành phố mang tên Bác, khá thú vị.",một tháng trước,,Google Maps,2026-08-29T07:21:47+00:00
google_maps_Ci9DQUlRQUNvZENodHljRjlvT2pWVlZreFRUVGxoYWxaM1pFWnBXVUZVU1Rkb2FGRRAB,OSM_node_10209353562,5,"Tượng đài Chủ tịch Hồ Chí Minh tại Quận 1 không chỉ là một kiệt tác điêu khắc mà còn là ""trái tim"" của thành phố, nơi kết tinh tình cảm son sắt của nhân dân miền Nam dành cho Bác Hồ kính yêu …",5 tháng trước,,Google Maps,2026-08-29T07:21:47+00:00
google_maps_Ci9DQUlRQUNvZENodHljRjlvT204ekxUUndSbEpQTUZkb2IwTldiVGRrWTNvM1FYYxAB,OSM_node_10209353562,5,"Không gian Tượng đài Bác thật đẹp, văn minh Con cháu Bác khắp nơi về đây thăm viếng Đời Đời Nhớ ơn Bác Hồ kính yêu!",7 tháng trước,,Google Maps,2026-08-29T07:21:47+00:00
google_maps_Ci9DQUlRQUNvZENodHljRjlvT2xKMFdVUjFWMDVpYUZselptSlpNVTloWDFOWlVGRRAB,OSM_node_10209353562,3,A great place to visit at night. The statue and the City Hall building are absolutely beautiful! Một nơi rất tuyệt để đi dạo vào ban đêm. Bức tượng và tòa nhà Ủy ban Nhân dân thành phố thực sự rất đẹp!,4 tháng trước,,Google Maps,2026-08-29T07:21:47+00:00
google_maps_Ci9DQUlRQUNvZENodHljRjlvT2xaSFFXdzFWbDlQTVU1RmRrZEpibk54WDNsbVVIYxAB,OSM_node_10209353562,5,"Tượng đài Chủ tịch Hồ Chí Minh cao 7,2 m được đặt trước trụ sở UBND thành phố, trên quảng trường đi bộ Nguyễn Huệ hướng về Bến Bạch Đằng (sông Sài Gòn) vừa được khánh thành sáng 17/5/2015",8 tháng trước,,Google Maps,2026-08-29T07:21:47+00:00
google_maps_Ci9DQUlRQUNvZENodHljRjlvT25CWVVGTm1iVTFrYUc4emJFTlJYMk5SYkZZMVdXYxAB,OSM_node_10209353562,5,"Tượng Chủ tịch Hồ Chí Minh là một công trình biểu tượng mang ý nghĩa lịch sử, đời đời tưởng nhớ công lao của Bác Hồ với đất nước. Đây là điểm tham quan nổi tiếng của du khách khi đến du lịch tại TPHCM. Về đêm khu vực xung quanh cũng được bày trí với nhiều loại bông hoa. Du khách tới đây có thể chụp hình, tham quan quanh tượng đài.",4 tháng trước,,Google Maps,2026-08-29T07:21:47+00:00
google_maps_Ci9DQUlRQUNvZENodHljRjlvT25GT056bGxiM0ZMTmpNM1FtOUdRbmMzVlMxdFVHYxAB,OSM_node_10209353562,5,"Tượng đài Chủ tịch Hồ Chí Minh tại phố đi bộ Nguyễn Huệ là một trong những công trình mang ý nghĩa lịch sử, văn hóa và tinh thần sâu sắc bậc nhất tại TP. Hồ Chí Minh. Không chỉ là một điểm tham quan quen thuộc, nơi đây còn là biểu tượng thiêng liêng thể hiện lòng biết ơn, sự kính trọng của nhân dân đối với vị lãnh tụ vĩ đại của dân tộc Việt Nam. Giữa không gian đô thị hiện đại và nhộn nhịp, tượng đài Bác Hồ vẫn giữ được vẻ trang nghiêm, bình dị và đầy cảm xúc. Ấn tượng đầu tiên khi đứng trước tượng đài là hình ảnh Chủ tịch Hồ Chí Minh với dáng đứng ung dung, ánh mắt hiền từ và cánh tay vẫy chào, như đang dõi theo từng bước phát triển của thành phố. Bên cạnh là hình ảnh các em thiếu nhi quây quần bên Bác, thể hiện tình yêu thương sâu sắc mà Người dành cho thế hệ tương lai. Bố cục tượng hài hòa, gần gũi, không tạo cảm giác xa cách mà ngược lại rất ấm áp, khiến người đứng trước tượng dễ dàng cảm nhận được sự thân thương và giản dị – những phẩm chất tiêu biểu gắn liền với Bác Hồ. Không gian xung quanh tượng đài được quy hoạch rộng rãi, sạch sẽ và thoáng đãng, với thảm cỏ xanh, lối đi lát đá và tầm nhìn mở ra toàn bộ phố đi bộ Nguyễn Huệ. Ban ngày, nơi đây mang vẻ yên bình, trang nghiêm; còn khi chiều tối, ánh đèn dịu nhẹ càng làm nổi bật hình ảnh Bác giữa trung tâm thành phố. Rất nhiều người dân và du khách dừng lại chụp ảnh, ngắm nhìn, hoặc đơn giản là đứng lặng vài phút để suy ngẫm. Dù là người lớn tuổi, thanh niên hay trẻ nhỏ, ai đến đây cũng đều giữ một thái độ trân trọng nhất định. Tượng đài Chủ tịch Hồ Chí Minh không chỉ là nơi tham quan mà còn là không gian sinh hoạt tinh thần quan trọng. Vào các dịp lễ lớn, ngày kỷ niệm hay sự kiện trọng đại của đất nước, khu vực này thường diễn ra các hoạt động tưởng niệm, dâng hoa, sinh hoạt chính trị – văn hóa mang tính cộng đồng cao. Những khoảnh khắc ấy càng làm nổi bật vai trò của tượng đài như một điểm tựa tinh thần, gắn kết con người với lịch sử và cội nguồn dân tộc. Điểm đặc biệt là dù nằm ngay giữa khu vực sôi động bậc nhất thành phố, tượng đài vẫn giữ được sự trang nghiêm cần có. Người dân đến đây phần lớn đều có ý thức giữ gìn trật tự, vệ sinh và thể hiện sự tôn kính. Điều này cho thấy giá trị tinh thần của công trình không chỉ nằm ở hình thức kiến trúc, mà còn ở cách nó được cộng đồng đón nhận và gìn giữ. Tổng thể, tượng đài Chủ tịch Hồ Chí Minh tại Nguyễn Huệ là một địa điểm không thể bỏ qua khi đến TP. Hồ Chí Minh. Đây không chỉ là nơi để chụp ảnh hay tham quan, mà còn là không gian để mỗi người Việt Nam dừng lại, nhớ về lịch sử, về những giá trị lớn lao mà Chủ tịch Hồ Chí Minh đã để lại. Giữa một thành phố không ngừng phát triển, tượng đài Bác Hồ vẫn đứng đó, giản dị nhưng vững vàng, như một lời nhắc nhở nhẹ nhàng về lòng yêu nước, sự nhân ái và trách nhiệm với tương lai đất nước.",8 tháng trước,,Google Maps,2026-08-29T07:21:47+00:00
google_maps_Ci9DQUlRQUNvZENodHljRjlvT21rMFJ5MXNTWGxpYUMwd2RXSktZbDlZZHpBM2VrRRAB,OSM_node_10209353562,5,Một nơi nghỉ dưỡng thật tuyệt vời. Và những khoảnh khắc thật ấn tượng cuối tuần,một tháng trước,,Google Maps,2026-08-29T07:21:47+00:00
google_maps_Ci9DQUlRQUNvZENodHljRjlvT25OZlpWVmFSM1YzWkZBMFRXcHZPVmN6U1hGYWFWRRAB,OSM_node_10209353562,5,Kỷ niệm 50 năm đổi tên Sài gòn Gia Định thành thành phố Hồ Chí Minh,một tháng trước,,Google Maps,2026-08-29T07:21:47+00:00
google_maps_Ci9DQUlRQUNvZENodHljRjlvT2kxb1VsZDRaMk40VXpWM1YxbHRUMnhpZEc4M01HYxAB,OSM_node_10209353562,5,"Mình đã đến đây khá nhiều lần, cơ mà có lẽ là lần đầu mình ra đây 1 mình vào 1h sáng. Chụp tấm ảnh, nhìn dòng người, cảm nhận cái gió lạnh của sài gòn.",7 tháng trước,,Google Maps,2026-08-29T07:21:47+00:00
google_maps_Ci9DQUlRQUNvZENodHljRjlvT214RmVuSkdVVlJVVTI5SVEwNDNPVTB5YkROcGRsRRAB,OSM_node_10209353562,1,"Nơi công cộng nhiều người hút thuốc lá nhưng ko ai đi nhắc nhở và xử phạt. ""Hút thuốc nơi công cộng bị phạt tiền từ 200.000 đến 500.000 đồng theo Điều 25 Nghị định 117/2020/NĐ-CP""",8 tháng trước,,Google Maps,2026-08-29T07:21:47+00:00
google_maps_Ci9DQUlRQUNvZENodHljRjlvT21aalMyVlJVMVZQT0VOU1RrNDBibTAwT0V0d2FVRRAB,OSM_node_10209353562,5,Điểm check in cho khách dunlichj khi tới tp HCM,4 tháng trước,,Google Maps,2026-08-29T07:21:47+00:00
google_maps_Ci9DQUlRQUNvZENodHljRjlvT21kT1lYbEZTMlp6VWpaM1ZGSmlTMGsxWm1Kek9HYxAB,OSM_node_10209353562,5,Sách sẽ thoáng mát không cho tụ tập rất ok,một tháng trước,,Google Maps,2026-08-29T07:21:47+00:00
google_maps_Ci9DQUlRQUNvZENodHljRjlvT2xkRmJYZGFOME0yZFdOME5VaGpXbkZaU1dVMVRGRRAB,OSM_node_10209353562,5,"The statue of President Ho Chi Minh on Nguyen Hue Walking Street is a sacred symbol closely associated with the image of the city and Vietnam as a whole. Situated at the heart of one of Saigon’s busiest pedestrian streets, the monument …",một năm trước,,Google Maps,2026-08-29T07:21:47+00:00
google_maps_Ci9DQUlRQUNvZENodHljRjlvT2t4alp6aGtOR2czUVdkTlVsbGhNVE5VVlRaU1JGRRAB,OSM_node_10209353562,5,"Ai ở Thành phố rồi cũng sẽ đến đây ít nhất một lần, mọi người thường đến vào buổi tối để chiêm ngưỡng sự lộng lẫy, nhộn nhịp, năng động... Ngược lại vào sáng sớm nơi đây là một khoảng không gian thật khác, thật yên bình, khi mọi bề bộn chưa bắt đầu, ta sẽ thấy một Sài Gòn rất thật, rất đời thường.",một năm trước,,Google Maps,2026-08-29T07:21:47+00:00
google_maps_ChZDSUhNMG9nS0VJQ0FnSUNYMF83bE1BEAE,OSM_node_10209353562,5,"Tượng đài Bác đặt tại trung tâm hành chính của thành phố, nơi có vị trí trang trọng nhất, đẹp nhất và thuận lợi để nhân dân mọi miền đất nước, bạn bè quốc tế được chiêm ngưỡng"", ông Lê Thanh Hải nói. Để thực hiện công trình, sau quá trình tuyển chọn, TP HCM tổ chức trưng bày, giới thiệu 32 mẫu phác thảo dự thi với công chúng, đặt tại Bảo tàng Hồ Chí Minh, thu hút hơn 4.000 người xem với 3.054 phiếu góp ý. Hội đồng nghệ thuật tiến hành chấm giải, tiếp tục chọn ra 3 phác thảo để chính sửa, nâng cấp. Cuối cùng, tác phẩm của họa sĩ Lâm Quang Nới được chọn. Theo đề án, tổng thể công trình cao 7,2 m, trong đó Tượng đài Chủ tịch Hồ Chí Minh bằng hợp kim đồng cao 4,5 m, bệ tượng 2,7 m. Chiều cao này đảm bảo tỷ lệ hài hòa giữa tượng đài và chiều cao công trình trụ sở HĐND, UBND thành phố, phù hợp với phối cảnh, cảnh quan kiến trúc xung quanh công viên. Cùng với việc triển khai xây dựng Tượng đài Chủ tịch Hồ Chí Minh, UBND thành phố đã thực hiện dự án nâng cấp, sửa chữa đường Nguyễn Huệ với kinh phí hơn 430 tỷ đồng. Theo đó, toàn bộ trục đường Nguyễn Huệ đã được cải tạo xây dựng trở thành quảng trường đi bộ, tạo không gian đẹp, tôn vinh công trình Tượng đài Bác Hồ.",một năm trước,,Google Maps,2026-08-29T07:21:47+00:00
google_maps_Ci9DQUlRQUNvZENodHljRjlvT2tKek9WUk1kMDF6YTFrdFRHcFdMVVJWY0VkT1EyYxAB,OSM_node_10209353562,5,"Giữa lòng thành phố nhộn nhịp, dưới tượng Bác, mình chợt thấy Sài Gòn vẫn đẹp theo cách rất riêng. Một chút nắng, một chút gió, một chút ồn ào, nhưng tất cả hòa quyện thành thứ năng lượng khiến ai từng sống ở đây đều khó quên.",10 tháng trước,,Google Maps,2026-08-29T07:21:47+00:00
google_maps_Ci9DQUlRQUNvZENodHljRjlvT2s5TlVrRmtWalpGUzBGRVNWODJVbXBzV1VsS01tYxAB,OSM_node_10209353562,5,"Tượng Chủ tịch Hồ Chí Minh nằm ngay trước trụ sở Ủy ban Nhân dân TP.HCM, là điểm đến mang ý nghĩa thiêng liêng và trang trọng. Khu vực xung quanh được thiết kế hiện đại, sạch đẹp với hàng cây và thảm hoa rực rỡ. Ban đêm, ánh đèn chiếu sáng làm bức tượng thêm uy nghi, nổi bật giữa trung tâm thành phố. Du khách thường ghé đến để chụp ảnh và bày tỏ lòng kính trọng với Bác.",9 tháng trước,,Google Maps,2026-08-29T07:21:47+00:00
google_maps_Ci9DQUlRQUNvZENodHljRjlvT2xkSU5VNXphVTA0V0dSUk1rbzVlR1Z2Y0RjMUxWRRAB,OSM_node_10209353562,4,10:27 AM! 22-9-2024! 💮 Tượng Chủ tịch Hồ Chí Minh. Lời miêu tả: …,Thời gian chỉnh sửa: một tháng trước,,Google Maps,2026-08-29T07:21:47+00:00
google_maps_Ci9DQUlRQUNvZENodHljRjlvT2pSYWNIcFVkamwyWmxrMFZFMDRTVGxWT0hWT2MxRRAB,OSM_node_10209353562,5,Đồng hành cùng Hành Trình Đỏ 2026 🩸 …,2 tháng trước,,Google Maps,2026-08-29T07:21:47+00:00
google_maps_ChdDSUhNMG9nS0VJQ0FnSUQ3NF92aWhRRRAB,OSM_node_10209353562,5,"Tượng đài Chủ tịch Hồ Chí Minh nằm ngay trung tâm Quận 1, tại phố đi bộ Nguyễn Huệ, là một địa điểm trang nghiêm và biểu tượng quan trọng của thành phố. Không gian xung quanh thoáng đãng, rộng rãi, tạo cảm giác yên bình và tôn kính. Vị trí của tượng đài rất thuận tiện, dễ dàng tiếp cận từ nhiều hướng trong thành phố. Đây cũng là nơi mà người dân và du khách thường đến để chụp ảnh, dạo chơi, và tận hưởng không khí mát mẻ, thoải mái giữa lòng Sài Gòn nhộn nhịp. Một điểm dừng chân đáng nhớ khi khám phá trung tâm thành phố.",2 năm trước,,Google Maps,2026-08-29T07:21:47+00:00
google_maps_ChdDSUhNMG9nS0VJQ0FnTUNJcjd5ZnJnRRAB,OSM_node_10209353562,5,Địa điểm du lịch nổi tiếng tại hồ chí mình. Nằm trong khuôn viên phố đi bộ Nguyễn huệ. Địa điểm vui chơi nổi tiếng tại Sài gòn,một năm trước,,Google Maps,2026-08-29T07:21:47+00:00
google_maps_Ci9DQUlRQUNvZENodHljRjlvT2pNMWRUZ3diRTVuY0RGRlNtMXBXRWQzTFhKb2NtYxAB,OSM_node_10209353562,5,"Ai đã từng sống ở thành phố này rồi cũng sẽ ít nhất một lần đặt chân đến Quảng trường trước Nhà hát Thành phố, nơi tượng Chủ tịch Hồ Chí Minh uy nghiêm đứng hiên ngang giữa trung tâm Sài Gòn. Buổi tối, nơi đây như khoác lên mình chiếc áo …",11 tháng trước,,Google Maps,2026-08-29T07:21:47+00:00
google_maps_ChZDSUhNMG9nS0VJQ0FnSURSeXVhME53EAE,OSM_node_10209353562,5,"Phố đi bộ Nguyễn Huệ là một trong những địa điểm du lịch nổi tiếng của Thành phố Hồ Chí Minh, Việt Nam. Được khai trương vào năm 2015, phố đi bộ Nguyễn Huệ đã trở thành một điểm đến phổ biến cho du khách đến tham quan và mua sắm. Phố đi bộ Nguyễn Huệ có vị trí đắc địa giữa trung tâm thành phố và nằm kế bên Quảng trường Thống Nhất. Đây là một khu vực không có xe cộ lưu thông, chỉ có người đi bộ và các hoạt động giải trí, nghệ thuật, thể thao... Với không gian rộng rãi và thoáng đãng, phố đi bộ Nguyễn Huệ là điểm đến thu hút rất đông du khách trong và ngoài nước đến tham quan và tận hưởng không khí sôi động, nhộn nhịp của thành phố. Bên cạnh đó, phố đi bộ Nguyễn Huệ cũng là nơi để tổ chức các hoạt động văn hóa, nghệ thuật, âm nhạc, thể thao và các sự kiện lớn như lễ hội ánh sáng, mừng Xuân, v.v. Tuy nhiên, đôi khi phố đi bộ Nguyễn Huệ cũng gặp phải tình trạng quá đông đúc vào các ngày cuối tuần hoặc các dịp lễ. Cùng với đó, một số du khách cũng phàn nàn về giá cả các sản phẩm, dịch vụ tại khu vực này thường cao hơn so với các địa điểm khác. Tóm lại, phố đi bộ Nguyễn Huệ là một địa điểm du lịch thú vị và đáng ghé thăm ở Thành phố Hồ Chí Minh. Tuy nhiên, để tránh tình trạng quá tải và giá cả cao, du khách nên lựa chọn thời điểm đến vào các ngày trong tuần và nên tìm hiểu kỹ về giá cả các sản phẩm, dịch vụ trước khi đến tham quan.",3 năm trước,,Google Maps,2026-08-29T07:21:47+00:00
google_maps_ChdDSUhNMG9nS0VJQ0FnSUNCcU51c3VRRRAB,OSM_node_10209353562,5,"Buổi tối trong tuần ít sự kiện, đường sá thông thoáng. Cuối tuần lúc trc chặn 2 đầu cấm xe đi vào chỉ đi bộ. Các event lớn nhỏ cũng hay tổ chức vào cuối tuần.",3 năm trước,,Google Maps,2026-08-29T07:21:47+00:00
google_maps_ChZDSUhNMG9nS0VJQ0FnSUNUdHJMc2ZBEAE,OSM_node_10209353562,5,"Tượng Bác uy nghiêm Phố Đi Bộ Nguyễn Huệ Trung tâm, niềm tự hào của TP.HCM Cuối tuần T7, CN sẽ đóng đường Nguyễn Huệ để ưu tiên đi bộ. Mọi người chú ý lưu thông nhé",2 năm trước,,Google Maps,2026-08-29T07:21:47+00:00
google_maps_ChZDSUhNMG9nS0VJQ0FnSUMzLWU2X09nEAE,OSM_node_10209353562,5,"Điểm chụp hình lý tưởng, khách dễ tham quan chụp hình về đêm khi đi bộ phố Nguyễn Huệ",một năm trước,,Google Maps,2026-08-29T07:21:47+00:00
google_maps_ChdDSUhNMG9nS0VJQ0FnSUR6OVltdmh3RRAB,OSM_node_10209353562,5,"Phố đi bộ Nguyễn Huệ là một trong những con đường sầm uất và nổi tiếng nhất tại Sài Gòn, được biết đến với không gian mở rộng lớn và là điểm hẹn hò, mua sắm, ăn uống lý tưởng cho cả người dân lẫn du khách¹². Con đường này được khánh thành vào ngày **30/04/2015**, nằm ở trung tâm quận 1, kết nối đường Tôn Đức Thắng với đường Lê Thánh Tôn². Phố đi bộ Nguyễn Huệ không chỉ là nơi để tản bộ và thưởng thức không khí sôi động của thành phố mà còn là địa điểm lý tưởng để chụp ảnh ""sống ảo"" với hàng cây xanh mát và đài phun nước hiện đại¹. Vào buổi tối, đặc biệt là cuối tuần hoặc dịp lễ Tết, bạn có thể cảm nhận được bầu không khí nhộn nhịp từ các hoạt động giải trí, vui chơi, ăn uống, mua sắm². Nếu bạn đang ở Sài Gòn hoặc có kế hoạch ghé thăm, đừng bỏ lỡ cơ hội khám phá phố đi bộ Nguyễn Huệ để trải nghiệm trọn vẹn vẻ đẹp và sức sống của thành phố này¹².",2 năm trước,,Google Maps,2026-08-29T07:21:47+00:00
google_maps_Ci9DQUlRQUNvZENodHljRjlvT2pKaVluTldjR1F3TmxRM1NrdHBjMDFhU0VWeVIyYxAB,OSM_node_10209353562,4,"Phố đi bộ Nguyễn Huệ ra thẳng sông Sài Gòn, bạn đi bộ và có thể sư dụng dịch vụ tàu cao tốc từ đây sang Vũng tàu",một năm trước,,Google Maps,2026-08-29T07:21:47+00:00
google_maps_Ci9DQUlRQUNvZENodHljRjlvT2xOUlZYWjZSRWhTTUhwUFFpMWpRVWg1V1dkbVNtYxAB,OSM_node_10209353562,5,"Tôi hay đến phố đi bộ vào cuối tuần, sau thời gian dài công việc mệt mỏi và tôi đã bắt một chuyến xe anh tài xế thả tôi xuống phố đi bộ, cuối tuần nên người đi đường rất đông, tôi lanh thang đến tượng và đứng nhìn Bác một lúc lâu, tôi cảm thấy Bác thật hùng vĩ và uy nghiêm, nhìn Bác thật hiền từ làm sao. Phố đi bộ là nơi quen thuộc của tất cả mọi người ở thành phố này. Là nơi nhộn nhịp và cũng là nơi trầm lắng. Chúc các bạn có một buổi cuối tuần vui vẻ",4 tháng trước,,Google Maps,2026-08-29T07:21:47+00:00
google_maps_Ci9DQUlRQUNvZENodHljRjlvT2xZM1lreERVMTkzY2taa05ua3pXa3BvZGxaVE1IYxAB,OSM_node_10209353562,5,Nắng vàng góc phố Hoa nghiêng dài trong mắt Và thu nhẹ trôi rất êm,10 tháng trước,,Google Maps,2026-08-29T07:21:47+00:00
google_maps_ChdDSUhNMG9nS0VJQ0FnSUNCdnNtNHBBRRAB,OSM_node_10209353562,5,"Nằm ở trung tâm của phố đi bộ. Khuôn viên rộng rãi. Đi không ngay vào dịp lễ nên không đông đúc, nhiều khung cảnh đẹp. Chỉ có cảnh nhiều người bán dạo phải chạy liên tục do bị trật tự yêu cầu rời khỏi. Không tốn vé chỉ tốn tiền gửi xe cách đó không xa",3 năm trước,,Google Maps,2026-08-29T07:21:47+00:00
google_maps_ChZDSUhNMG9nS0VJQ0FnSUNydW9qY2N3EAE,OSM_node_10209353562,5,"Tượng đài Bác Hồ đẹp nhất ở Việt Nam, nằm ngay phố đi bộ Nguyễn Huệ sầm uất của Quận 1. Ngoài ra, tôi đã trải nghiệm tham quan di tích Trụ sở UBND TPHCM vào dịp 30/04",2 năm trước,,Google Maps,2026-08-29T07:21:47+00:00
google_maps_ChZDSUhNMG9nS0VJQ0FnSUNaNU15U0d3EAE,OSM_node_10209353562,5,"Nơi đương nhiên phải đến khi ghé thăm TPHCM, nằm kế bên phố đi bộ Nguyễn Huệ và nhà hát thành phố. Con đường cắt ngang quảng trường vừa được trả lại mặt bằng thông thoáng và đẹp hơn nhiều.",2 năm trước,,Google Maps,2026-08-29T07:21:47+00:00
google_maps_Ci9DQUlRQUNvZENodHljRjlvT2s5WldsUkdWRmxmYjA1QlVrVnVUbmh2VjJJeVIyYxAB,OSM_node_10209353562,5,Nơi đến của giới trẻ. Vui,6 tháng trước,,Google Maps,2026-08-29T07:21:47+00:00
google_maps_ChdDSUhNMG9nS0VJQ0FnSURqOFlYTHlBRRAB,OSM_node_10209353562,5,"Tượng Bác được đặt trang nghiêm tại vị trí đẹp nhất thành phố Hồ Chí Minh, thành phố mang tên người. Tượng được tạc rất tươi, rất gần gũi, thể hiện được cái uy, cái thần, cái tâm của Bác. May mắn được dịp thăm thành phố và lưu lại những bức …",2 năm trước,,Google Maps,2026-08-29T07:21:47+00:00
google_maps_ChZDSUhNMG9nS0VJQ0FnSUR0dDRYYklnEAE,OSM_node_10209353562,5,"Khu vực tượng Bác được bảo trì rất tốt với nhiều tiểu cảnh và hoa nở quanh năm, cây cối xanh tốt.",2 năm trước,,Google Maps,2026-08-29T07:21:47+00:00
google_maps_Ci9DQUlRQUNvZENodHljRjlvT21Wa2FrTmFZalpzYUhOdFYwWjRiamt6VXpaRFJXYxAB,OSM_node_10209353562,5,"Không gian rất đẹp và thoải mái mái, tại phố đi bộ nguyễn huệ, mình đã có trải nghiệm tuệt vời ở đây",8 tháng trước,,Google Maps,2026-08-29T07:21:47+00:00
google_maps_ChZDSUhNMG9nS0VJQ0FnSUNzdS1DNVFnEAE,OSM_node_10209353562,4,"Khu đi bộ dạo mát lý tưởng về đêm tại Trung tâm thành phố. Có vài người bán hàng rong đủ thể loại quà lưu niệm, trò chơi tiêu khiển. Có thể dắt pet cưng đi dạo thoải mái. Nhiều góc chụp hình sống ảo. Điểm hẹn hò lý tưởng.",6 năm trước,,Google Maps,2026-08-29T07:21:47+00:00
google_maps_Ci9DQUlRQUNvZENodHljRjlvT2xJNU0yWm1ORlpKWlcxek5rcEJWVlJRTld0eWVHYxAB,OSM_node_10209353562,5,"Đây là phố đi bộ Nguyễn Huệ, có tượng bác ở giữa, có xe buýt 2 tầng đi tham quan thành phố",11 tháng trước,,Google Maps,2026-08-29T07:21:47+00:00
google_maps_ChZDSUhNMG9nS0VJQ0FnSUQzM09Ybld3EAE,OSM_node_10209353562,5,"Đi dạo phố vào ngày thường trong tuần. Rộng rãi , thoãi mái , yên bình , mát mẻ ❤️❤️❤️❤️❤️",một năm trước,,Google Maps,2026-08-29T07:21:47+00:00
google_maps_Ci9DQUlRQUNvZENodHljRjlvT2tKU1p6ZERiSGczYmtNeFEwOWhiMFpDVjJaNmVuYxAB,OSM_node_10647941388,5,"Nhà hàng này rất tốt, nhân viên dễ thương hoạt bát với tất cả các khách hàng và giá rẻ nữa! Bạn có đói bụng thì ở đây ăn đi! Quần lý chuyên nghiệp và rất thân thiện",2 tháng trước,,Google Maps,2026-08-29T07:22:48+00:00
google_maps_Ci9DQUlRQUNvZENodHljRjlvT25kVVdEUk9VVXQxVlRST1pqTnVNa05hVjA1T05VRRAB,OSM_node_10647941388,1,Mn cho em hỏi đây là thịt bò hay thịt lợn ạ. Giá thì ko giống ở menu tự tăng 30-40k /1 món. Trải nghiệm lần đầu và sẽ ko có lần sau😩😩 …,3 tháng trước,,Google Maps,2026-08-29T07:22:48+00:00
google_maps_Ci9DQUlRQUNvZENodHljRjlvT25sbGJDMTNUMkpKYTFsM00wTnRSbGwyY0dZeVNIYxAB,OSM_node_10647941388,5,Đồ ăn ok quán rộng mát,2 tháng trước,,Google Maps,2026-08-29T07:22:48+00:00
google_maps_Ci9DQUlRQUNvZENodHljRjlvT2pkUFducFNlR1JUYTFOUFdHMTNSM0Z4WlVKMlJVRRAB,OSM_node_10647941388,5,Nhân viên và quản lý rất nhiệt tình và rất thân thiện với khách hàng. Nhà hàng nấu thức ăn rất ngon và chất lượng giá cả phải chăng. Quản lý nói tiếng Anh rất giỏi và lưu loát cho người nước ngoài đến nhà hàng Top Hill,2 tháng trước,,Google Maps,2026-08-29T07:22:48+00:00
google_maps_ChZDSUhNMG9nS0VJQ0FnSURib3FiakNBEAE,OSM_node_10647941388,4,"Quán mới có không gian bình dân, dịch vụ tốt. Món ăn chưa được ngon, mong rằng quán ngày một hoàn thiện hơn nữa",2 năm trước,,Google Maps,2026-08-29T07:22:48+00:00
google_maps_Ci9DQUlRQUNvZENodHljRjlvT2taNFZuQm5help1WVZWa09VeGpPWGhPUTJaT2FVRRAB,OSM_node_10647941388,4,"Đồ ăn cũng khá mắc. Dịch vụ thì chưa ok lắm, hôm mình tới quán vắng hiu. Có mỗi bàn mình mà nhân viên thì cứ le ve ở ngoài làm gì không biết. Kêu rót thêm mấy cốc bia mà gọi khản cả cổ. Mãi mới đáp. Ko có nhân viên trực bàn xem khách gọi thêm gì. Bố trí nhân viên quá kém",4 tháng trước,,Google Maps,2026-08-29T07:22:48+00:00
google_maps_ChdDSUhNMG9nS0VJQ0FnSUNMbTRQaXhBRRAB,OSM_node_10647941388,5,"Món ăn ngon, đa dạng; ko gian thân thiện; bầu ko khí tuyệt vời; bãi đậu xe thoải mái…",2 năm trước,,Google Maps,2026-08-29T07:22:48+00:00
google_maps_ChZDSUhNMG9nS0VJQ0FnTUNZcEpHU1hBEAE,OSM_node_10647941388,5,"Quán ăn thân thiện, đồ ăn ngon, các bạn nv nhiệt tình.",một năm trước,,Google Maps,2026-08-29T07:22:48+00:00
google_maps_ChZDSUhNMG9nS0VJQ0FnSUQzOExfUVZnEAE,OSM_node_10647941388,5,"Món ăn ngon, nhân viên nhiệt tình ! Ông Bà chủ mến khách, tận tình như thật hồn bữa ăn.",một năm trước,,Google Maps,2026-08-29T07:22:48+00:00
google_maps_ChdDSUhNMG9nS0VJQ0FnSUNMblpIZ29BRRAB,OSM_node_10647941388,5,"Top Hill thân thiện, mến khách đồ ăn ngon",Thời gian chỉnh sửa: một năm trước,,Google Maps,2026-08-29T07:22:48+00:00
google_maps_Ci9DQUlRQUNvZENodHljRjlvT200NFdEVnZkRU14VTNCaVlWQTJhMDFhUzNZdE1IYxAB,OSM_node_10647941388,5,Quán bán miến lươn buổi sáng ăn khá ngon,3 tháng trước,,Google Maps,2026-08-29T07:22:48+00:00
google_maps_Ci9DQUlRQUNvZENodHljRjlvT2taU1dUbGtSV0kzYTBOd2FHWktjVWhJVmtFNVYzYxAB,OSM_node_10647941388,5,"Quán bia gần nhà. Đồ uống rất chuẩn, ko bị đau đầu. Thức ăn làm vừa miệng. Phục vụ cũng nhanh. Túm lại là hài lòng 😅 …",một năm trước,,Google Maps,2026-08-29T07:22:48+00:00
google_maps_ChdDSUhNMG9nS0VJQ0FnSUQzOEpmcDlRRRAB,OSM_node_10647941388,5,Nhà hàng rất đa dạng nhiều món ngon nhưng mình rất thích món ngỗng hấp và heo mọi tây Bắc. Mình ở Đà Nẵng ra được anh em một nhà dẫn đến đây ăn được hai lần càng ăn càng thấy ngon hơn. Nhưng ấn tượng nhất vẫn là ông bà chủ a Hà và chị hợp quá tình cảm và thân thiện giống như ăn ở nhà vậy đúng như câu slogan a đặt trước cổng quán là gì yêu mà đến. Cảm ơn anh chị đến hỏi thăm khách hàng ăn có ngon không và lắng nghe thử ý kiến của khách. Cảm ơn mấy em phục vụ chu đáo. Chắc chắn ra lại Hà Nội sẽ ghé quán anh chị để ăn nhiều lần và giới thiệu cho mọi người nên đến để thưởng thức nh Ứng món ăn ngon đặc biệt là đặc sản Tây Bắc mà còn uống rượu kể và rượu mệt cùng bia hơi hà nội hơi bị lạ🍻👌👍,một năm trước,,Google Maps,2026-08-29T07:22:48+00:00
google_maps_ChdDSUhNMG9nS0VJQ0FnTURBNEtDT3d3RRAB,OSM_node_10647941388,5,"Đồ ăn ngon, giá cả hợp lý, chỗ ngồi thoáng, đc cái các em nhân viên rất nhiệt tình.",một năm trước,,Google Maps,2026-08-29T07:22:48+00:00
google_maps_Ci9DQUlRQUNvZENodHljRjlvT25CcU5rUmpMVU15T1RGVU16UjRSMFp4UWw5NFdtYxAB,OSM_node_10647941388,4,"Khá ổn, phòng riêng yên tĩnh, đồ ăn ok, nhân viên ok, chỉ k thích quán ở góc đó đường hơi vắng",11 tháng trước,,Google Maps,2026-08-29T07:22:48+00:00
google_maps_ChdDSUhNMG9nS0VJQ0FnTURndU0tbnR3RRAB,OSM_node_10647941388,5,"Đồ ăn ngon nhiều món rất hợp khẩu vị, nhân viên thân thiện nhiệt tình, không gian thoáng đẹp, có chỗ để xe thoải mái.",một năm trước,,Google Maps,2026-08-29T07:22:48+00:00
google_maps_Ci9DQUlRQUNvZENodHljRjlvT2twbU1GVTFiamMyVGpWVk1tZHNOR1Y0WDNWTWRIYxAB,OSM_node_10647941388,5,Rất tốt nv phục vụ nhiệt tình,3 tháng trước,,Google Maps,2026-08-29T07:22:48+00:00
google_maps_ChdDSUhNMG9nS0VJQ0FnSUNMX19UbXpBRRAB,OSM_node_10647941388,5,"Quán có vị trí đẹp, chỗ đỗ xe thoải mái,đồ ăn khá ngon và đa dạng, phù hợp với tụ tập bạn bè và đồng nghiệp",2 năm trước,,Google Maps,2026-08-29T07:22:48+00:00
google_maps_Ci9DQUlRQUNvZENodHljRjlvT2pkQmJYaEZNV0YyZDBkTWRqUkJUMW81V1MwelJXYxAB,OSM_node_10647941388,5,"Đồ ăn ngol phục vụ tốt, không gian quán rộng",một năm trước,,Google Maps,2026-08-29T07:22:48+00:00
google_maps_ChZDSUhNMG9nS0VJQ0FnSUNMcllidUlnEAE,OSM_node_10647941388,5,Ngồi từ 12h đến 4h sáng hôm sau,2 năm trước,,Google Maps,2026-08-29T07:22:48+00:00
google_maps_ChdDSUhNMG9nS0VJQ0FnTURnNF9YNjlnRRAB,OSM_node_10647941388,5,Thích món cá bé bé ăn rất ngon. Giá cả hợp lý,một năm trước,,Google Maps,2026-08-29T07:22:48+00:00
google_maps_ChZDSUhNMG9nS0VJQ0FnSUNIMWZyR2J3EAE,OSM_node_10647941388,5,"Bia hơi ngon. Nhà hàng nhiệt tình. Đồ ăn ngon, thích hợp cho cả uống bia & uống rượu!",một năm trước,,Google Maps,2026-08-29T07:22:48+00:00
google_maps_Ci9DQUlRQUNvZENodHljRjlvT2pWUFNWTmpSSE50TmxST1JUZEtUbDlYVDFaR05sRRAB,OSM_node_10647941388,5,"Riêng tư có, không gian chung cũng có, đồ ăn ngon",một năm trước,,Google Maps,2026-08-29T07:22:48+00:00
google_maps_ChdDSUhNMG9nS0VJQ0FnSUQzOE1DRml3RRAB,OSM_node_10647941388,5,"món ăn ngon, phục vụ rất chu đáo",một năm trước,,Google Maps,2026-08-29T07:22:48+00:00
google_maps_ChZDSUhNMG9nS0VJQ0FnSUNuNzRISFl3EAE,OSM_node_10647941388,5,Rất tốt,một năm trước,,Google Maps,2026-08-29T07:22:48+00:00
google_maps_ChZDSUhNMG9nS0VJQ0FnSUNyeE1tSERREAE,OSM_node_10647941388,5,"Bia ngon mồi bén, giá cả phù hợp🍺🍺🍺 …",2 năm trước,,Google Maps,2026-08-29T07:22:48+00:00
google_maps_ChdDSUhNMG9nS0VJQ0FnSUNucEx1dDh3RRAB,OSM_node_10647941388,5,"Nhà hàng rộng rãi, sạch sẽ. 5 sao",một năm trước,,Google Maps,2026-08-29T07:22:48+00:00
google_maps_Ci9DQUlRQUNvZENodHljRjlvT21wTVlVcEZUMGN3TjNwTVZYaG9TRUY2T0ZOc01XYxAB,OSM_node_10647941388,5,Quá ngon,8 tháng trước,,Google Maps,2026-08-29T07:22:48+00:00
google_maps_Ci9DQUlRQUNvZENodHljRjlvT2pseE1VUkxkbWhuTjFWNVMwdHBNV0puYm05SmEyYxAB,OSM_node_10647941388,5,Ngon bổ rẻ,7 tháng trước,,Google Maps,2026-08-29T07:22:48+00:00
google_maps_ChZDSUhNMG9nS0VJQ0FnTUNBcF91Y1N3EAE,OSM_node_10647941388,5,Quá ok,một năm trước,,Google Maps,2026-08-29T07:22:48+00:00
google_maps_ChZDSUhNMG9nS0VJQ0FnTUNRbE5mT1p3EAE,OSM_node_10647941388,5,Rất ok nhé mọi người,một năm trước,,Google Maps,2026-08-29T07:22:48+00:00
google_maps_Ci9DQUlRQUNvZENodHljRjlvT25WVWVHNDVjalY2ZUVSc1luRlVUVXgxVm5KSGFtYxAB,OSM_node_10647941388,1,Chất lượng tệ,một năm trước,,Google Maps,2026-08-29T07:22:48+00:00
google_maps_Ci9DQUlRQUNvZENodHljRjlvT2t0Nk5tRnFaUzFaWjNVMVFqbHpjWFZUV1cxek4yYxAB,OSM_node_10647941388,5,"nay quay lại Top Hill món ăn thay đổi phong phú, món ăn ngon hết nước chấm nha mọi người 🥂🍟👍❤️🍻 …",một tuần trước,,Google Maps,2026-08-29T07:22:48+00:00
google_maps_Ci9DQUlRQUNvZENodHljRjlvT25ZNE1VbG1ZWFV5VXpRd1ZtNXFjMmhxTFMxWVRGRRAB,OSM_node_10647941388,5,"Không gian dễ chịu, không gian xinh xắn. Bia lạnh tươi mát giữa mùa hè oi bức ở Hà Nội. Anh Trinh là một chàng trai rất dễ thương, thân thiện và chu đáo, nói tiếng Anh rất tốt.",2 tháng trước,,Google Maps,2026-08-29T07:22:48+00:00
google_maps_ChZDSUhNMG9nS0VJQ0FnSUMzajltREZnEAE,OSM_node_10647941388,3,"Dạ, có gì không hài lòng mong anh đóng góp ý để nhà hàng hoàn thiện ạ. Rát mong anh ủng hộ !",một năm trước,,Google Maps,2026-08-29T07:22:48+00:00
google_maps_Ci9DQUlRQUNvZENodHljRjlvT2pOdmQyMXVNVkkyY0MxYVVuUmFhRGhTT1MxM2QzYxAB,OSM_node_10647941388,4,"Cảm ơn quý khách hàng đã quan tâm, đánh giá ạ, rất mong nhận được sự ủng hộ từ quý khách hàng ạ",3 tháng trước,,Google Maps,2026-08-29T07:22:48+00:00
google_maps_Ci9DQUlRQUNvZENodHljRjlvT2xOdE5GcFhiSGRQWnpsTGFsOVJabUYzUzNGU2MwRRAB,OSM_node_10647941388,5,,4 tháng trước,,Google Maps,2026-08-29T07:22:48+00:00
google_maps_Ci9DQUlRQUNvZENodHljRjlvT2xkWU9UUjNjMFI2YVc5QlMxUkhNbDlIV0djeUxYYxAB,OSM_node_10647941388,5,,4 tháng trước,,Google Maps,2026-08-29T07:22:48+00:00
google_maps_Ci9DQUlRQUNvZENodHljRjlvT2xOSmEyeHhlR05MY1ZWQk1UVXhRVk5KV2w5MlprRRAB,OSM_node_10647941388,3,,7 tháng trước,,Google Maps,2026-08-29T07:22:48+00:00
google_maps_Ci9DQUlRQUNvZENodHljRjlvT2tOT1lsRktVM1J2WmpCeFVFUjZaMnRYYjFaS1ZIYxAB,OSM_node_10647941388,5,,9 tháng trước,,Google Maps,2026-08-29T07:22:48+00:00
google_maps_Ci9DQUlRQUNvZENodHljRjlvT25wUFRtWjNOSEZJWXpFMk0yWjJWemhZVkRsRFdFRRAB,OSM_node_10647941388,5,,một năm trước,,Google Maps,2026-08-29T07:22:48+00:00
google_maps_Ci9DQUlRQUNvZENodHljRjlvT2tOVFJtdFJWSEpDV21wd1VUZHlPVXBPZVdKVE9FRRAB,OSM_node_10647941388,5,,một năm trước,,Google Maps,2026-08-29T07:22:48+00:00
google_maps_Ci9DQUlRQUNvZENodHljRjlvT21acGRtVjFkelpUWlVGTVVVUTVTbmgxYTFWd2FXYxAB,OSM_node_10647941388,5,,một năm trước,,Google Maps,2026-08-29T07:22:48+00:00
google_maps_ChdDSUhNMG9nS0VJQ0FnSURfdk83X3V3RRAB,OSM_node_10647941388,3,,Thời gian chỉnh sửa: một năm trước,,Google Maps,2026-08-29T07:22:48+00:00
google_maps_ChdDSUhNMG9nS0VJQ0FnTUNvdl9QUHB3RRAB,OSM_node_10647941388,5,,một năm trước,,Google Maps,2026-08-29T07:22:48+00:00
google_maps_ChZDSUhNMG9nS0VJQ0FnTUNvdlpqZU5REAE,OSM_node_10647941388,5,,một năm trước,,Google Maps,2026-08-29T07:22:48+00:00
google_maps_ChdDSUhNMG9nS0VJQ0FnTUNvOEthNXpBRRAB,OSM_node_10647941388,4,,một năm trước,,Google Maps,2026-08-29T07:22:48+00:00
google_maps_ChdDSUhNMG9nS0VJQ0FnTUNJX3VxY3pRRRAB,OSM_node_10647941388,4,,một năm trước,,Google Maps,2026-08-29T07:22:48+00:00
google_maps_ChZDSUhNMG9nS0VJQ0FnSUNmcnM3ZGFnEAE,OSM_node_10647941388,3,,một năm trước,,Google Maps,2026-08-29T07:22:48+00:00
google_maps_ChdDSUhNMG9nS0VJQ0FnSURIdGNuaGpRRRAB,OSM_node_10647941388,5,,một năm trước,,Google Maps,2026-08-29T07:22:48+00:00
google_maps_ChdDSUhNMG9nS0VQNjYtdGFzdC03R19BRRAB,OSM_node_10709724408,5,,một năm trước,,Google Maps,2026-08-29T07:23:56+00:00
google_maps_ChZDSUhNMG9nS0VJQ0FnSURQMGNHc1hnEAE,OSM_node_10709724408,5,,một năm trước,,Google Maps,2026-08-29T07:23:56+00:00
google_maps_ChdDSUhNMG9nS0VJQ0FnSURQMGZLUzVRRRAB,OSM_node_10709724408,5,,một năm trước,,Google Maps,2026-08-29T07:23:56+00:00
google_maps_ChdDSUhNMG9nS0VJQ0FnSUN1X2NQcHZRRRAB,OSM_node_10709724413,5,Đẹp,Thời gian chỉnh sửa: 3 năm trước,,Google Maps,2026-08-29T07:24:50+00:00
google_maps_Ci9DQUlRQUNvZENodHljRjlvT25oWU5sVXpVVUUxU20xUWFITmtjRkZpUkVSbmRtYxAB,OSM_node_10709724413,5,Tốt,5 tháng trước,,Google Maps,2026-08-29T07:24:50+00:00
google_maps_ChdDSUhNMG9nS0VJQ0FnSUNwMTdHUV93RRAB,OSM_node_10709724413,3,Được rồi,3 năm trước,,Google Maps,2026-08-29T07:24:50+00:00
google_maps_ChZDSUhNMG9nS0VJQ0FnSURYOHB5c0J3EAE,OSM_node_10709724413,5,,một năm trước,,Google Maps,2026-08-29T07:24:50+00:00
google_maps_ChZDSUhNMG9nS0VJQ0FnSUNubWMteFRREAE,OSM_node_10709724413,5,,một năm trước,,Google Maps,2026-08-29T07:24:50+00:00
google_maps_ChdDSUhNMG9nS0VJQ0FnSUREcy1pX2lnRRAB,OSM_node_10709724413,5,,2 năm trước,,Google Maps,2026-08-29T07:24:50+00:00
google_maps_Ci9DQUlRQUNvZENodHljRjlvT25SUmNtWjRha2t3Wlhwc1RFNHRRakkzUjNCR04xRRAB,OSM_node_10709724416,5,"Làng nón Chuông – Nơi lưu giữ hồn quê Việt qua từng chiếc nón lá Làng Chuông, xã Phương Trung, huyện Thanh Oai, Hà Nội là một trong những làng nghề truyền thống lâu đời và tiêu biểu của Thủ đô. Nơi đây nổi tiếng cả nước với nghề làm nón lá, một nghề thủ công gắn bó mật thiết với đời sống, văn hóa và tâm hồn người Việt qua nhiều thế hệ. Trong ca dao xưa từng có câu: “Nón Chuông, khua lụa, quai thao làng Đơ” – đủ để thấy vị trí đặc biệt của nón Chuông trong văn hóa dân gian Bắc Bộ. Theo lời các bậc cao niên, nghề làm nón ở làng Chuông đã xuất hiện từ khoảng thế kỷ VIII. Trải qua hàng trăm năm, người dân nơi đây đã tạo ra nhiều loại nón truyền thống như nón quai thao, nón ba tầm, nón lá già ghép sống… phục vụ cho từng tầng lớp trong xã hội xưa. Mỗi chiếc nón không chỉ là vật dụng che nắng mưa, mà còn mang theo phong tục, thẩm mỹ và lối sống của người Việt cổ. Đi dọc những con ngõ nhỏ trong làng, du khách dễ dàng bắt gặp hình ảnh lá lụi được phơi đầy sân, các bà, các mẹ ngồi lặng lẽ khâu nón bên hiên nhà. Để hoàn thiện một chiếc nón Chuông, người thợ phải trải qua nhiều công đoạn thủ công tỉ mỉ, từ chọn lá, phơi sương, là lá, làm khung đến khâu nón. Tất cả đều được làm bằng tay, đòi hỏi sự kiên nhẫn, khéo léo và kinh nghiệm lâu năm. Ngày nay, dù nghề làm nón không còn mang lại thu nhập cao, nhưng nhiều người dân lớn tuổi vẫn bền bỉ giữ nghề với mong muốn gìn giữ di sản cha ông để lại. Chính sự âm thầm ấy đã tạo nên giá trị tinh thần rất lớn cho làng nghề nón Chuông – một biểu tượng mộc mạc nhưng bền bỉ của văn hóa Việt Nam. Đến với làng nón Chuông, du khách không chỉ được tìm hiểu về một làng nghề truyền thống hàng trăm năm tuổi, mà còn được sống chậm lại giữa không gian làng quê Bắc Bộ yên bình. Chợ Chuông họp theo phiên âm lịch là nơi lý tưởng để tham quan, chụp ảnh và cảm nhận rõ hơn nhịp sống, sinh hoạt của người dân địa phương. Làng nón Chuông không chỉ là điểm đến du lịch, mà còn là nơi lưu giữ ký ức, văn hóa và tinh thần của người Việt. Nếu có dịp ghé Hà Nội, đặc biệt là khu vực Thanh Oai, bạn nên dành thời gian đến thăm làng Chuông – để hiểu hơn, yêu hơn và cùng chung tay gìn giữ những giá trị truyền thống quý báu của dân tộc.",8 tháng trước,,Google Maps,2026-08-29T07:25:49+00:00
google_maps_ChZDSUhNMG9nS0VJQ0FnTURna3J5ekZREAE,OSM_node_10709724416,5,Làng nón Chuông tọa lạc tại xã Quốc Trung huyện Thanh Oai cách trung tâm thủ đô Hà Nội khoảng 30 km. Làng Chuông thường được biết với tên gọi khác là làng nón lá Thanh Oai với diện tích trên 481 ha gồm 8 thôn dân cư …,một năm trước,,Google Maps,2026-08-29T07:25:49+00:00
google_maps_ChZDSUhNMG9nS0VJQ0FnTUNRMW9DWE9nEAE,OSM_node_10709724416,5,"Đến với làng làm nón cổ truyền vào 1 ngày chợ phiên.Nằm cách trung tâm thủ đô áng chừng 30km,làng Chuông nằm cạnh đê sông Đáy,vẫn còn lưu giữ khá nhiều nét cổ xưa của đồng bằng Bắc bộ.",một năm trước,,Google Maps,2026-08-29T07:25:49+00:00
google_maps_Ci9DQUlRQUNvZENodHljRjlvT2xaTVJWSjNRMDlIZVRKaVQxVm1UVGRUY0ZwclpsRRAB,OSM_node_10709724416,5,"Thuê xe máy ở Hà Nội, chạy trên đê Tả Hồng đi về làng quê ngoại ô Hà Nội, mình ghé thăm nhiều làng nghề truyền thống nổi tiếng. Vaof làng nón Chuông, gặp được nghệ nhân Tạ Thu Hương, gặp được chị và được xem nhiều sản phẩm mới lạ làm từ lá, từ tre, gia đình mình như được tiếp thêm lửa, lửa sống yêu đời! Cảm ơn chị nhé",11 tháng trước,,Google Maps,2026-08-29T07:25:49+00:00
google_maps_Ci9DQUlRQUNvZENodHljRjlvT21kZmJuRkplak5mU0hWeU1GbEdUMkowUTFKa2QwRRAB,OSM_node_10709724416,5,"Cô Hương chủ nhà là nghệ nhân lâu năm, và là người vẫn đang giữ gìn và lan toả giá trị của chiếc nón truyền thống. Một cái nghề mà hiện nay giới trẻ làm sẽ chẳng đủ ăn nhưng cô vẫn có khả năng duy trì và phát triển nó, thậm chí quảng bá được cho du khách quốc tế. Rất đáng quý mn ạ. Mọi người vào nhà cô sẽ được hướng dẫn các bước làm ra một chiếc nón, trải nghiệm một số bước cơ bản, chụp hình, vẽ nón, và mua một số sản phẩm nón khác nhau như nón lụa, nón lá sen,… Ngoài ra nhà cô Hương cũng gần chùa làng Chuông và chợ, đình làng nên thuận tiện cho mọi người tham quan.",một năm trước,,Google Maps,2026-08-29T07:25:49+00:00
google_maps_Ci9DQUlRQUNvZENodHljRjlvT25WcE1HUlpSVFpRVUU1bWVXbHNZVTVKUWpGME1tYxAB,OSM_node_10709724416,4,1 trải nghiệm tuyệt vời khi khách du lịch tới đây đc tự tay làm chiếc nón mình thích qua sự hướng dẫn của các cô làng nghề.,một năm trước,,Google Maps,2026-08-29T07:25:49+00:00
google_maps_Ci9DQUlRQUNvZENodHljRjlvT2taUGMzRlNWa1UwYVhZelVrOHhXakJUYTFwSWVuYxAB,OSM_node_10709724416,4,Được trải nghiệm làm nón. 1 điểm du lịch khá hấp dẫn.,một năm trước,,Google Maps,2026-08-29T07:25:49+00:00
google_maps_ChdDSUhNMG9nS0VJQ0FnTURnNGNxc19RRRAB,OSM_node_10709724416,5,"Làng Nón Chuông là một điểm đến tuyệt vời để khám phá nét đẹp văn hóa truyền thống. Những chiếc nón được làm thủ công tỉ mỉ, tinh xảo và mang đậm hồn quê Việt Nam. Rất đáng để ghé thăm!",một năm trước,,Google Maps,2026-08-29T07:25:49+00:00
google_maps_ChdDSUhNMG9nS0VJQ0FnSURqcC16QzhBRRAB,OSM_node_10709724416,5,"Làng nghề làm nón nổi tiếng ở huyện Thanh Oai, Hà Nội",2 năm trước,,Google Maps,2026-08-29T07:25:49+00:00
google_maps_ChdDSUhNMG9nS0VJQ0FnSURLdk9HVW5nRRAB,OSM_node_10709724416,4,Tuyệt vời! Một làng quê yên bình và mến khách,5 năm trước,,Google Maps,2026-08-29T07:25:49+00:00
google_maps_Ci9DQUlRQUNvZENodHljRjlvT25CVVEzcFFOVWd4WVhWV2EzcDBNVVpPYWpOclltYxAB,OSM_node_10709724416,5,Đẹp lắm,2 tháng trước,,Google Maps,2026-08-29T07:25:49+00:00
google_maps_Ci9DQUlRQUNvZENodHljRjlvT21SRU0yTkpSRk5XYTNaYU1XUklUR0paY0hoalIyYxAB,OSM_node_10709724416,5,Vùng đất địa linh nhân kiệt rất hiếu khách,11 tháng trước,,Google Maps,2026-08-29T07:25:49+00:00
google_maps_Ci9DQUlRQUNvZENodHljRjlvT2xVd2VVcERWMlZIYWtwNWVWSjNNRXBGVmtsWVYwRRAB,OSM_node_10709724416,5,Nón việt,10 tháng trước,,Google Maps,2026-08-29T07:25:49+00:00
google_maps_ChZDSUhNMG9nS0VJQ0FnSUQtaXJTM0p3EAE,OSM_node_10709724416,4,"Làng quê yên bình, nhà cửa khang trang nhưng còn rất ít nhà làm nón.",3 năm trước,,Google Maps,2026-08-29T07:25:49+00:00
google_maps_ChdDSUhNMG9nS0VJQ0FnSUNZd0lDV2x3RRAB,OSM_node_10709724416,5,Rat dep,7 năm trước,,Google Maps,2026-08-29T07:25:49+00:00
google_maps_Ci9DQUlRQUNvZENodHljRjlvT21oWmREUmZTblJVTVVFM2VteEdRMGczVDNacmFVRRAB,OSM_node_10709724416,5,Đẹp làng nghề truyền thống,9 tháng trước,,Google Maps,2026-08-29T07:25:49+00:00
google_maps_ChZDSUhNMG9nS0VJQ0FnSUR0dHAtdkVREAE,OSM_node_10709724416,5,Làng nghề truyền thống làm nón. Đa dạng mẫu nón.,2 năm trước,,Google Maps,2026-08-29T07:25:49+00:00
google_maps_ChZDSUhNMG9nS0VJQ0FnSURLanFtT0pnEAE,OSM_node_10709724416,5,"Làng chuông con người tình cảm , nón làng chuông đẹp",5 năm trước,,Google Maps,2026-08-29T07:25:49+00:00
google_maps_ChRDSUhNMG9nS0VJQ0FnSUNDaTVJahAB,OSM_node_10709724416,5,Miền quê Bắc bộ thật tuyệt vời. Cảm ơn Googl,5 năm trước,,Google Maps,2026-08-29T07:25:49+00:00
google_maps_ChZDSUhNMG9nS0VJQ0FnSURNN09xSkxREAE,OSM_node_10709724416,5,Làng nghề này đã sản sinh ra nhiều A tài,6 năm trước,,Google Maps,2026-08-29T07:25:49+00:00
google_maps_Ci9DQUlRQUNvZENodHljRjlvT2xWQk5XeGtPWEJQT1RkTFJWUjVYM0ZZTkRKdmRXYxAB,OSM_node_10709724416,5,Đúng chất làng nghề,một năm trước,,Google Maps,2026-08-29T07:25:49+00:00
google_maps_ChdDSUhNMG9nS0VJQ0FnSUNUM01PdHR3RRAB,OSM_node_10709724416,3,Ngày lễ hôi quê hương,2 năm trước,,Google Maps,2026-08-29T07:25:49+00:00
google_maps_ChdDSUhNMG9nS0VJQ0FnSUN5cjhhMnV3RRAB,OSM_node_10709724416,4,Làng có nghề làm nón truyền thống,5 năm trước,,Google Maps,2026-08-29T07:25:49+00:00
google_maps_ChZDSUhNMG9nS0VJQ0FnSURJaDdHRGJ3EAE,OSM_node_10709724416,5,Tuyệt vời một làng nghề cổ😘 …,7 năm trước,,Google Maps,2026-08-29T07:25:49+00:00
google_maps_ChdDSUhNMG9nS0VMZnB6N3JubWRyZm93RRAB,OSM_node_10709724416,4,Thank you I love non chuông,một năm trước,,Google Maps,2026-08-29T07:25:49+00:00
google_maps_ChZDSUhNMG9nS0VJQ0FnSURaMkkyU1ZBEAE,OSM_node_10709724416,5,Yên tĩnh!,2 năm trước,,Google Maps,2026-08-29T07:25:49+00:00
google_maps_ChdDSUhNMG9nS0VJQ0FnTUR3b0xiWTFnRRAB,OSM_node_10709724416,5,Rất đẹp,một năm trước,,Google Maps,2026-08-29T07:25:49+00:00
google_maps_ChdDSUhNMG9nS0VJQ0FnSURxX3MtQnlRRRAB,OSM_node_10709724416,5,Rất ok!,5 năm trước,,Google Maps,2026-08-29T07:25:49+00:00
google_maps_ChdDSUhNMG9nS0VJQ0FnSUMzdlkzRWhBRRAB,OSM_node_10709724416,5,Đường vào làng nhỏ quá,một năm trước,,Google Maps,2026-08-29T07:25:49+00:00
google_maps_ChdDSUhNMG9nS0VJQ0FnSURVb09lZ3dBRRAB,OSM_node_10709724416,5,Rất tuyệt,7 năm trước,,Google Maps,2026-08-29T07:25:49+00:00
google_maps_ChdDSUhNMG9nS0VJQ0FnSURVa0xhZTdnRRAB,OSM_node_10709724416,5,tuyệt vời,7 năm trước,,Google Maps,2026-08-29T07:25:49+00:00
google_maps_ChZDSUhNMG9nS0VJQ0FnSURHcU9fclJREAE,OSM_node_10709724416,5,"Quê tôi đó, rất ấn tượng",4 năm trước,,Google Maps,2026-08-29T07:25:49+00:00
google_maps_ChdDSUhNMG9nS0VJQ0FnSURzaEpDNmxBRRAB,OSM_node_10709724416,5,🤗🤗 …,6 năm trước,,Google Maps,2026-08-29T07:25:49+00:00
google_maps_ChZDSUhNMG9nS0VJQ0FnSURPeU83bkV3EAE,OSM_node_10709724416,5,Rất đẹp,4 năm trước,,Google Maps,2026-08-29T07:25:49+00:00
google_maps_ChZDSUhNMG9nS0VJQ0FnSUM3LVo3dVBBEAE,OSM_node_10709724416,5,Đẹp,2 năm trước,,Google Maps,2026-08-29T07:25:49+00:00
google_maps_ChdDSUhNMG9nS0VJQ0FnSUNqcW92ZDVRRRAB,OSM_node_10709724416,5,"Êm đềm, thân thiện",2 năm trước,,Google Maps,2026-08-29T07:25:49+00:00
google_maps_ChZDSUhNMG9nS0VJQ0FnSUNzemVEb0h3EAE,OSM_node_10709724416,5,Làng chuông quê tôi !,6 năm trước,,Google Maps,2026-08-29T07:25:49+00:00
google_maps_ChZDSUhNMG9nS0VJQ0FnSURreThYMVpBEAE,OSM_node_10709724416,5,Làng đẹp .nón đẹp,7 năm trước,,Google Maps,2026-08-29T07:25:49+00:00
google_maps_ChZDSUhNMG9nS0VJQ0FnSUNSNThDaVNREAE,OSM_node_10709724416,5,Tuyệt,3 năm trước,,Google Maps,2026-08-29T07:25:49+00:00
google_maps_ChdDSUhNMG9nS0VJQ0FnSUQteWNuMV93RRAB,OSM_node_10709724416,3,Người dân thân thiện,3 năm trước,,Google Maps,2026-08-29T07:25:49+00:00
google_maps_ChZDSUhNMG9nS0VJQ0FnSUNpX2RtZFlREAE,OSM_node_10709724416,5,Tôi yêu làng chuông,5 năm trước,,Google Maps,2026-08-29T07:25:49+00:00
google_maps_ChdDSUhNMG9nS0VJQ0FnSUMyaWFEcmhRRRAB,OSM_node_10709724416,5,Làng chuông tuyệt với,4 năm trước,,Google Maps,2026-08-29T07:25:49+00:00
google_maps_ChdDSUhNMG9nS0VJQ0FnSURVbE82dndnRRAB,OSM_node_10709724416,4,Rất đẹp!,7 năm trước,,Google Maps,2026-08-29T07:25:49+00:00
google_maps_ChdDSUhNMG9nS0VJQ0FnSURuNjgzZXVBRRAB,OSM_node_10709724416,5,Thân thiện,một năm trước,,Google Maps,2026-08-29T07:25:49+00:00
google_maps_ChZDSUhNMG9nS0VJQ0FnSUNaeXZUd0VBEAE,OSM_node_10709724416,5,Đẹp,2 năm trước,,Google Maps,2026-08-29T07:25:49+00:00
google_maps_ChZDSUhNMG9nS0VJQ0FnSUN1MmJMdk5nEAE,OSM_node_10709724416,5,đẹp,4 năm trước,,Google Maps,2026-08-29T07:25:49+00:00
google_maps_ChdDSUhNMG9nS0VJQ0FnSURXOFAyVHJnRRAB,OSM_node_10709724416,5,Đẹp,4 năm trước,,Google Maps,2026-08-29T07:25:49+00:00
google_maps_Ci9DQUlRQUNvZENodHljRjlvT21adFNsSjRSazVrZEMwMk9YcGxiamd0U3pjMU1HYxAB,OSM_node_10709724416,4,"Làng nghề truyền thống lâu đời, cách HN 1h ô tô. Điểm tham quan tập trung ở đình làng Chuông, phía ngoài lối vào là gian hàng của nghệ nhân Lê Văn Tuy. Vào ngày có phiên chợ (ngày 4, 10, 14, 20, 24, 30 âm lịch) sẽ có cảnh mua bán nón tấp nập hơn ngay tại sân đình (có mái che)",2 tuần trước,,Google Maps,2026-08-29T07:25:49+00:00
google_maps_Ci9DQUlRQUNvZENodHljRjlvT2taQ1FWTkxRMDkwZWpSWlptVm9iblpzT1Rabk9YYxAB,OSM_node_10709724416,4,Một làng nghề từng tấp nập một thời giờ vắng lặng hơn nhưng vẫn kiên trì giữ nghề. Nhớ Hà Tây!,3 tháng trước,,Google Maps,2026-08-29T07:25:49+00:00
google_maps_ChdDSUhNMG9nS0VJQ0FnSURDNUpQS2h3RRAB,OSM_node_10709724416,5,Đẹp,5 năm trước,,Google Maps,2026-08-29T07:25:49+00:00
google_maps_Ci9DQUlRQUNvZENodHljRjlvT21OdU1WRkJSbmhoWjFNelVVOWlZMVkxZEhjdGExRRAB,OSM_node_10709724421,5,"Làng đang thay đổi từng ngày. Nghe đâu tên Áng Phai bắt nguồn từ những năm lũ lụt, làng vẫn cao nhất nổi lên như một chiếc phao, giữ nhịp sống bình yên cho dân làng",2 tháng trước,,Google Maps,2026-08-29T07:26:27+00:00
google_maps_Ci9DQUlRQUNvZENodHljRjlvT25GalMxQmFSM2d4V1V0Q1pIUkZTamhxZVdaMk0yYxAB,OSM_node_10709728706,4,"Đình Lỗ Hạnh mang vẻ cổ kính, với kiến trúc gỗ đặc trưng đầy ấn tượng. Mình thấy không gian thoáng đãng, cây xanh phủ rợp khiến tinh thần thư thái. Dù nhiều chỗ hơi xuống cấp, nhưng lại tạo cảm giác hoài cổ, nhớ về quá khứ dân dã. Điều tiếc duy nhất là ít biển chỉ dẫn, dễ lạc cho những ai không quen đường. Nhìn chung, đây là nơi lý tưởng để tìm cảm giác bình yên và sự tĩnh lặng giữa nhịp sống hối hả.",một tháng trước,,Google Maps,2026-08-29T07:27:00+00:00
google_maps_ChZDSUhNMG9nS0VJQ0FnSUN3cDk3dlFBEAE,OSM_node_10709728706,4,"Đình còn lưu giữ khá nhiều hiện vật nguyên bản từ khi xây dựng, là tiêu biểu cho kiến trúc thời nhà Lê.",10 năm trước,,Google Maps,2026-08-29T07:27:00+00:00
google_maps_ChdDSUhNMG9nS0VJQ0FnSURzd1BiLTN3RRAB,OSM_node_10709728706,4,"Đình Đông Lỗ còn có tên gọi là đình Lỗ Hạnh, thuộc làng Lỗ Hạnh, xã Đông Lỗ, huyện Hiệp Hòa. Đây là ngôi đình cổ có niên hiệu sớm nhất vùng Kinh Bắc xưa- Bắc Giang ngày nay. Đình được khởi dựng thời Lê Trung Hưng, thế kỷ XVI (1576) đã được …",6 năm trước,,Google Maps,2026-08-29T07:27:00+00:00
google_maps_ChZDSUhNMG9nS0VJQ0FnSURvbUp2dVVnEAE,OSM_node_10709728706,5,Đình Lỗ Hạnh- đệ nhất Kinh Bắc thuộc tổng Lỗ Hạnh ngày xưa nay thuộc 3 làng Chằm - Chúng - Khoát luân phiên nhau đăng kai thờ phụng 3 làng đều thuộc xã Đông Lỗ-Hiệp Hoà-Bắc Giang. Đình được xây dựng cách đây hơn 400 năm...,7 năm trước,,Google Maps,2026-08-29T07:27:00+00:00
google_maps_ChdDSUhNMG9nS0VJQ0FnSUN3dnZuN213RRAB,OSM_node_10709728706,5,"Đây là ngôi đình cổ được mệnh danh là ""đệ nhất kinh bắc"". Lớn nhất trong các ngôi đình của vùng kinh bắc thời phong kiến. Đình được xây dựng bề thế, uy nghiêm. Qua bao thăng trầm dâu bể đến nay đình vẫn giữ nguyên được sự cổ kính với kiến trúc độc đáo.",8 năm trước,,Google Maps,2026-08-29T07:27:00+00:00
google_maps_ChdDSUhNMG9nS0VJQ0FnSUNZc3FiRW5nRRAB,OSM_node_10709728706,5,Đình lỗ hạnh đệ nhất Kinh bắc là Di tích lịch sử cấp quốc gia là một nơi yên tĩnh. Linh thiêng. Có 3 làng Thay Nhau đăng cai. chằm chúng khoát,7 năm trước,,Google Maps,2026-08-29T07:27:00+00:00
google_maps_Ci9DQUlRQUNvZENodHljRjlvT2xCVVdUVm1ZMVkzTFRSRVIxSm1VRmhSUzA1dlMzYxAB,OSM_node_10709728706,5,Một địa danh đẹp mọi người nên đến nhé,10 tháng trước,,Google Maps,2026-08-29T07:27:00+00:00
google_maps_ChZDSUhNMG9nS0VJQ0FnSURHdWFUOEVREAE,OSM_node_10709728706,3,Đình xưa,4 năm trước,,Google Maps,2026-08-29T07:27:00+00:00
google_maps_ChZDSUhNMG9nS0VJQ0FnSUNnOGZiWVN3EAE,OSM_node_10709728706,5,"Đình Lỗ Hạnh ở Làng Chằm, Xã Đông Lỗ, Huyện Hiệp Hòa. tỉnh Bắc Giang. Đình là một di sản văn hóa lịch sử nổi tiếng từ thời nhà Mạc",8 năm trước,,Google Maps,2026-08-29T07:27:00+00:00
google_maps_ChdDSUhNMG9nS0VJQ0FnSUNBdktQcmxRRRAB,OSM_node_10709728706,1,DOANH nghiep .binh Oanh. Chung tâm mua Sam BINH Oanh,8 năm trước,,Google Maps,2026-08-29T07:27:00+00:00
google_maps_ChZDSUhNMG9nS0VJQ0FnSUN3c2ZQZENREAE,OSM_node_10709728706,5,Quê hương là chùm khế ngọt cho con chèo hái mỗi ngày,Thời gian chỉnh sửa: 9 tháng trước,,Google Maps,2026-08-29T07:27:00+00:00
google_maps_ChZDSUhNMG9nS0VJQ0FnSUNCNl9mTFZ3EAE,OSM_node_10709728706,5,Ngồi đinh cô kiến chúc đẹp va yên tinh,3 năm trước,,Google Maps,2026-08-29T07:27:00+00:00
google_maps_ChdDSUhNMG9nS0VJQ0FnSURnLThfM19RRRAB,OSM_node_10709728706,5,"ĐÌNH LỖ HẠNH CỔ KÍNH, LÂU ĐỜI VÀ ĐƯỢC MỆNH DANH ĐỆ NHẤT KINH BẮC",8 năm trước,,Google Maps,2026-08-29T07:27:00+00:00
google_maps_ChZDSUhNMG9nS0VJQ0FnSUNBOW82R1RnEAE,OSM_node_10709728706,5,Ngôi đình cổ được mệnh danh là Đệ Nhất Kinh Bắc,Thời gian chỉnh sửa: 6 năm trước,,Google Maps,2026-08-29T07:27:00+00:00
google_maps_ChZDSUhNMG9nS0VJQ0FnSURvLTgyUkRBEAE,OSM_node_10709728706,5,Địa điểm di tích lịch sử cổ,Thời gian chỉnh sửa: một năm trước,,Google Maps,2026-08-29T07:27:00+00:00
google_maps_ChdDSUhNMG9nS0VJQ0FnSURnaTdTbDBnRRAB,OSM_node_10709728706,5,1 ngôi đình cổ thời nhà lê,8 năm trước,,Google Maps,2026-08-29T07:27:00+00:00
google_maps_ChdDSUhNMG9nS0VJQ0FnTUNRNy1qZ3RBRRAB,OSM_node_10709728706,5,❤️,một năm trước,,Google Maps,2026-08-29T07:27:00+00:00
google_maps_ChdDSUhNMG9nS0VJQ0FnSURreWFXczdnRRAB,OSM_node_10709728706,5,Di sản văn hóa của muôn đời,7 năm trước,,Google Maps,2026-08-29T07:27:00+00:00
google_maps_ChZDSUhNMG9nS0VJQ0FnSUNTOE92VFl3EAE,OSM_node_10709728706,5,Đẹp cổ kính đơn sơ,5 năm trước,,Google Maps,2026-08-29T07:27:00+00:00
google_maps_ChdDSUhNMG9nS0VJQ0FnSURPOWI2OTlnRRAB,OSM_node_10709728706,5,Tuyệt vời,4 năm trước,,Google Maps,2026-08-29T07:27:00+00:00
google_maps_Ci9DQUlRQUNvZENodHljRjlvT2psWFlXMXRWRFIyZW5OM1NXNWxOelpwYjA0dFMzYxAB,OSM_node_10709728706,5,đẹpp,8 tháng trước,,Google Maps,2026-08-29T07:27:00+00:00
google_maps_ChZDSUhNMG9nS0VJQ0FnTURvak15OFZ3EAE,OSM_node_10709728706,5,Đệ nhất kinh Bắc,một năm trước,,Google Maps,2026-08-29T07:27:00+00:00
google_maps_ChZDSUhNMG9nS0VJQ0FnSUNtNC1qNUV3EAE,OSM_node_10709728706,3,Đình cổ,4 năm trước,,Google Maps,2026-08-29T07:27:00+00:00
google_maps_ChdDSUhNMG9nS0VJQ0FnSUR3cElDdG5BRRAB,OSM_node_10709728706,5,Đình cổ 500 năm tuổi,7 năm trước,,Google Maps,2026-08-29T07:27:00+00:00
google_maps_ChdDSUhNMG9nS0VJQ0FnSURHeWJmMXdnRRAB,OSM_node_10709728706,5,Rất tuyệt,4 năm trước,,Google Maps,2026-08-29T07:27:00+00:00
google_maps_ChZDSUhNMG9nS0VJQ0FnSURoa2RpVEVREAE,OSM_node_10709728706,4,4 sao,3 năm trước,,Google Maps,2026-08-29T07:27:00+00:00
google_maps_ChdDSUhNMG9nS0VJQ0FnSUNRMTU2Ymp3RRAB,OSM_node_10709728706,5,Vui ve,8 năm trước,,Google Maps,2026-08-29T07:27:00+00:00
google_maps_ChdDSUhNMG9nS0VJQ0FnSUNJeGZENGt3RRAB,OSM_node_10709728706,5,Tốt lắm,7 năm trước,,Google Maps,2026-08-29T07:27:00+00:00
google_maps_ChZDSUhNMG9nS0VJQ0FnSUNTOEp1ZWFnEAE,OSM_node_10709728706,5,Uy nghi & linh thiêng,5 năm trước,,Google Maps,2026-08-29T07:27:00+00:00
google_maps_ChdDSUhNMG9nS0VJQ0FnSUNZdTlDR21BRRAB,OSM_node_10709728706,5,Nơi tôi sinh ra,7 năm trước,,Google Maps,2026-08-29T07:27:00+00:00
google_maps_ChZDSUhNMG9nS0VJQ0FnSUNHd3ZYZFFREAE,OSM_node_10709728706,5,Quê hương tôi,4 năm trước,,Google Maps,2026-08-29T07:27:00+00:00
google_maps_ChZDSUhNMG9nS0VJQ0FnSUNNMzllNUVnEAE,OSM_node_10709728706,5,Đình cổ,6 năm trước,,Google Maps,2026-08-29T07:27:00+00:00
google_maps_ChZDSUhNMG9nS0VJQ0FnSURaZ2RYU0NREAE,OSM_node_10709728706,5,Yên tĩnh bình yên,2 năm trước,,Google Maps,2026-08-29T07:27:00+00:00
google_maps_ChZDSUhNMG9nS0VJQ0FnSURSbTVmQ1dnEAE,OSM_node_10709728706,5,Đẹp,3 năm trước,,Google Maps,2026-08-29T07:27:00+00:00
google_maps_ChdDSUhNMG9nS0VJQ0FnSURaeFk2RnVRRRAB,OSM_node_10709728706,4,Tuyệt,2 năm trước,,Google Maps,2026-08-29T07:27:00+00:00
google_maps_ChZDSUhNMG9nS0VJQ0FnSURPajdmNkVREAE,OSM_node_10709728706,5,Tốt,4 năm trước,,Google Maps,2026-08-29T07:27:00+00:00
google_maps_ChdDSUhNMG9nS0VJQ0FnSUNBdU5XT3pRRRAB,OSM_node_10709728706,5,Chốn Linh thiêng,Thời gian chỉnh sửa: 3 năm trước,,Google Maps,2026-08-29T07:27:00+00:00
google_maps_ChZDSUhNMG9nS0VJQ0FnSUNjX19hLU5REAE,OSM_node_10709728706,5,"Uy nguy,đẹp đẽ",6 năm trước,,Google Maps,2026-08-29T07:27:00+00:00
google_maps_ChdDSUhNMG9nS0VJQ0FnSUNnXzhMQ3d3RRAB,OSM_node_10709728706,5,Anh,8 năm trước,,Google Maps,2026-08-29T07:27:00+00:00
google_maps_ChZDSUhNMG9nS0VJQ0FnSURCbzV5QmNREAE,OSM_node_10709728706,5,linh thiêng,3 năm trước,,Google Maps,2026-08-29T07:27:00+00:00
google_maps_ChdDSUhNMG9nS0VJQ0FnSUN3bGV6RzR3RRAB,OSM_node_10709728706,3,thiêng liêng,9 năm trước,,Google Maps,2026-08-29T07:27:00+00:00
google_maps_ChZDSUhNMG9nS0VJQ0FnSURTOWNiV013EAE,OSM_node_10709728706,4,Tốt,5 năm trước,,Google Maps,2026-08-29T07:27:00+00:00
google_maps_ChdDSUhNMG9nS0VJQ0FnSURRb1lqZHJnRRAB,OSM_node_10709728706,5,tuyệt,8 năm trước,,Google Maps,2026-08-29T07:27:00+00:00
google_maps_ChdDSUhNMG9nS0VJQ0FnSUMwX05mb3B3RRAB,OSM_node_10709728706,5,Đẹp,6 năm trước,,Google Maps,2026-08-29T07:27:00+00:00
google_maps_Ci9DQUlRQUNvZENodHljRjlvT2t0T1RUY3pOWFkwVTJaaVNFWldYMU5oYWpjM1pFRRAB,OSM_node_10709728706,5,Khu di tích lịch sử cấp quốc gia,một tháng trước,,Google Maps,2026-08-29T07:27:00+00:00
google_maps_ChZDSUhNMG9nS0VJQ0FnTURBNllEX1VREAE,OSM_node_10709728706,2,ĐẾN,một năm trước,,Google Maps,2026-08-29T07:27:00+00:00
google_maps_ChdDSUhNMG9nS0VJQ0FnSUNodE5iR3JBRRAB,OSM_node_10709728706,5,Được rồi,3 năm trước,,Google Maps,2026-08-29T07:27:00+00:00
google_maps_ChZDSUhNMG9nS0VJQ0FnSURBNl9UZWZ3EAE,OSM_node_10709728706,5,Ghh,8 năm trước,,Google Maps,2026-08-29T07:27:00+00:00
google_maps_ChdDSUhNMG9nS0VJQ0FnSURXdU9QWGl3RRAB,OSM_node_10709728706,5,Tốt,4 năm trước,,Google Maps,2026-08-29T07:27:00+00:00
google_maps_ChZDSUhNMG9nS0VJQ0FnSURRMXBmY2JBEAE,OSM_node_10709728706,5,Làng của tôi,9 năm trước,,Google Maps,2026-08-29T07:27:00+00:00
google_maps_Ci9DQUlRQUNvZENodHljRjlvT2tKaFJtOUVRV05aZVZjMk5FRnJVaTFGUzFsNlUxRRAB,OSM_node_10709738007,5,"Thuộc Huyện Gia lâm (cũ) Khu đền, chùa rất rộng khá đẹp, không quá đông đúc khách đến chiêm bái, mặc dù là đền chùa cổ, có 2 cổ vật là báu vật quốc gia: Tượng sư tử đá (T. kỷ 12, thời Lý) ; Khám thờ gỗ sơn son thếp vàng thế kỷ 16 (đời Mạc) Hàng năm đều qua đây, cảm giác rất thanh tịnh. Về Nguyên phi Ỷ lan (Bà Tấm) ​1. Xuất thân và Giai thoại ""Tựa gốc lan"" ​Tên thật: Thường được cho là Lê Thị Yến (hoặc Lê Xuân nương), quê ở làng Thổ Lỗi (nay thuộc Gia Lâm, Hà Nội). ​Giai thoại: Khi vua Lý Thánh Tông đi cầu tự qua vùng này, mọi người đều đổ xô ra xem, riêng bà vẫn thản nhiên đứng tựa vào gốc cây lan và hát. Vua thấy lạ, cho gọi đến hỏi chuyện. Cảm mến sự thông minh và cốt cách của bà, vua đưa về cung và phong làm Ỷ Lan Phu nhân (người phụ nữ tựa gốc lan). ​2. Hai lần nhiếp chính (Thay vua trị nước) ​Bà là người phụ nữ hiếm hoi trong lịch sử trực tiếp điều hành việc nước và đạt được những thành tựu rực rỡ: ​Lần 1 (1069): Khi Lý Thánh Tông đi đánh Chiêm Thành, bà ở lại kinh thành nhiếp chính. Lúc bấy giờ đất nước có loạn lạc, nhưng bà đã vỗ về dân chúng, giữ vững trị an khiến lòng dân quy phục. ​Lần 2 (1072): Vua Lý Thánh Tông qua đời, con trai bà là Lý Nhân Tông lên ngôi khi mới 7 tuổi. Với vai trò Hoàng thái hậu, bà đã cùng Thái úy Lý Thường Kiệt lãnh đạo Đại Việt đánh thắng quân Tống xâm lược và xây dựng quốc gia hưng thịnh. ​3. Những đóng góp quan trọng ​Nông nghiệp: Bà ban hành những chính sách bảo vệ sức kéo (cấm giết mổ trâu bò) và khuyến khích sản xuất. ​An sinh xã hội: Bà nổi tiếng với việc dùng tiền ngân khố để chuộc những cô gái nghèo phải bán thân đợ tôi, sau đó gả chồng cho họ. Điều này khiến bà được dân gian gọi là ""Quan Âm Nữ"". ​Tôn giáo: Bà là người sùng đạo Phật, cho xây dựng hàng trăm ngôi chùa (như chùa Linh Nhân Tự) và góp phần đưa Phật giáo phát triển rực rỡ thời Lý",6 tháng trước,,Google Maps,2026-08-29T07:27:38+00:00
google_maps_Ci9DQUlRQUNvZENodHljRjlvT2twM2FGRkJNbDlNTjJGRFJsQjRSbEpPV2pGWWJGRRAB,OSM_node_10709738007,5,Trước khi đi Bà chúa Kho thì mọi người nên đến đền bà Ỷ Lan trước để xin lệnh bà nha!,5 tháng trước,,Google Maps,2026-08-29T07:27:38+00:00
google_maps_Ci9DQUlRQUNvZENodHljRjlvT25kYVpUTmxOWEl5TVdJMFZ6QmtWMnd6UTE5T1RsRRAB,OSM_node_10709738007,5,Khuông Phù Quốc Thái Dân An Phong Điều Vũ Thuận,3 tháng trước,,Google Maps,2026-08-29T07:27:38+00:00
google_maps_Ci9DQUlRQUNvZENodHljRjlvT2tsQ2RuUnRhbFpmY3pWelVtMUpRbFZ5Wkc1SU4zYxAB,OSM_node_10709738007,5,"Đền Nguyên Phi Ỷ Lan nằm bên quốc lộ 5 (thuộc địa phận xã Dương Xá, huyện Gia Lâm), cách trung tâm thành phố Hà Nội khoảng 18km. Toàn bộ quần thể di tích, gồm: chùa, đền, điện, sơn trang nằm trong khuôn viên rộng khoảng 3ha có sân, nhà thủy …",một năm trước,,Google Maps,2026-08-29T07:27:38+00:00
google_maps_Ci9DQUlRQUNvZENodHljRjlvT2s1amNEbExlR2RtZGxOSFRtMUdPV3MxTTNaS1JYYxAB,OSM_node_10709738007,4,"Đền thợ nguyên phi Ỷ Lan, Bà Tấm. Nơi quê hương của bà.",5 tháng trước,,Google Maps,2026-08-29T07:27:38+00:00
google_maps_ChdDSUhNMG9nS0VJQ0FnTURBemFfS3hRRRAB,OSM_node_10709738007,5,"Ỷ Lan tên thật là Lê Thị Yến, cha là Lê Công Thiết, mẹ là Vũ Thị Tỉnh, dì ghẻ là Chu Thị và người giúp việc trong lúc hoạn nạn là lão tăng Thái Diên. Bà chính quê làng Thổ Lỗi, sau đổi thành siêu loại Thuận Thành Bắc Ninh nay thuộc xã Dương Xá huyện Gia Lâm, ngoại thành Hà Nội. Vì mẹ mất lúc 12 tuổi, cha lấy vợ kế nên Ỷ Lan khổ như cô Tấm trong truyện cổ tích Tấm Cám. Sử ghi Ỷ Lan là cô Tấm lộ Bắc hay gọi đền thờ Ỷ Lan ở xã Dương Xá, Gia Lâm, Hà Nội là đền thờ Bà Tấm vì thế. Khu di tích đền thờ Đức Quốc Mẫu Ỷ Lan Nguyên phi ở xã Dương Xá, huyện Gia Lâm, Hà Nội. Là nơi thờ Đức Quốc Mẫu Ỷ Lan Nguyên phi. Quần thể khu di tích đền thờ Nguyên phi Ỷ Lan gồm chùa, đền, điện, sơn trang nằm trong khuôn viên có sân, nhà thủy đình, cây xanh các loại rộng khoảng 3ha. Chùa và đền thờ Nguyên phi Ỷ Lan còn có tên gọi là chùa ""Bà Tấm"", đền ""bà Tấm"", chùa Cả, đền Cả.",Thời gian chỉnh sửa: một năm trước,,Google Maps,2026-08-29T07:27:38+00:00
google_maps_Ci9DQUlRQUNvZENodHljRjlvT25wWlIzbGxkbkY0UzNGbk9XaHNkbEE0TXpWWFJVRRAB,OSM_node_10709738007,5,"Hãy xem ảnh và đến trải nghiệm, và xem lịch sử về Nguyên Phi Ỷ Lan, có công xây chùa",một năm trước,,Google Maps,2026-08-29T07:27:38+00:00
google_maps_ChdDSUhNMG9nS0VJQ0FnSUNXcDRIc3R3RRAB,OSM_node_10709738007,3,"Tượng Nguyên phi Ỷ Lan vào ban đêm, có chùa và điện chỗ để xe rộng rãi - nơi thờ cúng tâm linh với khối kiến trúc và hoa văn thời Nhà Lý.",4 năm trước,,Google Maps,2026-08-29T07:27:38+00:00
google_maps_Ci9DQUlRQUNvZENodHljRjlvT21GTlgzVkNTM0ZwUjFad2FrbzRWbmMwTm1sT09VRRAB,OSM_node_10709738007,1,"Công trình đẹp nhưng thái độ của người trong này vứt cho chó gặm. Lời lẽ cọc cằn, không tôn trọng khách tham quan. Khu để tham quan(có biển cho khách vào tham quan chứ không phải khu vực cấm) thì bị đuổi ra. Không hiểu sao tâm như này mà vẫn vào chùa ở được",6 tháng trước,,Google Maps,2026-08-29T07:27:38+00:00
google_maps_ChdDSUhNMG9nS0VJQ0FnSURtamNyeGlnRRAB,OSM_node_10709738007,5,"Di tích là 1 quần thể gồm Chùa,Đền,Điện,Sơn trang nằm trên khuôn viên rộng rãi,mát mẻ. Đặc biệt Đền thờ Bà được xây theo lối kiến trúc cung đình thời Lý thuộc hàng Cổ nhất nước ta. Trong di tích hiện còn nhiều hiện vật quý hiếm không chỉ ở …",4 năm trước,,Google Maps,2026-08-29T07:27:38+00:00
google_maps_ChZDSUhNMG9nS0VJQ0FnSURzNHRtSk9REAE,OSM_node_10709738007,5,"Có hai đền Ỷ Lan nằm cách nhau 2-3km.Cụm đền lớn hơn nằm bên địa phận Gia Lâm-Hà Nội(một đền còn lại nằm bên địa phận Như Quỳnh-Hưng Yên).Trong đền có đôi cóc thần linh thiêng.Khuôn viên trong đền rộng rãi và có chỗ để xe.Bên ngoài là khuôn viên quảng trường và tượng thờ lớn,rất nổi bật và dễ nhận thấy ngay từ khi đi ngoài đường. Du xuân về đền vào dịo đầu năm rất thú vị,vừa được trải nghiệm không gian giàu tính tâm linh,vừa được cảm nhận hương tháng giêng từ cây cỏ trong đền.",6 năm trước,,Google Maps,2026-08-29T07:27:38+00:00
google_maps_ChdDSUhNMG9nS0VJQ0FnSURCdWI3d2dBRRAB,OSM_node_10709738007,5,Mùng 1 tết Quý Mão . Ngôi đền cổ. Trang nghiêm. Ấm cúng. Đẹp lắm ạ. …,3 năm trước,,Google Maps,2026-08-29T07:27:38+00:00
google_maps_ChdDSUhNMG9nS0VJQ0FnSURCZzRfMWlRRRAB,OSM_node_10709738007,5,"một nơi tuyệt vời để đến thăm. Không gian cổ kính trang nghiêm, chỗ để xe rộng rãi, nhiều cây xanh, ngay mặt quốc lộ 5 tiện di chuyển.",3 năm trước,,Google Maps,2026-08-29T07:27:38+00:00
google_maps_Ci9DQUlRQUNvZENodHljRjlvT2tORmFYWTFjMjFZVDJSR09FRk5WRk54WjJ3MlJIYxAB,OSM_node_10709738007,5,cũng bt k rộng quá k bé quá chùa gần ngay mặt đường 5 ngày gì thì ngta mới mở chốt để bên kia sang đường còn ngày bình thường họ sẽ chặn đường k cho sang,5 tháng trước,,Google Maps,2026-08-29T07:27:38+00:00
google_maps_Ci9DQUlRQUNvZENodHljRjlvT2sxMFdHMVJabUZ5YjFsaGFIcFRTMFk1YkhSV1FVRRAB,OSM_node_10709738007,5,"Tượng đồng Ỷ Lan đúc năm 2010, so sánh với tượng đồng Huyền Thiên Trấn Vũ, tượng này khá xấu nhất là về biểu hiện khuôn mặt và trang phục không có điểm nhấn khi đồng tông màu vàng.",11 tháng trước,,Google Maps,2026-08-29T07:27:38+00:00
google_maps_ChdDSUhNMG9nS0VJQ0FnSURkajdyWHh3RRAB,OSM_node_10709738007,5,"Đền Nguyên Phi Ỷ Lan - Di tích lịch sử và văn hóa Đền Nguyên Phi Ỷ Lan, hay còn gọi là đền Bà Tấm, tọa lạc tại xã Dương Xá, huyện Gia Lâm, Hà Nội. Đền thờ phụng Hoàng Thái hậu Ỷ Lan, một vị nữ anh hùng tài ba trong lịch sử Việt Nam. Bà Ỷ Lan (1044 - 1117), tên thật là Lê Thị Yến, là con gái của quan Thái úy Lê Phụng Hiểu. Bà là vợ vua Lý Thánh Tông và mẹ vua Lý Nhân Tông. Khi vua Lý Thánh Tông đi đánh giặc, bà đã hai lần nhiếp chính, phò tá con trai trị vì đất nước. Dưới triều đại của bà, đất nước Đại Việt phát triển mạnh mẽ về mọi mặt. Bà là người có công lớn trong việc xây dựng đền, chùa, cầu, đường, phát triển nông nghiệp, giáo dục, và củng cố quốc phòng. Đền Nguyên Phi Ỷ Lan được xây dựng vào năm 1117, sau khi bà qua đời. Đền đã được trùng tu nhiều lần qua các triều đại vua chúa. Kiến trúc đền mang đậm dấu ấn thời Lý, với những mái cong cong, bờ nóc cong vút. Trong đền có nhiều tượng phật và tượng các vị vua, quan triều Lý. Hàng năm, vào ngày 11 tháng 3 âm lịch, nhân dân địa phương tổ chức lễ hội tưởng nhớ công lao của bà. Đền Nguyên Phi Ỷ Lan là một di tích lịch sử và văn hóa quan trọng. Nơi đây không chỉ là nơi để du khách chiêm bái, cầu nguyện mà còn là nơi để thế hệ sau noi gương về lòng yêu nước, tinh thần dũng cảm và tài trí của bà.",2 năm trước,,Google Maps,2026-08-29T07:27:38+00:00
google_maps_ChZDSUhNMG9nS0VJQ0FnSUNoay1YU2NBEAE,OSM_node_10709738007,5,"Nếu ai đã từng được đặt chân tới Ngôi đền thờ bà Đức Quốc Mẫu Ỷ Lan Nguyên Phi, tại xã Dương Xá - huyện Gia Lâm – Hà Nội. Thì sẽ hiểu được đó là một niềm vinh hạnh đáng tự hào về lịch sử nước nhà.",3 năm trước,,Google Maps,2026-08-29T07:27:38+00:00
google_maps_ChdDSUhNMG9nS0VJQ0FnTUNBODVtdnFBRRAB,OSM_node_10709738007,5,"Không gian rộng thoáng, tượng Nguyên Phi Ỷ Lan đẹp, đền chùa vào trong bày trí hợp lý",một năm trước,,Google Maps,2026-08-29T07:27:38+00:00
google_maps_ChdDSUhNMG9nS0VJQ0FnSURXa3VuLWhRRRAB,OSM_node_10709738007,5,"Ỷ Lan (chữ Hán: 倚蘭, 7 tháng 4, 1044 – 24 tháng 8, 1117) hay còn gọi là Linh Nhân Hoàng thái hậu (靈仁皇太后), là phi tần của Hoàng đế Lý Thánh Tông, mẹ ruột của hoàng đế Lý Nhân Tông trong lịch sử Việt Nam.",4 năm trước,,Google Maps,2026-08-29T07:27:38+00:00
google_maps_ChZDSUhNMG9nS0VJQ0FnSUNVLTVPY0dREAE,OSM_node_10709738007,4,"Đền thờ một người đàn bà nổi tiếng triều lý, với nhứng đóng góp to lớn cho sự hưng thịnh của đất nước. Theo truyền thuyết về bà, Ỷ Lan sinh ngày 7 tháng 3 năm Giáp Thân (7 tháng 4 năm …",7 năm trước,,Google Maps,2026-08-29T07:27:38+00:00
google_maps_Ci9DQUlRQUNvZENodHljRjlvT2xWSlkzSkZaM2xJV1c1V05tOHlRbUV0V2xCRlNWRRAB,OSM_node_10709738007,5,"Đền cổ kính và linh thiêng. Khuôn viên rộng, không khí trong lành.",5 tháng trước,,Google Maps,2026-08-29T07:27:38+00:00
google_maps_ChdDSUhNMG9nS0VJQ0FnSURzMXVpWXd3RRAB,OSM_node_10709738007,5,"Đền Nguyên Phi Ỷ Lan, hay nhân dân thường gọi là Đền Bà Tấm. Khu di tích này bao gồm đền Bà Tấm, chùa Bà Tấm, khu Tượng đài và một số hạng mục khác. Trong chùa Bà Tấm có một đôi sư tử đá đội tượng rất đẹp, được làm vào thời Lý, vừa mới được công nhận là bảo vật quốc gia. Đền bà Tấm nằm ngay bên cạnh chùa. Đền nhỏ, xây bằng gạch nung không trát, nhìn rất cổ. Trong đền có hai kiệu thờ làm từ thời Mạc rất tinh xảo. Không gian chùa thoáng đãng, yên tĩnh, nhiều cây xanh, vô cùng thoải mái.",6 năm trước,,Google Maps,2026-08-29T07:27:38+00:00
google_maps_Ci9DQUlRQUNvZENodHljRjlvT25KWGFXRmhjWGQzUzFkU1ZGUmhTamM1VVVSeVlYYxAB,OSM_node_10709738007,5,"Đền Nguyên Phi Ỷ Lan (còn gọi là chùa Bà Tấm) nằm tại xã Dương Xá, huyện Gia Lâm, Hà Nội, cách trung tâm khoảng 18 km bên Quốc lộ 5. Đây là khu quần thể di tích lịch sử – văn hóa rộng lớn (khoảng 3 ha), bao gồm tam quan, nghi môn, đền …",một năm trước,,Google Maps,2026-08-29T07:27:38+00:00
google_maps_Ci9DQUlRQUNvZENodHljRjlvT2xWa1RHOUxaVjh5VldSMFZHTnpZWEZzT1Zoa1NrRRAB,OSM_node_10709738007,5,Đẹp và Thiêng lắm,5 tháng trước,,Google Maps,2026-08-29T07:27:38+00:00
google_maps_ChZDSUhNMG9nS0VJQ0FnSUNacG9UckdREAE,OSM_node_10709738007,5,Hôm nay (25 tháng Bẩy) là ngày giỗ của Linh Nhân Hoàng Thái hậu. Lễ giỗ rất trang trọng thành kính. Dân quanh vùng đến lễ và còn thi thả chim.,2 năm trước,,Google Maps,2026-08-29T07:27:38+00:00
google_maps_Ci9DQUlRQUNvZENodHljRjlvT25GUWJuTTNjVXN6TVdWeFdGRktXQzFVWm1OSWNsRRAB,OSM_node_10709738007,5,Đẹp là nơi lên đến cho tín ngưỡng Phật giáo,4 tháng trước,,Google Maps,2026-08-29T07:27:38+00:00
google_maps_ChdDSUhNMG9nS0VJQ0FnSUNkOGJqeXpnRRAB,OSM_node_10709738007,5,"Có Đền và Chùa. Đi lại thuận tiện ngay Mặt đường QL5, có bãi để xe rộng. Không gian đẹp, sạch sẽ",2 năm trước,,Google Maps,2026-08-29T07:27:38+00:00
google_maps_ChdDSUhNMG9nS0VMNjFuSjIxMU5qczV3RRAB,OSM_node_10709738007,5,"Rất đẹp và linh thiêng. Đền Nguyên Phi Ỷ Lan là di tích lịch sử – văn hóa nằm tại xã Dương Xá, huyện Gia Lâm, Hà Nội. Đây là nơi thờ Nguyên Phi Ỷ Lan – một người phụ nữ kiệt xuất trong lịch sử Việt Nam, vợ vua Lý Thánh Tông và mẹ vua Lý Nhân Tông. Bà nổi tiếng không chỉ vì xuất thân từ tầng lớp bình dân mà còn bởi tài trị nước, an dân và đức độ hiền hậu. Ngôi đền được xây dựng công phu, mang đậm nét kiến trúc truyền thống với tam quan, tiền đường, hậu cung. Bên trong đền có nhiều hiện vật quý như tượng thờ Ỷ Lan, bia đá ghi công đức và các hoành phi câu đối ca ngợi bà. Hàng năm, vào ngày 25 tháng 2 âm lịch, nơi đây tổ chức lễ hội lớn tưởng nhớ công lao của Nguyên Phi Ỷ Lan, thu hút đông đảo du khách và nhân dân thập phương về dự.",một năm trước,,Google Maps,2026-08-29T07:27:38+00:00
google_maps_ChZDSUhNMG9nS0VJQ0FnSUNoNDhuTU13EAE,OSM_node_10709738007,4,"Đền thờ nằm trên mặt đường 5, chân cầu vượt Phú Thuỵ",3 năm trước,,Google Maps,2026-08-29T07:27:38+00:00
google_maps_ChZDSUhNMG9nS0VJQ0FnTURBMEpEWElREAE,OSM_node_10709738007,5,Đầu năm đi lễ chùa. Nơi đây là nguyên quán của Nguyên Phi Ỷ Lan.,một năm trước,,Google Maps,2026-08-29T07:27:38+00:00
google_maps_Ci9DQUlRQUNvZENodHljRjlvT2xveE5VTnVWbGhMVTI1UmJVcFNTemxxVTNCeE9GRRAB,OSM_node_10709738007,5,Di tích lịch sử quốc gia linh thiêng,3 tháng trước,,Google Maps,2026-08-29T07:27:38+00:00
google_maps_Ci9DQUlRQUNvZENodHljRjlvT25kbFVVeHBOMEpCVjI1M1RUWjVaVlphTnpkeGNWRRAB,OSM_node_10709738007,5,Đây là ngôi đền rất linh thiêng về cầu con và cầu duyên,5 tháng trước,,Google Maps,2026-08-29T07:27:38+00:00
google_maps_ChZDSUhNMG9nS0VJQ0FnTUNBbmJyeEp3EAE,OSM_node_10709738007,5,"Thanh tịnh, mặc dù rất đông nhưng khá trật tự, ko chen lấn xô đẩy",một năm trước,,Google Maps,2026-08-29T07:27:38+00:00
google_maps_Ci9DQUlRQUNvZENodHljRjlvT2sweVJFZGhla1pLYzBsNmFFMVhWbEJPZW5kS1lXYxAB,OSM_node_10709738007,5,Khách lấy khăn áo nhà e ❤️,4 tháng trước,,Google Maps,2026-08-29T07:27:38+00:00
google_maps_ChZDSUhNMG9nS0VJQ0FnSUNYb2Y2bFF3EAE,OSM_node_10709738007,5,"Thanh tịnh sạch sẽ. Yên bình Thi thoảng rằm hay lễ tới nhé các bạn Ủng hộ công đức để chùa dc sửa sang. Đền linh thiêng lắm, bạn nào căn cao số nặng nên tới",một năm trước,,Google Maps,2026-08-29T07:27:38+00:00
google_maps_ChZDSUhNMG9nS0VJQ0FnSUR2NnF6bEpnEAE,OSM_node_10709738007,5,Tuyệt vời khi đến dâng hương tại đền Nguyên Phi Ỷ Lan,một năm trước,,Google Maps,2026-08-29T07:27:38+00:00
google_maps_ChdDSUhNMG9nS0VJQ0FnSUNkMHFiM2hBRRAB,OSM_node_10709738007,5,"Thoáng rộng, sạch sẽ và trang nghiêm.",2 năm trước,,Google Maps,2026-08-29T07:27:38+00:00
google_maps_ChdDSUhNMG9nS0VJQ0FnSUMycU5fVDZnRRAB,OSM_node_10709738007,5,Di tích lịch sử văn hoá đền thờ Nguyên Phi Ỷ Lan,4 năm trước,,Google Maps,2026-08-29T07:27:38+00:00
google_maps_ChdDSUhNMG9nS0VJQ0FnSUR1N29pMnNnRRAB,OSM_node_10709738007,5,"Một ngôi đền cổ, từ thời lý ở ngoại thành Hà Nội. Một địa điểm mọi người nên đến hành hương. Quần thể di tích gồm có đền, chùa … Không gian xanh, mát, ban quản lý thân thiện",4 năm trước,,Google Maps,2026-08-29T07:27:38+00:00
google_maps_ChZDSUhNMG9nS0VJQ0FnSUNRb0tUUEdBEAE,OSM_node_10709738007,4,"Khác với các hậu phi, Ỷ Lan không lấy việc chau chuốt nhan sắc mong độc chiếm tình yêu của Vua, mà quan tâm hết thảy mọi công việc trong triều. Ỷ Lan khổ công học hỏi miệt mài đọc sách nên chỉ trong 1 thời gian ngắn mọi người đều ngạc nhiên …",7 năm trước,,Google Maps,2026-08-29T07:27:38+00:00
google_maps_ChZDSUhNMG9nS0VJQ0FnSURnNEtIZkJ3EAE,OSM_node_10709738007,4,"Là quần thể đền- chùa- điện có quy mô rộng lớn cùng với không gian thoáng đãng trong lành, cách trung tâm Hà nội 15km lại rất thuận tiện về giao thông. Môi trường và cảnh quan nơi đây rất sạch sẽ và thanh tịnh, không có cảnh lộn xộn, chen lấn và sô đẩy nhau. Có một lưu ý nho nhỏ là nếu bạn đến đây bằng xe máy thì có thể đi thẳng vào để trong sân đền mà không nhất thiết phải gửi ở ngoài như một số nơi khác, mặc dù ngoài cổng có biển cấm đi xe vào nhưng thực chất ban quản lý chỉ cấm khi có lễ hội, còn ngày bình thường không cấm.",10 năm trước,,Google Maps,2026-08-29T07:27:38+00:00
google_maps_ChZDSUhNMG9nS0VJQ0FnSUNvbXVUcVZBEAE,OSM_node_10709738007,5,Là nơi linh thiêng thờ hoàng thái hậu nguyên phi ỷ lan chùa đang tìm các di tích lịch sử của các đời và cũng sắp hội chùa rồi t3 hay t4,7 năm trước,,Google Maps,2026-08-29T07:27:38+00:00
google_maps_ChZDSUhNMG9nS0VJQ0FnSUNkcnZmOUhREAE,OSM_node_10709738007,5,Đẹp và cổ kính,2 năm trước,,Google Maps,2026-08-29T07:27:38+00:00
google_maps_ChZDSUhNMG9nS0VJQ0FnSUNZbUxMRFZREAE,OSM_node_10709738007,5,"Nguyên phi Ỷ Lan tên thật là Lê Thị Yến, cũng có sách ghi tên bà là Lê Thị Yến Loan hay Lê Thị Khiết. Bà là vợ vua Lý Thánh Tông. Ỷ Lan sinh ngày 7/3 năm Giáp Thân (1044), lúc 12 tuổi thì mẹ mất, bố lấy vợ kế nhưng ít lâu sau cũng qua đời. …",Thời gian chỉnh sửa: 7 năm trước,,Google Maps,2026-08-29T07:27:38+00:00
google_maps_ChZDSUhNMG9nS0VJQ0FnSURBX3VuT2RnEAE,OSM_node_10709738007,4,"Khuôn viên bên ngoài mặt đường rộng, thoáng. Tượng bà Ỷ Lan to, đẹp sừng sững bên ngoài. Bên trong cổ kính, sân rợp bóng cây xanh.",10 năm trước,,Google Maps,2026-08-29T07:27:38+00:00
google_maps_ChdDSUhNMG9nS0VJQ0FnSUNBa3NuanFBRRAB,OSM_node_10709738007,5,"Gần tết 2018 có lại có dịp ghé vào thăm quan. Đây là một ngôi đền linh thiêng xen lẫn nhiều nét cổ kính xưa còn sót lại, mặc dù có một số chỗ đã được nhà đền cho tu sửa lại vì đã xuống cấp tuy nhiên vẫn giữ được nét cổ. Đền được bao phủ xung quanh bằng nhiều cây xanh tạo không khí trong lành và cho du khách cảm giác thư giãn tinh thần mỗi khi đến.",Thời gian chỉnh sửa: 8 năm trước,,Google Maps,2026-08-29T07:27:38+00:00
google_maps_ChdDSUhNMG9nS0VJQ0FnSURrNGZiR3pBRRAB,OSM_node_10709738007,5,Đền Nguyên Phi Ỷ Lan hay còn gọi là Đền Bà Tấm.,7 năm trước,,Google Maps,2026-08-29T07:27:38+00:00
google_maps_ChdDSUhNMG9nS0VJQ0FnSURBejRTdW93RRAB,OSM_node_10709738007,5,"Một địa điểm tâm linh, tôn giáo lâu đời đã được xếp hạng di tích lịch sử Quốc gia. Đây là nơi thờ phụng Nguyên phi Ỷ Lan, người phụ nữ bằng tài năng, trí tuệ và tâm đức của mình đã làm rạng rỡ thêm vương triều nhà Lý, góp phần giữ yên bờ cõi trước họa xâm lăng.",9 năm trước,,Google Maps,2026-08-29T07:27:38+00:00
google_maps_ChZDSUhNMG9nS0VJQ0FnSURudGFiMFFBEAE,OSM_node_10709738007,5,Một khu đi tích lịch sử rất đơn sơ mộc mạc rộng rãi,một năm trước,,Google Maps,2026-08-29T07:27:38+00:00
google_maps_ChdDSUhNMG9nS0VJQ0FnTUNnZzZPb2hnRRAB,OSM_node_10709738007,4,Nằm mặt đường 5 nhưng nếu đi theo map thì sẽ chỉ đằng sau đền,một năm trước,,Google Maps,2026-08-29T07:27:38+00:00
