place_id,category_id,group,category,subcategory,is_primary,classification_method,classification_confidence
OSM_node_443033827,CAT006,heritage,historical,monument,True,osm_rule,high
OSM_node_445345255,CAT011,culture,museum,museum,True,osm_rule,high
OSM_node_446043019,CAT018,other,attraction,general_attraction,True,osm_rule,high
OSM_node_446043737,CAT018,other,attraction,general_attraction,True,osm_rule,high
OSM_node_697344049,CAT006,heritage,historical,monument,True,osm_rule,high
OSM_node_1000087403,CAT012,culture,arts,gallery,True,osm_rule,high
OSM_node_1336376418,CAT001,natural,landscape,mountain,True,osm_rule,high
OSM_node_1498111667,CAT008,heritage,historical,archaeological_site,True,osm_rule,high
OSM_node_1716371376,CAT007,heritage,historical,ruins,True,osm_rule,high
OSM_node_1874058010,CAT011,culture,museum,museum,True,osm_rule,high
OSM_node_1874093498,CAT006,heritage,historical,monument,True,osm_rule,high
OSM_node_2089305122,CAT003,natural,landscape,cave,True,osm_rule,high
OSM_node_2320764818,CAT006,heritage,historical,monument,True,osm_rule,high
OSM_node_2607827391,CAT018,other,attraction,general_attraction,True,osm_rule,high
OSM_node_2810302635,CAT011,culture,museum,museum,True,osm_rule,high
OSM_node_3154342340,CAT001,natural,landscape,mountain,True,osm_rule,high
OSM_node_3426500755,CAT006,heritage,historical,monument,True,osm_rule,high
OSM_node_3860801614,CAT006,heritage,historical,monument,True,osm_rule,high
OSM_node_4171861196,CAT018,other,attraction,general_attraction,True,osm_rule,high
OSM_node_4171889289,CAT018,other,attraction,general_attraction,True,osm_rule,high
OSM_node_4357664005,CAT017,scenic,viewpoint,viewpoint,True,osm_rule,high
OSM_node_4489385889,CAT018,other,attraction,general_attraction,True,osm_rule,high
OSM_node_4499978190,CAT011,culture,museum,museum,True,osm_rule,high
OSM_node_4572907889,CAT018,other,attraction,general_attraction,True,osm_rule,high
OSM_node_4652714733,CAT001,natural,landscape,mountain,True,osm_rule,high
OSM_node_4687830590,CAT018,other,attraction,general_attraction,True,osm_rule,high
OSM_node_4711541290,CAT017,scenic,viewpoint,viewpoint,True,osm_rule,high
OSM_node_4716177261,CAT018,other,attraction,general_attraction,True,osm_rule,high
OSM_node_4716178797,CAT018,other,attraction,general_attraction,True,osm_rule,high
OSM_node_4716178909,CAT018,other,attraction,general_attraction,True,osm_rule,high
OSM_node_4716178910,CAT018,other,attraction,general_attraction,True,osm_rule,high
OSM_node_4716178925,CAT018,other,attraction,general_attraction,True,osm_rule,high
OSM_node_4716178989,CAT018,other,attraction,general_attraction,True,osm_rule,high
OSM_node_4742507123,CAT006,heritage,historical,monument,True,osm_rule,high
OSM_node_4783069521,CAT017,scenic,viewpoint,viewpoint,True,osm_rule,high
OSM_node_4887075112,CAT001,natural,landscape,mountain,True,osm_rule,high
OSM_node_4888934656,CAT006,heritage,historical,monument,True,osm_rule,high
OSM_node_4889087244,CAT011,culture,museum,museum,True,osm_rule,high
OSM_node_4927916321,CAT006,heritage,historical,monument,True,osm_rule,high
OSM_node_4940163827,CAT017,scenic,viewpoint,viewpoint,True,osm_rule,high
OSM_node_4940163922,CAT017,scenic,viewpoint,viewpoint,True,osm_rule,high
OSM_node_4940163923,CAT017,scenic,viewpoint,viewpoint,True,osm_rule,high
OSM_node_4940164421,CAT017,scenic,viewpoint,viewpoint,True,osm_rule,high
OSM_node_4995953723,CAT006,heritage,historical,monument,True,osm_rule,high
OSM_node_4995961721,CAT006,heritage,historical,monument,True,osm_rule,high
OSM_node_4998754422,CAT006,heritage,historical,monument,True,osm_rule,high
OSM_node_4998757921,CAT006,heritage,historical,monument,True,osm_rule,high
OSM_node_5001453623,CAT006,heritage,historical,monument,True,osm_rule,high
OSM_node_5001479422,CAT006,heritage,historical,monument,True,osm_rule,high
OSM_node_5001479425,CAT006,heritage,historical,monument,True,osm_rule,high
OSM_node_5001479427,CAT006,heritage,historical,monument,True,osm_rule,high
OSM_node_5001483721,CAT006,heritage,historical,monument,True,osm_rule,high
OSM_node_5001483722,CAT006,heritage,historical,monument,True,osm_rule,high
OSM_node_5001483921,CAT006,heritage,historical,monument,True,osm_rule,high
OSM_node_5025409279,CAT006,heritage,historical,monument,True,osm_rule,high
OSM_node_5031703383,CAT006,heritage,historical,monument,True,osm_rule,high
OSM_node_5031703384,CAT006,heritage,historical,monument,True,osm_rule,high
OSM_node_5031703385,CAT006,heritage,historical,monument,True,osm_rule,high
OSM_node_5031703386,CAT006,heritage,historical,monument,True,osm_rule,high
OSM_node_5031703387,CAT006,heritage,historical,monument,True,osm_rule,high
OSM_node_5031703388,CAT006,heritage,historical,monument,True,osm_rule,high
OSM_node_5031703389,CAT006,heritage,historical,monument,True,osm_rule,high
OSM_node_5031703390,CAT006,heritage,historical,monument,True,osm_rule,high
OSM_node_5031704746,CAT006,heritage,historical,monument,True,osm_rule,high
OSM_node_5031704747,CAT006,heritage,historical,monument,True,osm_rule,high
OSM_node_5031704909,CAT006,heritage,historical,monument,True,osm_rule,high
OSM_node_5031704910,CAT006,heritage,historical,monument,True,osm_rule,high
OSM_node_5031704911,CAT006,heritage,historical,monument,True,osm_rule,high
OSM_node_5031704912,CAT006,heritage,historical,monument,True,osm_rule,high
OSM_node_5031704913,CAT006,heritage,historical,monument,True,osm_rule,high
OSM_node_5031704914,CAT006,heritage,historical,monument,True,osm_rule,high
OSM_node_5031705425,CAT006,heritage,historical,monument,True,osm_rule,high
OSM_node_5031705426,CAT006,heritage,historical,monument,True,osm_rule,high
OSM_node_5031705622,CAT006,heritage,historical,monument,True,osm_rule,high
OSM_node_5031709021,CAT006,heritage,historical,monument,True,osm_rule,high
OSM_node_5031709022,CAT006,heritage,historical,monument,True,osm_rule,high
OSM_node_5031722621,CAT006,heritage,historical,monument,True,osm_rule,high
OSM_node_5033650021,CAT006,heritage,historical,monument,True,osm_rule,high
OSM_node_5033650022,CAT006,heritage,historical,monument,True,osm_rule,high
OSM_node_5033650023,CAT006,heritage,historical,monument,True,osm_rule,high
OSM_node_5033650024,CAT006,heritage,historical,monument,True,osm_rule,high
OSM_node_5033650221,CAT006,heritage,historical,monument,True,osm_rule,high
OSM_node_5033650222,CAT006,heritage,historical,monument,True,osm_rule,high
OSM_node_5033650223,CAT006,heritage,historical,monument,True,osm_rule,high
OSM_node_5033650321,CAT006,heritage,historical,monument,True,osm_rule,high
OSM_node_5040121222,CAT006,heritage,historical,monument,True,osm_rule,high
OSM_node_5040126121,CAT006,heritage,historical,monument,True,osm_rule,high
OSM_node_5057529521,CAT006,heritage,historical,monument,True,osm_rule,high
OSM_node_5061600122,CAT006,heritage,historical,monument,True,osm_rule,high
OSM_node_5061600123,CAT006,heritage,historical,monument,True,osm_rule,high
OSM_node_5061600124,CAT006,heritage,historical,monument,True,osm_rule,high
OSM_node_5061624121,CAT006,heritage,historical,monument,True,osm_rule,high
OSM_node_5061624122,CAT006,heritage,historical,monument,True,osm_rule,high
OSM_node_5061624321,CAT006,heritage,historical,monument,True,osm_rule,high
OSM_node_5062038323,CAT006,heritage,historical,monument,True,osm_rule,high
OSM_node_5062038324,CAT006,heritage,historical,monument,True,osm_rule,high
OSM_node_5062063623,CAT006,heritage,historical,monument,True,osm_rule,high
OSM_node_5062063624,CAT006,heritage,historical,monument,True,osm_rule,high
OSM_node_5062066024,CAT006,heritage,historical,monument,True,osm_rule,high
OSM_node_5063155622,CAT006,heritage,historical,monument,True,osm_rule,high
OSM_node_5063239922,CAT006,heritage,historical,monument,True,osm_rule,high
OSM_node_5063241321,CAT006,heritage,historical,monument,True,osm_rule,high
OSM_node_5063241322,CAT006,heritage,historical,monument,True,osm_rule,high
OSM_node_5063241421,CAT006,heritage,historical,monument,True,osm_rule,high
OSM_node_5070808921,CAT018,other,attraction,general_attraction,True,osm_rule,high
OSM_node_5129868129,CAT006,heritage,historical,monument,True,osm_rule,high
OSM_node_5244555570,CAT006,heritage,historical,monument,True,osm_rule,high
OSM_node_5295283535,CAT006,heritage,historical,monument,True,osm_rule,high
OSM_node_5370525523,CAT018,other,attraction,general_attraction,True,osm_rule,high
OSM_node_5401241727,CAT018,other,attraction,general_attraction,True,osm_rule,high
OSM_node_5406262022,CAT018,other,attraction,general_attraction,True,osm_rule,high
OSM_node_5485635750,CAT006,heritage,historical,monument,True,osm_rule,high
OSM_node_5485779585,CAT013,recreation,park,public_park,True,osm_rule,high
OSM_node_5539127921,CAT018,other,attraction,general_attraction,True,osm_rule,high
OSM_node_5630770368,CAT006,heritage,historical,monument,True,osm_rule,high
OSM_node_5641420927,CAT013,recreation,park,public_park,True,osm_rule,high
OSM_node_5643366522,CAT006,heritage,historical,monument,True,osm_rule,high
OSM_node_5648651616,CAT013,recreation,park,public_park,True,osm_rule,high
OSM_node_5651399721,CAT006,heritage,historical,monument,True,osm_rule,high
OSM_node_5704584127,CAT017,scenic,viewpoint,viewpoint,True,osm_rule,high
OSM_node_6046636103,CAT006,heritage,historical,monument,True,osm_rule,high
OSM_node_6051320086,CAT012,culture,arts,gallery,True,osm_rule,high
OSM_node_6053785702,CAT018,other,attraction,general_attraction,True,osm_rule,high
OSM_node_6119149104,CAT001,natural,landscape,mountain,True,osm_rule,high
OSM_node_6369688515,CAT006,heritage,historical,monument,True,osm_rule,high
OSM_node_6546220354,CAT007,heritage,historical,ruins,True,osm_rule,high
OSM_node_6612623371,CAT006,heritage,historical,monument,True,osm_rule,high
OSM_node_6612640826,CAT006,heritage,historical,monument,True,osm_rule,high
OSM_node_6612988434,CAT006,heritage,historical,monument,True,osm_rule,high
OSM_node_6648715232,CAT013,recreation,park,public_park,True,osm_rule,high
OSM_node_6652529903,CAT018,other,attraction,general_attraction,True,osm_rule,high
OSM_node_6652529906,CAT017,scenic,viewpoint,viewpoint,True,osm_rule,high
OSM_node_6707403387,CAT018,other,attraction,general_attraction,True,osm_rule,high
OSM_node_6801247419,CAT011,culture,museum,museum,True,osm_rule,high
OSM_node_6846267429,CAT006,heritage,historical,monument,True,osm_rule,high
OSM_node_6942542995,CAT012,culture,arts,gallery,True,osm_rule,high
OSM_node_7050407689,CAT018,other,attraction,general_attraction,True,osm_rule,high
OSM_node_7055942203,CAT001,natural,landscape,mountain,True,osm_rule,high
OSM_node_7066631985,CAT017,scenic,viewpoint,viewpoint,True,osm_rule,high
OSM_node_7118806885,CAT017,scenic,viewpoint,viewpoint,True,osm_rule,high
OSM_node_7122136269,CAT001,natural,landscape,mountain,True,osm_rule,high
OSM_node_7122136270,CAT001,natural,landscape,mountain,True,osm_rule,high
OSM_node_7124292917,CAT006,heritage,historical,monument,True,osm_rule,high
OSM_node_7133019619,CAT001,natural,landscape,mountain,True,osm_rule,high
OSM_node_7160356204,CAT006,heritage,historical,monument,True,osm_rule,high
OSM_node_7178614705,CAT011,culture,museum,museum,True,osm_rule,high
OSM_node_7178615268,CAT006,heritage,historical,monument,True,osm_rule,high
OSM_node_7178804214,CAT011,culture,museum,museum,True,osm_rule,high
OSM_node_7189828683,CAT011,culture,museum,museum,True,osm_rule,high
OSM_node_7191990350,CAT001,natural,landscape,mountain,True,osm_rule,high
OSM_node_7368395546,CAT006,heritage,historical,monument,True,osm_rule,high
OSM_node_7848823546,CAT001,natural,landscape,mountain,True,osm_rule,high
OSM_node_8090548315,CAT006,heritage,historical,monument,True,osm_rule,high
OSM_node_8318010619,CAT018,other,attraction,general_attraction,True,osm_rule,high
OSM_node_8440236517,CAT018,other,attraction,general_attraction,True,osm_rule,high
OSM_node_8524569056,CAT003,natural,landscape,cave,True,osm_rule,high
OSM_node_8559636369,CAT006,heritage,historical,monument,True,osm_rule,high
OSM_node_8678902014,CAT013,recreation,park,public_park,True,osm_rule,high
OSM_node_8681467467,CAT001,natural,landscape,mountain,True,osm_rule,high
OSM_node_8681475359,CAT001,natural,landscape,mountain,True,osm_rule,high
OSM_node_8772191067,CAT006,heritage,historical,monument,True,osm_rule,high
OSM_node_8850427515,CAT013,recreation,park,public_park,True,osm_rule,high
OSM_node_8980937102,CAT013,recreation,park,public_park,True,osm_rule,high
OSM_node_8985647127,CAT013,recreation,park,public_park,True,osm_rule,high
OSM_node_9034493609,CAT006,heritage,historical,monument,True,osm_rule,high
OSM_node_9287505718,CAT018,other,attraction,general_attraction,True,osm_rule,high
OSM_node_9399202172,CAT011,culture,museum,museum,True,osm_rule,high
OSM_node_9458041742,CAT001,natural,landscape,mountain,True,osm_rule,high
OSM_node_9459474981,CAT018,other,attraction,general_attraction,True,osm_rule,high
OSM_node_9491530287,CAT001,natural,landscape,mountain,True,osm_rule,high
OSM_node_9497320880,CAT017,scenic,viewpoint,viewpoint,True,osm_rule,high
OSM_node_9498047319,CAT013,recreation,park,public_park,True,osm_rule,high
OSM_node_9604775129,CAT001,natural,landscape,mountain,True,osm_rule,high
OSM_node_9627953236,CAT017,scenic,viewpoint,viewpoint,True,osm_rule,high
OSM_node_9846898217,CAT011,culture,museum,museum,True,osm_rule,high
OSM_node_9923824085,CAT008,heritage,historical,archaeological_site,True,osm_rule,high
OSM_node_9931817258,CAT006,heritage,historical,monument,True,osm_rule,high
OSM_node_9959129517,CAT018,other,attraction,general_attraction,True,osm_rule,high
OSM_node_10091771745,CAT006,heritage,historical,monument,True,osm_rule,high
OSM_node_10565072143,CAT017,scenic,viewpoint,viewpoint,True,osm_rule,high
OSM_node_10647941388,CAT017,scenic,viewpoint,viewpoint,True,osm_rule,high
OSM_node_10707281480,CAT006,heritage,historical,monument,True,osm_rule,high
OSM_node_10707300738,CAT008,heritage,historical,archaeological_site,True,osm_rule,high
OSM_node_10709724111,CAT018,other,attraction,general_attraction,True,osm_rule,high
OSM_node_10709724112,CAT018,other,attraction,general_attraction,True,osm_rule,high
OSM_node_10709724408,CAT018,other,attraction,general_attraction,True,osm_rule,high
OSM_node_10709724410,CAT018,other,attraction,general_attraction,True,osm_rule,high
OSM_node_10709724411,CAT018,other,attraction,general_attraction,True,osm_rule,high
OSM_node_10709724412,CAT018,other,attraction,general_attraction,True,osm_rule,high
OSM_node_10709724413,CAT018,other,attraction,general_attraction,True,osm_rule,high
OSM_node_10709724414,CAT018,other,attraction,general_attraction,True,osm_rule,high
OSM_node_10709724415,CAT018,other,attraction,general_attraction,True,osm_rule,high
OSM_node_10709724416,CAT018,other,attraction,general_attraction,True,osm_rule,high
OSM_node_10709724417,CAT018,other,attraction,general_attraction,True,osm_rule,high
OSM_node_10709724418,CAT018,other,attraction,general_attraction,True,osm_rule,high
OSM_node_10709724421,CAT018,other,attraction,general_attraction,True,osm_rule,high
OSM_node_10709738007,CAT018,other,attraction,general_attraction,True,osm_rule,high
OSM_node_10709738010,CAT018,other,attraction,general_attraction,True,osm_rule,high
OSM_node_10709738012,CAT018,other,attraction,general_attraction,True,osm_rule,high
OSM_node_10709738013,CAT018,other,attraction,general_attraction,True,osm_rule,high
OSM_node_10709738014,CAT018,other,attraction,general_attraction,True,osm_rule,high
OSM_node_10709738015,CAT018,other,attraction,general_attraction,True,osm_rule,high
OSM_node_10709738016,CAT018,other,attraction,general_attraction,True,osm_rule,high
OSM_node_10709738106,CAT018,other,attraction,general_attraction,True,osm_rule,high
OSM_node_10709738107,CAT018,other,attraction,general_attraction,True,osm_rule,high
OSM_node_10709738108,CAT018,other,attraction,general_attraction,True,osm_rule,high
OSM_node_10709738109,CAT018,other,attraction,general_attraction,True,osm_rule,high
OSM_node_10709738905,CAT018,other,attraction,general_attraction,True,osm_rule,high
OSM_node_11006300066,CAT001,natural,landscape,mountain,True,osm_rule,high
OSM_node_11025863783,CAT006,heritage,historical,monument,True,osm_rule,high
OSM_node_11043816631,CAT006,heritage,historical,monument,True,osm_rule,high
OSM_node_11051415444,CAT001,natural,landscape,mountain,True,osm_rule,high
OSM_node_11076398893,CAT001,natural,landscape,mountain,True,osm_rule,high
OSM_node_11081071414,CAT011,culture,museum,museum,True,osm_rule,high
OSM_node_11086025940,CAT006,heritage,historical,monument,True,osm_rule,high
OSM_node_11110074406,CAT011,culture,museum,museum,True,osm_rule,high
OSM_node_11112006405,CAT018,other,attraction,general_attraction,True,osm_rule,high
OSM_node_11158965079,CAT001,natural,landscape,mountain,True,osm_rule,high
OSM_node_11166198530,CAT008,heritage,historical,archaeological_site,True,osm_rule,high
OSM_node_11166198534,CAT007,heritage,historical,ruins,True,osm_rule,high
OSM_node_11166285235,CAT001,natural,landscape,mountain,True,osm_rule,high
OSM_node_11268257051,CAT001,natural,landscape,mountain,True,osm_rule,high
OSM_node_11387469601,CAT006,heritage,historical,monument,True,osm_rule,high
OSM_node_11395352269,CAT018,other,attraction,general_attraction,True,osm_rule,high
OSM_node_11395354269,CAT018,other,attraction,general_attraction,True,osm_rule,high
OSM_node_11397903985,CAT006,heritage,historical,monument,True,osm_rule,high
OSM_node_11403395459,CAT001,natural,landscape,mountain,True,osm_rule,high
OSM_node_11449233337,CAT012,culture,arts,gallery,True,osm_rule,high
OSM_node_11502465296,CAT006,heritage,historical,monument,True,osm_rule,high
OSM_node_11502465299,CAT006,heritage,historical,monument,True,osm_rule,high
OSM_node_11506119911,CAT018,other,attraction,general_attraction,True,osm_rule,high
OSM_node_11506138278,CAT013,recreation,park,public_park,True,osm_rule,high
OSM_node_11534640150,CAT006,heritage,historical,monument,True,osm_rule,high
OSM_node_11592500875,CAT001,natural,landscape,mountain,True,osm_rule,high
OSM_node_11598796395,CAT003,natural,landscape,cave,True,osm_rule,high
OSM_node_11620244615,CAT001,natural,landscape,mountain,True,osm_rule,high
OSM_node_11634634900,CAT018,other,attraction,general_attraction,True,osm_rule,high
OSM_node_11636607297,CAT006,heritage,historical,monument,True,osm_rule,high
OSM_node_11681012714,CAT011,culture,museum,museum,True,osm_rule,high
OSM_node_11691256822,CAT012,culture,arts,gallery,True,osm_rule,high
OSM_node_11696067917,CAT017,scenic,viewpoint,viewpoint,True,osm_rule,high
OSM_node_11711790069,CAT001,natural,landscape,mountain,True,osm_rule,high
OSM_node_11738458934,CAT001,natural,landscape,mountain,True,osm_rule,high
OSM_node_11747145342,CAT001,natural,landscape,mountain,True,osm_rule,high
OSM_node_11763432128,CAT001,natural,landscape,mountain,True,osm_rule,high
OSM_node_11806619236,CAT018,other,attraction,general_attraction,True,osm_rule,high
OSM_node_11817368172,CAT001,natural,landscape,mountain,True,osm_rule,high
OSM_node_11820169736,CAT001,natural,landscape,mountain,True,osm_rule,high
OSM_node_11820169737,CAT001,natural,landscape,mountain,True,osm_rule,high
OSM_node_11820169738,CAT001,natural,landscape,mountain,True,osm_rule,high
OSM_node_11963493410,CAT006,heritage,historical,monument,True,osm_rule,high
OSM_node_12057863165,CAT006,heritage,historical,monument,True,osm_rule,high
OSM_node_12090398186,CAT012,culture,arts,gallery,True,osm_rule,high
OSM_node_12281167165,CAT008,heritage,historical,archaeological_site,True,osm_rule,high
OSM_node_12292912836,CAT001,natural,landscape,mountain,True,osm_rule,high
OSM_node_12442016001,CAT011,culture,museum,museum,True,osm_rule,high
OSM_node_12458510813,CAT006,heritage,historical,monument,True,osm_rule,high
OSM_node_12473783268,CAT006,heritage,historical,monument,True,osm_rule,high
OSM_node_12492157862,CAT018,other,attraction,general_attraction,True,osm_rule,high
OSM_node_12492265364,CAT018,other,attraction,general_attraction,True,osm_rule,high
OSM_node_12492265365,CAT018,other,attraction,general_attraction,True,osm_rule,high
OSM_node_12492265366,CAT018,other,attraction,general_attraction,True,osm_rule,high
OSM_node_12492282606,CAT018,other,attraction,general_attraction,True,osm_rule,high
OSM_node_12492282607,CAT018,other,attraction,general_attraction,True,osm_rule,high
OSM_node_12492282609,CAT018,other,attraction,general_attraction,True,osm_rule,high
OSM_node_12492282610,CAT018,other,attraction,general_attraction,True,osm_rule,high
OSM_node_12492282611,CAT018,other,attraction,general_attraction,True,osm_rule,high
OSM_node_12492282612,CAT018,other,attraction,general_attraction,True,osm_rule,high
OSM_node_12492282614,CAT018,other,attraction,general_attraction,True,osm_rule,high
OSM_node_12492282615,CAT018,other,attraction,general_attraction,True,osm_rule,high
OSM_node_12492282616,CAT018,other,attraction,general_attraction,True,osm_rule,high
OSM_node_12492282617,CAT018,other,attraction,general_attraction,True,osm_rule,high
OSM_node_12492282618,CAT018,other,attraction,general_attraction,True,osm_rule,high
OSM_node_12492282619,CAT018,other,attraction,general_attraction,True,osm_rule,high
OSM_node_12492282620,CAT018,other,attraction,general_attraction,True,osm_rule,high
OSM_node_12492282621,CAT018,other,attraction,general_attraction,True,osm_rule,high
OSM_node_12492282622,CAT018,other,attraction,general_attraction,True,osm_rule,high
OSM_node_12492282623,CAT018,other,attraction,general_attraction,True,osm_rule,high
OSM_node_12492312457,CAT018,other,attraction,general_attraction,True,osm_rule,high
OSM_node_12492312458,CAT018,other,attraction,general_attraction,True,osm_rule,high
OSM_node_12492312459,CAT018,other,attraction,general_attraction,True,osm_rule,high
OSM_node_12492312460,CAT018,other,attraction,general_attraction,True,osm_rule,high
OSM_node_12492312461,CAT018,other,attraction,general_attraction,True,osm_rule,high
OSM_node_12492312462,CAT018,other,attraction,general_attraction,True,osm_rule,high
OSM_node_12492312463,CAT018,other,attraction,general_attraction,True,osm_rule,high
OSM_node_12492312464,CAT018,other,attraction,general_attraction,True,osm_rule,high
OSM_node_12492312473,CAT018,other,attraction,general_attraction,True,osm_rule,high
OSM_node_12492312475,CAT018,other,attraction,general_attraction,True,osm_rule,high
OSM_node_12492312476,CAT018,other,attraction,general_attraction,True,osm_rule,high
OSM_node_12492312480,CAT018,other,attraction,general_attraction,True,osm_rule,high
OSM_node_12492312481,CAT018,other,attraction,general_attraction,True,osm_rule,high
OSM_node_12492312482,CAT018,other,attraction,general_attraction,True,osm_rule,high
OSM_node_12555926214,CAT012,culture,arts,gallery,True,osm_rule,high
OSM_node_12669561801,CAT018,other,attraction,general_attraction,True,osm_rule,high
OSM_node_12669568802,CAT018,other,attraction,general_attraction,True,osm_rule,high
OSM_node_12669955901,CAT012,culture,arts,gallery,True,osm_rule,high
OSM_node_12690384420,CAT013,recreation,park,public_park,True,osm_rule,high
OSM_node_12896684012,CAT011,culture,museum,museum,True,osm_rule,high
OSM_node_13062875862,CAT013,recreation,park,public_park,True,osm_rule,high
OSM_node_13068552233,CAT017,scenic,viewpoint,viewpoint,True,osm_rule,high
OSM_node_13083692966,CAT013,recreation,park,public_park,True,osm_rule,high
OSM_node_13100959743,CAT006,heritage,historical,monument,True,osm_rule,high
OSM_node_13159559689,CAT001,natural,landscape,mountain,True,osm_rule,high
OSM_node_13159559690,CAT001,natural,landscape,mountain,True,osm_rule,high
OSM_node_13161385861,CAT013,recreation,park,public_park,True,osm_rule,high
OSM_node_13240237802,CAT003,natural,landscape,cave,True,osm_rule,high
OSM_node_13247300819,CAT013,recreation,park,public_park,True,osm_rule,high
OSM_node_13261529547,CAT013,recreation,park,public_park,True,osm_rule,high
OSM_node_13301629649,CAT013,recreation,park,public_park,True,osm_rule,high
OSM_node_13335466013,CAT013,recreation,park,public_park,True,osm_rule,high
OSM_node_13335466014,CAT013,recreation,park,public_park,True,osm_rule,high
OSM_node_13342054276,CAT015,recreation,amusement,water_park,True,osm_rule,high
OSM_node_13342726033,CAT018,other,attraction,general_attraction,True,osm_rule,high
OSM_node_13347097029,CAT013,recreation,park,public_park,True,osm_rule,high
OSM_node_13350706656,CAT013,recreation,park,public_park,True,osm_rule,high
OSM_node_13350706657,CAT013,recreation,park,public_park,True,osm_rule,high
OSM_node_13351098620,CAT013,recreation,park,public_park,True,osm_rule,high
OSM_node_13352713811,CAT018,other,attraction,general_attraction,True,osm_rule,high
OSM_node_13352713812,CAT018,other,attraction,general_attraction,True,osm_rule,high
OSM_node_13352713846,CAT018,other,attraction,general_attraction,True,osm_rule,high
OSM_node_13352731432,CAT015,recreation,amusement,water_park,True,osm_rule,high
OSM_node_13352731438,CAT018,other,attraction,general_attraction,True,osm_rule,high
OSM_node_13352731439,CAT018,other,attraction,general_attraction,True,osm_rule,high
OSM_node_13352751547,CAT018,other,attraction,general_attraction,True,osm_rule,high
OSM_node_13352751548,CAT018,other,attraction,general_attraction,True,osm_rule,high
OSM_node_13352751549,CAT018,other,attraction,general_attraction,True,osm_rule,high
OSM_node_13352751550,CAT018,other,attraction,general_attraction,True,osm_rule,high
OSM_node_13352751551,CAT018,other,attraction,general_attraction,True,osm_rule,high
OSM_node_13352751552,CAT018,other,attraction,general_attraction,True,osm_rule,high
OSM_node_13352751554,CAT018,other,attraction,general_attraction,True,osm_rule,high
OSM_node_13353293597,CAT013,recreation,park,public_park,True,osm_rule,high
OSM_node_13355149313,CAT018,other,attraction,general_attraction,True,osm_rule,high
OSM_node_13356952040,CAT013,recreation,park,public_park,True,osm_rule,high
OSM_node_13358915812,CAT013,recreation,park,public_park,True,osm_rule,high
OSM_node_13358915900,CAT013,recreation,park,public_park,True,osm_rule,high
OSM_node_13358927688,CAT006,heritage,historical,monument,True,osm_rule,high
OSM_node_13360883549,CAT013,recreation,park,public_park,True,osm_rule,high
OSM_node_13361586389,CAT013,recreation,park,public_park,True,osm_rule,high
OSM_node_13403802770,CAT011,culture,museum,museum,True,osm_rule,high
OSM_node_13415760108,CAT018,other,attraction,general_attraction,True,osm_rule,high
OSM_node_13455426990,CAT013,recreation,park,public_park,True,osm_rule,high
OSM_node_13526280406,CAT013,recreation,park,public_park,True,osm_rule,high
OSM_node_13528059838,CAT013,recreation,park,public_park,True,osm_rule,high
OSM_node_13528059839,CAT013,recreation,park,public_park,True,osm_rule,high
OSM_node_13565935464,CAT017,scenic,viewpoint,viewpoint,True,osm_rule,high
OSM_node_13592659300,CAT006,heritage,historical,monument,True,osm_rule,high
OSM_node_13595549341,CAT006,heritage,historical,monument,True,osm_rule,high
OSM_node_13649888269,CAT017,scenic,viewpoint,viewpoint,True,osm_rule,high
OSM_node_13684800176,CAT018,other,attraction,general_attraction,True,osm_rule,high
OSM_node_13805248701,CAT007,heritage,historical,ruins,True,osm_rule,high
OSM_node_13904093350,CAT001,natural,landscape,mountain,True,osm_rule,high
OSM_node_13915583550,CAT018,other,attraction,general_attraction,True,osm_rule,high
OSM_node_14069870426,CAT018,other,attraction,general_attraction,True,osm_rule,high
OSM_node_14084618401,CAT006,heritage,historical,monument,True,osm_rule,high
OSM_node_14096883184,CAT018,other,attraction,general_attraction,True,osm_rule,high
OSM_way_9566542,CAT018,other,attraction,general_attraction,True,osm_rule,high
OSM_way_28869502,CAT013,recreation,park,public_park,True,osm_rule,high
OSM_way_28869503,CAT013,recreation,park,public_park,True,osm_rule,high
OSM_way_28869505,CAT013,recreation,park,public_park,True,osm_rule,high
OSM_way_28945667,CAT016,recreation,amusement,zoo,True,osm_rule,high
OSM_way_29133247,CAT013,recreation,park,public_park,True,osm_rule,high
OSM_way_37625751,CAT006,heritage,historical,monument,True,osm_rule,high
OSM_way_37629143,CAT011,culture,museum,museum,True,osm_rule,high
OSM_way_37629570,CAT006,heritage,historical,monument,True,osm_rule,high
OSM_way_37933050,CAT018,other,attraction,general_attraction,True,osm_rule,high
OSM_way_37933256,CAT011,culture,museum,museum,True,osm_rule,high
OSM_way_37933258,CAT011,culture,museum,museum,True,osm_rule,high
OSM_way_37933849,CAT013,recreation,park,public_park,True,osm_rule,high
OSM_way_38137267,CAT013,recreation,park,public_park,True,osm_rule,high
OSM_way_124877385,CAT013,recreation,park,public_park,True,osm_rule,high
OSM_way_136176176,CAT013,recreation,park,public_park,True,osm_rule,high
OSM_way_136247704,CAT011,culture,museum,museum,True,osm_rule,high
OSM_way_178995269,CAT006,heritage,historical,monument,True,osm_rule,high
OSM_way_178995315,CAT013,recreation,park,public_park,True,osm_rule,high
OSM_way_181575389,CAT013,recreation,park,public_park,True,osm_rule,high
OSM_way_185531692,CAT009,heritage,historical,historic_building,True,osm_rule,high
OSM_way_185535416,CAT018,other,attraction,general_attraction,True,osm_rule,high
OSM_way_185536369,CAT012,culture,arts,gallery,True,osm_rule,high
OSM_way_185540946,CAT013,recreation,park,public_park,True,osm_rule,high
OSM_way_185542284,CAT009,heritage,historical,historic_building,True,osm_rule,high
OSM_way_207178342,CAT018,other,attraction,general_attraction,True,osm_rule,high
OSM_way_208188482,CAT013,recreation,park,public_park,True,osm_rule,high
OSM_way_208197731,CAT013,recreation,park,public_park,True,osm_rule,high
OSM_way_208255133,CAT011,culture,museum,museum,True,osm_rule,high
OSM_way_208572138,CAT013,recreation,park,public_park,True,osm_rule,high
OSM_way_217341345,CAT013,recreation,park,public_park,True,osm_rule,high
OSM_way_217436360,CAT015,recreation,amusement,water_park,True,osm_rule,high
OSM_way_218414273,CAT013,recreation,park,public_park,True,osm_rule,high
OSM_way_223798542,CAT013,recreation,park,public_park,True,osm_rule,high
OSM_way_228075195,CAT018,other,attraction,general_attraction,True,osm_rule,high
OSM_way_242518340,CAT018,other,attraction,general_attraction,True,osm_rule,high
OSM_way_267936421,CAT013,recreation,park,public_park,True,osm_rule,high
OSM_way_291706038,CAT011,culture,museum,museum,True,osm_rule,high
OSM_way_292907018,CAT018,other,attraction,general_attraction,True,osm_rule,high
OSM_way_316013412,CAT013,recreation,park,public_park,True,osm_rule,high
OSM_way_316013428,CAT013,recreation,park,public_park,True,osm_rule,high
OSM_way_316518839,CAT013,recreation,park,public_park,True,osm_rule,high
OSM_way_323366879,CAT018,other,attraction,general_attraction,True,osm_rule,high
OSM_way_339936730,CAT011,culture,museum,museum,True,osm_rule,high
OSM_way_340128580,CAT011,culture,museum,museum,True,osm_rule,high
OSM_way_351035449,CAT006,heritage,historical,monument,True,osm_rule,high
OSM_way_368133390,CAT013,recreation,park,public_park,True,osm_rule,high
OSM_way_384671191,CAT013,recreation,park,public_park,True,osm_rule,high
OSM_way_384671209,CAT013,recreation,park,public_park,True,osm_rule,high
OSM_way_409390951,CAT011,culture,museum,museum,True,osm_rule,high
OSM_way_412757511,CAT013,recreation,park,public_park,True,osm_rule,high
OSM_way_479832644,CAT013,recreation,park,public_park,True,osm_rule,high
OSM_way_480826771,CAT011,culture,museum,museum,True,osm_rule,high
OSM_way_483273181,CAT018,other,attraction,general_attraction,True,osm_rule,high
OSM_way_497037748,CAT013,recreation,park,public_park,True,osm_rule,high
OSM_way_497328755,CAT013,recreation,park,public_park,True,osm_rule,high
OSM_way_523643145,CAT013,recreation,park,public_park,True,osm_rule,high
OSM_way_542382168,CAT013,recreation,park,public_park,True,osm_rule,high
OSM_way_542382170,CAT013,recreation,park,public_park,True,osm_rule,high
OSM_way_548066437,CAT013,recreation,park,public_park,True,osm_rule,high
OSM_way_548066438,CAT013,recreation,park,public_park,True,osm_rule,high
OSM_way_548070677,CAT006,heritage,historical,monument,True,osm_rule,high
OSM_way_548076504,CAT013,recreation,park,public_park,True,osm_rule,high
OSM_way_548076505,CAT013,recreation,park,public_park,True,osm_rule,high
OSM_way_548079302,CAT013,recreation,park,public_park,True,osm_rule,high
OSM_way_548084110,CAT013,recreation,park,public_park,True,osm_rule,high
OSM_way_548086177,CAT013,recreation,park,public_park,True,osm_rule,high
OSM_way_548258526,CAT013,recreation,park,public_park,True,osm_rule,high
OSM_way_550543433,CAT013,recreation,park,public_park,True,osm_rule,high
OSM_way_556174775,CAT013,recreation,park,public_park,True,osm_rule,high
OSM_way_560585059,CAT013,recreation,park,public_park,True,osm_rule,high
OSM_way_561810063,CAT013,recreation,park,public_park,True,osm_rule,high
OSM_way_569804205,CAT013,recreation,park,public_park,True,osm_rule,high
OSM_way_569804207,CAT013,recreation,park,public_park,True,osm_rule,high
OSM_way_570596477,CAT013,recreation,park,public_park,True,osm_rule,high
OSM_way_576742550,CAT018,other,attraction,general_attraction,True,osm_rule,high
OSM_way_576742563,CAT018,other,attraction,general_attraction,True,osm_rule,high
OSM_way_576742583,CAT013,recreation,park,public_park,True,osm_rule,high
OSM_way_577203325,CAT013,recreation,park,public_park,True,osm_rule,high
OSM_way_577203381,CAT018,other,attraction,general_attraction,True,osm_rule,high
OSM_way_582077342,CAT006,heritage,historical,monument,True,osm_rule,high
OSM_way_589969496,CAT013,recreation,park,public_park,True,osm_rule,high
OSM_way_590074862,CAT013,recreation,park,public_park,True,osm_rule,high
OSM_way_591023030,CAT013,recreation,park,public_park,True,osm_rule,high
OSM_way_591449517,CAT013,recreation,park,public_park,True,osm_rule,high
OSM_way_591475539,CAT006,heritage,historical,monument,True,osm_rule,high
OSM_way_642231203,CAT013,recreation,park,public_park,True,osm_rule,high
OSM_way_646860265,CAT013,recreation,park,public_park,True,osm_rule,high
OSM_way_647397162,CAT013,recreation,park,public_park,True,osm_rule,high
OSM_way_649534759,CAT018,other,attraction,general_attraction,True,osm_rule,high
OSM_way_650430490,CAT013,recreation,park,public_park,True,osm_rule,high
OSM_way_652818878,CAT013,recreation,park,public_park,True,osm_rule,high
OSM_way_661138331,CAT013,recreation,park,public_park,True,osm_rule,high
OSM_way_661138411,CAT006,heritage,historical,monument,True,osm_rule,high
OSM_way_661161561,CAT011,culture,museum,museum,True,osm_rule,high
OSM_way_661165879,CAT013,recreation,park,public_park,True,osm_rule,high
OSM_way_675949349,CAT013,recreation,park,public_park,True,osm_rule,high
OSM_way_680261892,CAT009,heritage,historical,historic_building,True,osm_rule,high
OSM_way_696389268,CAT018,other,attraction,general_attraction,True,osm_rule,high
OSM_way_696389287,CAT008,heritage,historical,archaeological_site,True,osm_rule,high
OSM_way_696668911,CAT008,heritage,historical,archaeological_site,True,osm_rule,high
OSM_way_696913691,CAT006,heritage,historical,monument,True,osm_rule,high
OSM_way_696913691,CAT013,recreation,park,public_park,False,osm_rule,high
OSM_way_697055247,CAT013,recreation,park,public_park,True,osm_rule,high
OSM_way_697161740,CAT006,heritage,historical,monument,True,osm_rule,high
OSM_way_697326496,CAT018,other,attraction,general_attraction,True,osm_rule,high
OSM_way_698018249,CAT018,other,attraction,general_attraction,True,osm_rule,high
OSM_way_699218421,CAT013,recreation,park,public_park,True,osm_rule,high
OSM_way_700145152,CAT011,culture,museum,museum,True,osm_rule,high
OSM_way_700840702,CAT011,culture,museum,museum,True,osm_rule,high
OSM_way_700853410,CAT006,heritage,historical,monument,True,osm_rule,high
OSM_way_702185155,CAT018,other,attraction,general_attraction,True,osm_rule,high
OSM_way_702241252,CAT013,recreation,park,public_park,True,osm_rule,high
OSM_way_702651470,CAT013,recreation,park,public_park,True,osm_rule,high
OSM_way_704134587,CAT011,culture,museum,museum,True,osm_rule,high
OSM_way_704134606,CAT013,recreation,park,public_park,True,osm_rule,high
OSM_way_704147262,CAT013,recreation,park,public_park,True,osm_rule,high
OSM_way_704147278,CAT011,culture,museum,museum,True,osm_rule,high
OSM_way_704147333,CAT011,culture,museum,museum,True,osm_rule,high
OSM_way_704153590,CAT013,recreation,park,public_park,True,osm_rule,high
OSM_way_704153616,CAT018,other,attraction,general_attraction,True,osm_rule,high
OSM_way_704153620,CAT018,other,attraction,general_attraction,True,osm_rule,high
OSM_way_704159177,CAT013,recreation,park,public_park,True,osm_rule,high
OSM_way_704250698,CAT013,recreation,park,public_park,True,osm_rule,high
OSM_way_704252312,CAT013,recreation,park,public_park,True,osm_rule,high
OSM_way_704292580,CAT013,recreation,park,public_park,True,osm_rule,high
OSM_way_750651737,CAT013,recreation,park,public_park,True,osm_rule,high
OSM_way_751461192,CAT013,recreation,park,public_park,True,osm_rule,high
OSM_way_755359595,CAT013,recreation,park,public_park,True,osm_rule,high
OSM_way_765597030,CAT018,other,attraction,general_attraction,True,osm_rule,high
OSM_way_769918656,CAT013,recreation,park,public_park,True,osm_rule,high
OSM_way_770272739,CAT013,recreation,park,public_park,True,osm_rule,high
OSM_way_770299541,CAT013,recreation,park,public_park,True,osm_rule,high
OSM_way_770299542,CAT013,recreation,park,public_park,True,osm_rule,high
OSM_way_770299543,CAT013,recreation,park,public_park,True,osm_rule,high
OSM_way_770299544,CAT013,recreation,park,public_park,True,osm_rule,high
OSM_way_770299545,CAT013,recreation,park,public_park,True,osm_rule,high
OSM_way_770299546,CAT013,recreation,park,public_park,True,osm_rule,high
OSM_way_770299547,CAT013,recreation,park,public_park,True,osm_rule,high
OSM_way_770299549,CAT013,recreation,park,public_park,True,osm_rule,high
OSM_way_770299552,CAT013,recreation,park,public_park,True,osm_rule,high
OSM_way_770299553,CAT013,recreation,park,public_park,True,osm_rule,high
OSM_way_770299554,CAT013,recreation,park,public_park,True,osm_rule,high
OSM_way_770328951,CAT013,recreation,park,public_park,True,osm_rule,high
OSM_way_770328953,CAT013,recreation,park,public_park,True,osm_rule,high
OSM_way_770328954,CAT011,culture,museum,museum,True,osm_rule,high
OSM_way_770328955,CAT013,recreation,park,public_park,True,osm_rule,high
OSM_way_770328956,CAT013,recreation,park,public_park,True,osm_rule,high
OSM_way_770328958,CAT013,recreation,park,public_park,True,osm_rule,high
OSM_way_770328959,CAT013,recreation,park,public_park,True,osm_rule,high
OSM_way_770328960,CAT013,recreation,park,public_park,True,osm_rule,high
OSM_way_770336406,CAT013,recreation,park,public_park,True,osm_rule,high
OSM_way_776437155,CAT006,heritage,historical,monument,True,osm_rule,high
OSM_way_776438252,CAT018,other,attraction,general_attraction,True,osm_rule,high
OSM_way_782864077,CAT013,recreation,park,public_park,True,osm_rule,high
OSM_way_786580801,CAT013,recreation,park,public_park,True,osm_rule,high
OSM_way_795142588,CAT013,recreation,park,public_park,True,osm_rule,high
OSM_way_795142945,CAT013,recreation,park,public_park,True,osm_rule,high
OSM_way_839663173,CAT013,recreation,park,public_park,True,osm_rule,high
OSM_way_839675222,CAT013,recreation,park,public_park,True,osm_rule,high
OSM_way_839899602,CAT013,recreation,park,public_park,True,osm_rule,high
OSM_way_840934114,CAT013,recreation,park,public_park,True,osm_rule,high
OSM_way_840934121,CAT013,recreation,park,public_park,True,osm_rule,high
OSM_way_841154650,CAT013,recreation,park,public_park,True,osm_rule,high
OSM_way_843085954,CAT014,recreation,amusement,theme_park,True,osm_rule,high
OSM_way_857785100,CAT014,recreation,amusement,theme_park,True,osm_rule,high
OSM_way_867981976,CAT006,heritage,historical,monument,True,osm_rule,high
OSM_way_875161079,CAT013,recreation,park,public_park,True,osm_rule,high
OSM_way_879841441,CAT013,recreation,park,public_park,True,osm_rule,high
OSM_way_889113701,CAT013,recreation,park,public_park,True,osm_rule,high
OSM_way_892577251,CAT012,culture,arts,gallery,True,osm_rule,high
OSM_way_892583617,CAT013,recreation,park,public_park,True,osm_rule,high
OSM_way_892583620,CAT013,recreation,park,public_park,True,osm_rule,high
OSM_way_908417669,CAT013,recreation,park,public_park,True,osm_rule,high
OSM_way_908992974,CAT009,heritage,historical,historic_building,True,osm_rule,high
OSM_way_911561441,CAT013,recreation,park,public_park,True,osm_rule,high
OSM_way_916528084,CAT013,recreation,park,public_park,True,osm_rule,high
OSM_way_921987264,CAT013,recreation,park,public_park,True,osm_rule,high
OSM_way_921987266,CAT006,heritage,historical,monument,True,osm_rule,high
OSM_way_925432867,CAT006,heritage,historical,monument,True,osm_rule,high
OSM_way_932101144,CAT013,recreation,park,public_park,True,osm_rule,high
OSM_way_942762464,CAT013,recreation,park,public_park,True,osm_rule,high
OSM_way_959984228,CAT013,recreation,park,public_park,True,osm_rule,high
OSM_way_959985390,CAT013,recreation,park,public_park,True,osm_rule,high
OSM_way_959988676,CAT013,recreation,park,public_park,True,osm_rule,high
OSM_way_960170470,CAT013,recreation,park,public_park,True,osm_rule,high
OSM_way_961664400,CAT013,recreation,park,public_park,True,osm_rule,high
OSM_way_962108578,CAT013,recreation,park,public_park,True,osm_rule,high
OSM_way_964908494,CAT006,heritage,historical,monument,True,osm_rule,high
OSM_way_965856881,CAT013,recreation,park,public_park,True,osm_rule,high
OSM_way_970449051,CAT013,recreation,park,public_park,True,osm_rule,high
OSM_way_970630484,CAT013,recreation,park,public_park,True,osm_rule,high
OSM_way_970630485,CAT013,recreation,park,public_park,True,osm_rule,high
OSM_way_970630486,CAT013,recreation,park,public_park,True,osm_rule,high
OSM_way_970630487,CAT013,recreation,park,public_park,True,osm_rule,high
OSM_way_970630488,CAT013,recreation,park,public_park,True,osm_rule,high
OSM_way_970889563,CAT013,recreation,park,public_park,True,osm_rule,high
OSM_way_977375279,CAT013,recreation,park,public_park,True,osm_rule,high
OSM_way_1002534081,CAT013,recreation,park,public_park,True,osm_rule,high
OSM_way_1002535124,CAT013,recreation,park,public_park,True,osm_rule,high
OSM_way_1018689184,CAT013,recreation,park,public_park,True,osm_rule,high
OSM_way_1019040798,CAT011,culture,museum,museum,True,osm_rule,high
OSM_way_1019050228,CAT011,culture,museum,museum,True,osm_rule,high
OSM_way_1019050229,CAT011,culture,museum,museum,True,osm_rule,high
OSM_way_1019050231,CAT011,culture,museum,museum,True,osm_rule,high
OSM_way_1040742615,CAT018,other,attraction,general_attraction,True,osm_rule,high
OSM_way_1044485853,CAT013,recreation,park,public_park,True,osm_rule,high
OSM_way_1044486077,CAT013,recreation,park,public_park,True,osm_rule,high
OSM_way_1067639931,CAT006,heritage,historical,monument,True,osm_rule,high
OSM_way_1080023296,CAT011,culture,museum,museum,True,osm_rule,high
OSM_way_1087731715,CAT013,recreation,park,public_park,True,osm_rule,high
OSM_way_1103182086,CAT013,recreation,park,public_park,True,osm_rule,high
OSM_way_1106866558,CAT013,recreation,park,public_park,True,osm_rule,high
OSM_way_1108118623,CAT013,recreation,park,public_park,True,osm_rule,high
OSM_way_1108445943,CAT013,recreation,park,public_park,True,osm_rule,high
OSM_way_1111949860,CAT013,recreation,park,public_park,True,osm_rule,high
OSM_way_1112643378,CAT013,recreation,park,public_park,True,osm_rule,high
OSM_way_1114717100,CAT009,heritage,historical,historic_building,True,osm_rule,high
OSM_way_1118308342,CAT013,recreation,park,public_park,True,osm_rule,high
OSM_way_1119231769,CAT013,recreation,park,public_park,True,osm_rule,high
OSM_way_1119231770,CAT013,recreation,park,public_park,True,osm_rule,high
OSM_way_1119231771,CAT013,recreation,park,public_park,True,osm_rule,high
OSM_way_1122937024,CAT006,heritage,historical,monument,True,osm_rule,high
OSM_way_1122937024,CAT013,recreation,park,public_park,False,osm_rule,high
OSM_way_1123050055,CAT006,heritage,historical,monument,True,osm_rule,high
OSM_way_1124817467,CAT006,heritage,historical,monument,True,osm_rule,high
OSM_way_1135119283,CAT006,heritage,historical,monument,True,osm_rule,high
OSM_way_1137325940,CAT006,heritage,historical,monument,True,osm_rule,high
OSM_way_1137325945,CAT013,recreation,park,public_park,True,osm_rule,high
OSM_way_1141562511,CAT006,heritage,historical,monument,True,osm_rule,high
OSM_way_1144267188,CAT013,recreation,park,public_park,True,osm_rule,high
OSM_way_1148275989,CAT013,recreation,park,public_park,True,osm_rule,high
OSM_way_1148275990,CAT013,recreation,park,public_park,True,osm_rule,high
OSM_way_1148571536,CAT011,culture,museum,museum,True,osm_rule,high
OSM_way_1149372974,CAT013,recreation,park,public_park,True,osm_rule,high
OSM_way_1151001168,CAT018,other,attraction,general_attraction,True,osm_rule,high
OSM_way_1159101822,CAT013,recreation,park,public_park,True,osm_rule,high
OSM_way_1162603502,CAT018,other,attraction,general_attraction,True,osm_rule,high
OSM_way_1162837200,CAT013,recreation,park,public_park,True,osm_rule,high
OSM_way_1165063039,CAT013,recreation,park,public_park,True,osm_rule,high
OSM_way_1173092162,CAT013,recreation,park,public_park,True,osm_rule,high
OSM_way_1173092164,CAT013,recreation,park,public_park,True,osm_rule,high
OSM_way_1173092165,CAT013,recreation,park,public_park,True,osm_rule,high
OSM_way_1174290221,CAT013,recreation,park,public_park,True,osm_rule,high
OSM_way_1174490259,CAT013,recreation,park,public_park,True,osm_rule,high
OSM_way_1175724558,CAT013,recreation,park,public_park,True,osm_rule,high
OSM_way_1182376980,CAT013,recreation,park,public_park,True,osm_rule,high
OSM_way_1187726805,CAT013,recreation,park,public_park,True,osm_rule,high
OSM_way_1188004485,CAT013,recreation,park,public_park,True,osm_rule,high
OSM_way_1190841554,CAT013,recreation,park,public_park,True,osm_rule,high
OSM_way_1193781063,CAT013,recreation,park,public_park,True,osm_rule,high
OSM_way_1194208982,CAT006,heritage,historical,monument,True,osm_rule,high
OSM_way_1194336118,CAT014,recreation,amusement,theme_park,True,osm_rule,high
OSM_way_1201121655,CAT006,heritage,historical,monument,True,osm_rule,high
OSM_way_1202245901,CAT011,culture,museum,museum,True,osm_rule,high
OSM_way_1206331027,CAT011,culture,museum,museum,True,osm_rule,high
OSM_way_1207063057,CAT018,other,attraction,general_attraction,True,osm_rule,high
OSM_way_1209822359,CAT013,recreation,park,public_park,True,osm_rule,high
OSM_way_1210984005,CAT013,recreation,park,public_park,True,osm_rule,high
OSM_way_1211556646,CAT013,recreation,park,public_park,True,osm_rule,high
OSM_way_1215489700,CAT013,recreation,park,public_park,True,osm_rule,high
OSM_way_1216770910,CAT006,heritage,historical,monument,True,osm_rule,high
OSM_way_1216978705,CAT004,natural,coastal,beach,True,osm_rule,high
OSM_way_1217933369,CAT013,recreation,park,public_park,True,osm_rule,high
OSM_way_1218848971,CAT013,recreation,park,public_park,True,osm_rule,high
OSM_way_1219524639,CAT011,culture,museum,museum,True,osm_rule,high
OSM_way_1219991538,CAT018,other,attraction,general_attraction,True,osm_rule,high
OSM_way_1223169238,CAT013,recreation,park,public_park,True,osm_rule,high
OSM_way_1223384698,CAT013,recreation,park,public_park,True,osm_rule,high
OSM_way_1223490974,CAT013,recreation,park,public_park,True,osm_rule,high
OSM_way_1229451553,CAT006,heritage,historical,monument,True,osm_rule,high
OSM_way_1233792162,CAT012,culture,arts,gallery,True,osm_rule,high
OSM_way_1234036432,CAT012,culture,arts,gallery,True,osm_rule,high
OSM_way_1238255167,CAT011,culture,museum,museum,True,osm_rule,high
OSM_way_1247135450,CAT018,other,attraction,general_attraction,True,osm_rule,high
OSM_way_1249796827,CAT006,heritage,historical,monument,True,osm_rule,high
OSM_way_1250193564,CAT013,recreation,park,public_park,True,osm_rule,high
OSM_way_1251537883,CAT006,heritage,historical,monument,True,osm_rule,high
OSM_way_1251617787,CAT018,other,attraction,general_attraction,True,osm_rule,high
OSM_way_1251617788,CAT018,other,attraction,general_attraction,True,osm_rule,high
OSM_way_1251617810,CAT018,other,attraction,general_attraction,True,osm_rule,high
OSM_way_1253201592,CAT006,heritage,historical,monument,True,osm_rule,high
OSM_way_1253839879,CAT013,recreation,park,public_park,True,osm_rule,high
OSM_way_1253905584,CAT013,recreation,park,public_park,True,osm_rule,high
OSM_way_1256790914,CAT013,recreation,park,public_park,True,osm_rule,high
OSM_way_1256790915,CAT013,recreation,park,public_park,True,osm_rule,high
OSM_way_1257492050,CAT013,recreation,park,public_park,True,osm_rule,high
OSM_way_1258166110,CAT013,recreation,park,public_park,True,osm_rule,high
OSM_way_1282834049,CAT011,culture,museum,museum,True,osm_rule,high
OSM_way_1289605166,CAT013,recreation,park,public_park,True,osm_rule,high
OSM_way_1290167945,CAT013,recreation,park,public_park,True,osm_rule,high
OSM_way_1290340074,CAT011,culture,museum,museum,True,osm_rule,high
OSM_way_1292544276,CAT013,recreation,park,public_park,True,osm_rule,high
OSM_way_1292544286,CAT013,recreation,park,public_park,True,osm_rule,high
OSM_way_1296795442,CAT016,recreation,amusement,zoo,True,osm_rule,high
OSM_way_1303883233,CAT013,recreation,park,public_park,True,osm_rule,high
OSM_way_1304386629,CAT013,recreation,park,public_park,True,osm_rule,high
OSM_way_1305895368,CAT013,recreation,park,public_park,True,osm_rule,high
OSM_way_1307631429,CAT013,recreation,park,public_park,True,osm_rule,high
OSM_way_1313406166,CAT006,heritage,historical,monument,True,osm_rule,high
OSM_way_1316353973,CAT011,culture,museum,museum,True,osm_rule,high
OSM_way_1326230608,CAT013,recreation,park,public_park,True,osm_rule,high
OSM_way_1327204797,CAT013,recreation,park,public_park,True,osm_rule,high
OSM_way_1329665512,CAT013,recreation,park,public_park,True,osm_rule,high
OSM_way_1329826250,CAT006,heritage,historical,monument,True,osm_rule,high
OSM_way_1333760607,CAT013,recreation,park,public_park,True,osm_rule,high
OSM_way_1337578715,CAT013,recreation,park,public_park,True,osm_rule,high
OSM_way_1341826764,CAT013,recreation,park,public_park,True,osm_rule,high
OSM_way_1346643116,CAT018,other,attraction,general_attraction,True,osm_rule,high
OSM_way_1350620262,CAT018,other,attraction,general_attraction,True,osm_rule,high
OSM_way_1351157610,CAT013,recreation,park,public_park,True,osm_rule,high
OSM_way_1359824052,CAT013,recreation,park,public_park,True,osm_rule,high
OSM_way_1365437934,CAT013,recreation,park,public_park,True,osm_rule,high
OSM_way_1368360528,CAT016,recreation,amusement,zoo,True,osm_rule,high
OSM_way_1371658512,CAT013,recreation,park,public_park,True,osm_rule,high
OSM_way_1386019887,CAT013,recreation,park,public_park,True,osm_rule,high
OSM_way_1393166080,CAT006,heritage,historical,monument,True,osm_rule,high
OSM_way_1410876631,CAT013,recreation,park,public_park,True,osm_rule,high
OSM_way_1412509585,CAT013,recreation,park,public_park,True,osm_rule,high
OSM_way_1416330430,CAT013,recreation,park,public_park,True,osm_rule,high
OSM_way_1418338747,CAT006,heritage,historical,monument,True,osm_rule,high
OSM_way_1444241100,CAT013,recreation,park,public_park,True,osm_rule,high
OSM_way_1446455180,CAT013,recreation,park,public_park,True,osm_rule,high
OSM_way_1446455181,CAT013,recreation,park,public_park,True,osm_rule,high
OSM_way_1446781469,CAT013,recreation,park,public_park,True,osm_rule,high
OSM_way_1446967923,CAT013,recreation,park,public_park,True,osm_rule,high
OSM_way_1446967932,CAT013,recreation,park,public_park,True,osm_rule,high
OSM_way_1446967948,CAT013,recreation,park,public_park,True,osm_rule,high
OSM_way_1450794207,CAT011,culture,museum,museum,True,osm_rule,high
OSM_way_1451653587,CAT018,other,attraction,general_attraction,True,osm_rule,high
OSM_way_1453329154,CAT013,recreation,park,public_park,True,osm_rule,high
OSM_way_1453522513,CAT013,recreation,park,public_park,True,osm_rule,high
OSM_way_1453522531,CAT013,recreation,park,public_park,True,osm_rule,high
OSM_way_1453524272,CAT013,recreation,park,public_park,True,osm_rule,high
OSM_way_1453735878,CAT013,recreation,park,public_park,True,osm_rule,high
OSM_way_1454600982,CAT013,recreation,park,public_park,True,osm_rule,high
OSM_way_1455095013,CAT013,recreation,park,public_park,True,osm_rule,high
OSM_way_1455482612,CAT013,recreation,park,public_park,True,osm_rule,high
OSM_way_1456418654,CAT013,recreation,park,public_park,True,osm_rule,high
OSM_way_1456607615,CAT013,recreation,park,public_park,True,osm_rule,high
OSM_way_1458358677,CAT013,recreation,park,public_park,True,osm_rule,high
OSM_way_1458719959,CAT013,recreation,park,public_park,True,osm_rule,high
OSM_way_1459891788,CAT013,recreation,park,public_park,True,osm_rule,high
OSM_way_1460190471,CAT013,recreation,park,public_park,True,osm_rule,high
OSM_way_1460746033,CAT006,heritage,historical,monument,True,osm_rule,high
OSM_way_1461508562,CAT013,recreation,park,public_park,True,osm_rule,high
OSM_way_1462920019,CAT013,recreation,park,public_park,True,osm_rule,high
OSM_way_1465390658,CAT013,recreation,park,public_park,True,osm_rule,high
OSM_way_1472559887,CAT013,recreation,park,public_park,True,osm_rule,high
OSM_way_1472559893,CAT013,recreation,park,public_park,True,osm_rule,high
OSM_way_1472559894,CAT013,recreation,park,public_park,True,osm_rule,high
OSM_way_1474970180,CAT016,recreation,amusement,zoo,True,osm_rule,high
OSM_way_1475290263,CAT006,heritage,historical,monument,True,osm_rule,high
OSM_way_1476571872,CAT006,heritage,historical,monument,True,osm_rule,high
OSM_way_1479289989,CAT013,recreation,park,public_park,True,osm_rule,high
OSM_way_1481550728,CAT006,heritage,historical,monument,True,osm_rule,high
OSM_way_1481981858,CAT013,recreation,park,public_park,True,osm_rule,high
OSM_way_1482199938,CAT006,heritage,historical,monument,True,osm_rule,high
OSM_way_1482440126,CAT006,heritage,historical,monument,True,osm_rule,high
OSM_way_1482908197,CAT006,heritage,historical,monument,True,osm_rule,high
OSM_way_1488809948,CAT013,recreation,park,public_park,True,osm_rule,high
OSM_way_1497569902,CAT006,heritage,historical,monument,True,osm_rule,high
OSM_way_1497572243,CAT007,heritage,historical,ruins,True,osm_rule,high
OSM_way_1504468787,CAT013,recreation,park,public_park,True,osm_rule,high
OSM_way_1504807179,CAT013,recreation,park,public_park,True,osm_rule,high
OSM_way_1510322144,CAT013,recreation,park,public_park,True,osm_rule,high
OSM_way_1510322146,CAT013,recreation,park,public_park,True,osm_rule,high
OSM_way_1510802054,CAT013,recreation,park,public_park,True,osm_rule,high
OSM_way_1511491224,CAT013,recreation,park,public_park,True,osm_rule,high
OSM_way_1514726261,CAT013,recreation,park,public_park,True,osm_rule,high
OSM_way_1518755288,CAT015,recreation,amusement,water_park,True,osm_rule,high
OSM_way_1519545462,CAT011,culture,museum,museum,True,osm_rule,high
OSM_way_1519545465,CAT011,culture,museum,museum,True,osm_rule,high
OSM_way_1523890101,CAT015,recreation,amusement,water_park,True,osm_rule,high
OSM_way_1524880483,CAT013,recreation,park,public_park,True,osm_rule,high
OSM_way_1527119269,CAT006,heritage,historical,monument,True,osm_rule,high
OSM_way_1530151890,CAT013,recreation,park,public_park,True,osm_rule,high
OSM_way_1533203887,CAT013,recreation,park,public_park,True,osm_rule,high
OSM_way_1533203890,CAT013,recreation,park,public_park,True,osm_rule,high
OSM_way_1540391256,CAT008,heritage,historical,archaeological_site,True,osm_rule,high
OSM_way_1545960844,CAT006,heritage,historical,monument,True,osm_rule,high
OSM_way_1547651214,CAT013,recreation,park,public_park,True,osm_rule,high
OSM_relation_7112202,CAT018,other,attraction,general_attraction,True,osm_rule,high
OSM_relation_13427467,CAT013,recreation,park,public_park,True,osm_rule,high
OSM_relation_13427468,CAT013,recreation,park,public_park,True,osm_rule,high
OSM_relation_16109340,CAT014,recreation,amusement,theme_park,True,osm_rule,high
OSM_relation_16798725,CAT013,recreation,park,public_park,True,osm_rule,high
OSM_relation_17877970,CAT006,heritage,historical,monument,True,osm_rule,high
OSM_node_1490413978,CAT011,culture,museum,museum,True,osm_rule,high
OSM_node_1490415071,CAT006,heritage,historical,monument,True,osm_rule,high
OSM_node_1490422835,CAT003,natural,landscape,cave,True,osm_rule,high
OSM_node_1888768316,CAT003,natural,landscape,cave,True,osm_rule,high
OSM_node_4382782592,CAT017,scenic,viewpoint,viewpoint,True,osm_rule,high
OSM_node_4457979489,CAT018,other,attraction,general_attraction,True,osm_rule,high
OSM_node_4527762070,CAT003,natural,landscape,cave,True,osm_rule,high
OSM_node_4529821554,CAT006,heritage,historical,monument,True,osm_rule,high
OSM_node_4686736092,CAT018,other,attraction,general_attraction,True,osm_rule,high
OSM_node_4701390389,CAT003,natural,landscape,cave,True,osm_rule,high
OSM_node_4751152169,CAT001,natural,landscape,mountain,True,osm_rule,high
OSM_node_4751315571,CAT001,natural,landscape,mountain,True,osm_rule,high
OSM_node_4751315692,CAT001,natural,landscape,mountain,True,osm_rule,high
OSM_node_4765892324,CAT018,other,attraction,general_attraction,True,osm_rule,high
OSM_node_5300765322,CAT006,heritage,historical,monument,True,osm_rule,high
OSM_node_5374449525,CAT017,scenic,viewpoint,viewpoint,True,osm_rule,high
OSM_node_5374449622,CAT018,other,attraction,general_attraction,True,osm_rule,high
OSM_node_5380071423,CAT017,scenic,viewpoint,viewpoint,True,osm_rule,high
OSM_node_5380071424,CAT018,other,attraction,general_attraction,True,osm_rule,high
OSM_node_5380071425,CAT017,scenic,viewpoint,viewpoint,True,osm_rule,high
OSM_node_5380071427,CAT017,scenic,viewpoint,viewpoint,True,osm_rule,high
OSM_node_5380071429,CAT017,scenic,viewpoint,viewpoint,True,osm_rule,high
OSM_node_5380071722,CAT017,scenic,viewpoint,viewpoint,True,osm_rule,high
OSM_node_5380071723,CAT017,scenic,viewpoint,viewpoint,True,osm_rule,high
OSM_node_5380395923,CAT018,other,attraction,general_attraction,True,osm_rule,high
OSM_node_5382506832,CAT017,scenic,viewpoint,viewpoint,True,osm_rule,high
OSM_node_5382506833,CAT018,other,attraction,general_attraction,True,osm_rule,high
OSM_node_5382506834,CAT018,other,attraction,general_attraction,True,osm_rule,high
OSM_node_5382506835,CAT017,scenic,viewpoint,viewpoint,True,osm_rule,high
OSM_node_5382507225,CAT017,scenic,viewpoint,viewpoint,True,osm_rule,high
OSM_node_5384961621,CAT006,heritage,historical,monument,True,osm_rule,high
OSM_node_5384964721,CAT006,heritage,historical,monument,True,osm_rule,high
OSM_node_5418467363,CAT006,heritage,historical,monument,True,osm_rule,high
OSM_node_5482444321,CAT017,scenic,viewpoint,viewpoint,True,osm_rule,high
OSM_node_5526945821,CAT017,scenic,viewpoint,viewpoint,True,osm_rule,high
OSM_node_5526946021,CAT017,scenic,viewpoint,viewpoint,True,osm_rule,high
OSM_node_5542106122,CAT018,other,attraction,general_attraction,True,osm_rule,high
OSM_node_6105665285,CAT006,heritage,historical,monument,True,osm_rule,high
OSM_node_6400475685,CAT017,scenic,viewpoint,viewpoint,True,osm_rule,high
OSM_node_6503646386,CAT018,other,attraction,general_attraction,True,osm_rule,high
OSM_node_6687311785,CAT018,other,attraction,general_attraction,True,osm_rule,high
OSM_node_6965839885,CAT017,scenic,viewpoint,viewpoint,True,osm_rule,high
OSM_node_7148088385,CAT017,scenic,viewpoint,viewpoint,True,osm_rule,high
OSM_node_7983710445,CAT001,natural,landscape,mountain,True,osm_rule,high
OSM_node_9694344769,CAT018,other,attraction,general_attraction,True,osm_rule,high
OSM_node_10690080743,CAT001,natural,landscape,mountain,True,osm_rule,high
OSM_node_10928954005,CAT018,other,attraction,general_attraction,True,osm_rule,high
OSM_node_10967397902,CAT001,natural,landscape,mountain,True,osm_rule,high
OSM_node_11073881773,CAT001,natural,landscape,mountain,True,osm_rule,high
OSM_node_11073881774,CAT001,natural,landscape,mountain,True,osm_rule,high
OSM_node_11140223636,CAT017,scenic,viewpoint,viewpoint,True,osm_rule,high
OSM_node_11140223637,CAT017,scenic,viewpoint,viewpoint,True,osm_rule,high
OSM_node_11140224953,CAT017,scenic,viewpoint,viewpoint,True,osm_rule,high
OSM_node_11140224954,CAT017,scenic,viewpoint,viewpoint,True,osm_rule,high
OSM_node_11140224955,CAT017,scenic,viewpoint,viewpoint,True,osm_rule,high
OSM_node_11496910093,CAT006,heritage,historical,monument,True,osm_rule,high
OSM_node_11586419813,CAT001,natural,landscape,mountain,True,osm_rule,high
OSM_node_11596828663,CAT006,heritage,historical,monument,True,osm_rule,high
OSM_node_11612190719,CAT001,natural,landscape,mountain,True,osm_rule,high
OSM_node_11756792795,CAT001,natural,landscape,mountain,True,osm_rule,high
OSM_node_11756792796,CAT001,natural,landscape,mountain,True,osm_rule,high
OSM_node_11763842629,CAT001,natural,landscape,mountain,True,osm_rule,high
OSM_node_11777724186,CAT001,natural,landscape,mountain,True,osm_rule,high
OSM_node_12104269169,CAT001,natural,landscape,mountain,True,osm_rule,high
OSM_node_12104269170,CAT001,natural,landscape,mountain,True,osm_rule,high
OSM_node_12104269171,CAT018,other,attraction,general_attraction,True,osm_rule,high
OSM_node_12104285788,CAT017,scenic,viewpoint,viewpoint,True,osm_rule,high
OSM_node_12105535245,CAT017,scenic,viewpoint,viewpoint,True,osm_rule,high
OSM_node_12105554156,CAT017,scenic,viewpoint,viewpoint,True,osm_rule,high
OSM_node_12105554157,CAT017,scenic,viewpoint,viewpoint,True,osm_rule,high
OSM_node_13005765528,CAT001,natural,landscape,mountain,True,osm_rule,high
OSM_node_13074061573,CAT017,scenic,viewpoint,viewpoint,True,osm_rule,high
OSM_node_13137910501,CAT018,other,attraction,general_attraction,True,osm_rule,high
OSM_node_13146669701,CAT003,natural,landscape,cave,True,osm_rule,high
OSM_node_13162197539,CAT001,natural,landscape,mountain,True,osm_rule,high
OSM_node_13162197540,CAT001,natural,landscape,mountain,True,osm_rule,high
OSM_node_13378647076,CAT017,scenic,viewpoint,viewpoint,True,osm_rule,high
OSM_node_13378647088,CAT018,other,attraction,general_attraction,True,osm_rule,high
OSM_node_13378657608,CAT018,other,attraction,general_attraction,True,osm_rule,high
OSM_node_13378657625,CAT017,scenic,viewpoint,viewpoint,True,osm_rule,high
OSM_node_13378657631,CAT018,other,attraction,general_attraction,True,osm_rule,high
OSM_node_13378657632,CAT018,other,attraction,general_attraction,True,osm_rule,high
OSM_node_13378657643,CAT018,other,attraction,general_attraction,True,osm_rule,high
OSM_node_13378657667,CAT018,other,attraction,general_attraction,True,osm_rule,high
OSM_node_13378657680,CAT018,other,attraction,general_attraction,True,osm_rule,high
OSM_node_13381816850,CAT018,other,attraction,general_attraction,True,osm_rule,high
OSM_node_13441797601,CAT011,culture,museum,museum,True,osm_rule,high
OSM_node_13512316726,CAT001,natural,landscape,mountain,True,osm_rule,high
OSM_node_13845438498,CAT001,natural,landscape,mountain,True,osm_rule,high
OSM_way_1149062823,CAT006,heritage,historical,monument,True,osm_rule,high
OSM_way_1201583390,CAT017,scenic,viewpoint,viewpoint,True,osm_rule,high
OSM_way_1363787953,CAT013,recreation,park,public_park,True,osm_rule,high
OSM_way_1363787954,CAT013,recreation,park,public_park,True,osm_rule,high
OSM_way_1368088427,CAT011,culture,museum,museum,True,osm_rule,high
OSM_way_1375555501,CAT018,other,attraction,general_attraction,True,osm_rule,high
OSM_way_1385746690,CAT018,other,attraction,general_attraction,True,osm_rule,high
OSM_way_1415191977,CAT018,other,attraction,general_attraction,True,osm_rule,high
OSM_way_1472719330,CAT006,heritage,historical,monument,True,osm_rule,high
OSM_way_1489498510,CAT013,recreation,park,public_park,True,osm_rule,high
OSM_relation_19393660,CAT018,other,attraction,general_attraction,True,osm_rule,high
OSM_relation_19438542,CAT018,other,attraction,general_attraction,True,osm_rule,high
OSM_node_560066504,CAT001,natural,landscape,mountain,True,osm_rule,high
OSM_node_560066506,CAT001,natural,landscape,mountain,True,osm_rule,high
OSM_node_560066508,CAT001,natural,landscape,mountain,True,osm_rule,high
OSM_node_560066511,CAT001,natural,landscape,mountain,True,osm_rule,high
OSM_node_854823033,CAT011,culture,museum,museum,True,osm_rule,high
OSM_node_991996791,CAT018,other,attraction,general_attraction,True,osm_rule,high
OSM_node_1336349389,CAT001,natural,landscape,mountain,True,osm_rule,high
OSM_node_2024643568,CAT007,heritage,historical,ruins,True,osm_rule,high
OSM_node_2027787358,CAT017,scenic,viewpoint,viewpoint,True,osm_rule,high
OSM_node_2124741117,CAT001,natural,landscape,mountain,True,osm_rule,high
OSM_node_2440165326,CAT017,scenic,viewpoint,viewpoint,True,osm_rule,high
OSM_node_3223469462,CAT017,scenic,viewpoint,viewpoint,True,osm_rule,high
OSM_node_3668724311,CAT011,culture,museum,museum,True,osm_rule,high
OSM_node_4095268204,CAT001,natural,landscape,mountain,True,osm_rule,high
OSM_node_4125686590,CAT018,other,attraction,general_attraction,True,osm_rule,high
OSM_node_4130687672,CAT011,culture,museum,museum,True,osm_rule,high
OSM_node_4170056090,CAT018,other,attraction,general_attraction,True,osm_rule,high
OSM_node_4234130207,CAT001,natural,landscape,mountain,True,osm_rule,high
OSM_node_4252023719,CAT017,scenic,viewpoint,viewpoint,True,osm_rule,high
OSM_node_4370771787,CAT017,scenic,viewpoint,viewpoint,True,osm_rule,high
OSM_node_4539038792,CAT018,other,attraction,general_attraction,True,osm_rule,high
OSM_node_4539039789,CAT018,other,attraction,general_attraction,True,osm_rule,high
OSM_node_4539039890,CAT017,scenic,viewpoint,viewpoint,True,osm_rule,high
OSM_node_4561184895,CAT017,scenic,viewpoint,viewpoint,True,osm_rule,high
OSM_node_4643533611,CAT001,natural,landscape,mountain,True,osm_rule,high
OSM_node_4643713925,CAT001,natural,landscape,mountain,True,osm_rule,high
OSM_node_4747025455,CAT001,natural,landscape,mountain,True,osm_rule,high
OSM_node_4747100831,CAT001,natural,landscape,mountain,True,osm_rule,high
OSM_node_4747100832,CAT001,natural,landscape,mountain,True,osm_rule,high
OSM_node_4747100885,CAT001,natural,landscape,mountain,True,osm_rule,high
OSM_node_4747100917,CAT001,natural,landscape,mountain,True,osm_rule,high
OSM_node_4747280651,CAT001,natural,landscape,mountain,True,osm_rule,high
OSM_node_4747400739,CAT001,natural,landscape,mountain,True,osm_rule,high
OSM_node_4841433821,CAT001,natural,landscape,mountain,True,osm_rule,high
OSM_node_4909020925,CAT018,other,attraction,general_attraction,True,osm_rule,high
OSM_node_5171146514,CAT006,heritage,historical,monument,True,osm_rule,high
OSM_node_5300993321,CAT017,scenic,viewpoint,viewpoint,True,osm_rule,high
OSM_node_5333758621,CAT017,scenic,viewpoint,viewpoint,True,osm_rule,high
OSM_node_5357938521,CAT011,culture,museum,museum,True,osm_rule,high
OSM_node_5391383221,CAT018,other,attraction,general_attraction,True,osm_rule,high
OSM_node_5466976221,CAT017,scenic,viewpoint,viewpoint,True,osm_rule,high
OSM_node_5552264122,CAT018,other,attraction,general_attraction,True,osm_rule,high
OSM_node_5918784285,CAT017,scenic,viewpoint,viewpoint,True,osm_rule,high
OSM_node_5918784286,CAT017,scenic,viewpoint,viewpoint,True,osm_rule,high
OSM_node_6067714091,CAT006,heritage,historical,monument,True,osm_rule,high
OSM_node_6114429388,CAT017,scenic,viewpoint,viewpoint,True,osm_rule,high
OSM_node_6114429389,CAT017,scenic,viewpoint,viewpoint,True,osm_rule,high
OSM_node_6283933996,CAT017,scenic,viewpoint,viewpoint,True,osm_rule,high
OSM_node_6480695885,CAT017,scenic,viewpoint,viewpoint,True,osm_rule,high
OSM_node_6484971887,CAT017,scenic,viewpoint,viewpoint,True,osm_rule,high
OSM_node_6502046987,CAT007,heritage,historical,ruins,True,osm_rule,high
OSM_node_6511330395,CAT001,natural,landscape,mountain,True,osm_rule,high
OSM_node_6513385826,CAT018,other,attraction,general_attraction,True,osm_rule,high
OSM_node_6515153343,CAT001,natural,landscape,mountain,True,osm_rule,high
OSM_node_6515153344,CAT001,natural,landscape,mountain,True,osm_rule,high
OSM_node_6515153345,CAT001,natural,landscape,mountain,True,osm_rule,high
OSM_node_6515153346,CAT001,natural,landscape,mountain,True,osm_rule,high
OSM_node_6515153347,CAT001,natural,landscape,mountain,True,osm_rule,high
OSM_node_6521247385,CAT017,scenic,viewpoint,viewpoint,True,osm_rule,high
OSM_node_6533337485,CAT001,natural,landscape,mountain,True,osm_rule,high
OSM_node_6621347673,CAT018,other,attraction,general_attraction,True,osm_rule,high
OSM_node_6630705664,CAT001,natural,landscape,mountain,True,osm_rule,high
OSM_node_6630908343,CAT001,natural,landscape,mountain,True,osm_rule,high
OSM_node_6652719195,CAT001,natural,landscape,mountain,True,osm_rule,high
OSM_node_6652719196,CAT001,natural,landscape,mountain,True,osm_rule,high
OSM_node_6652719197,CAT001,natural,landscape,mountain,True,osm_rule,high
OSM_node_6654440750,CAT001,natural,landscape,mountain,True,osm_rule,high
OSM_node_6654440751,CAT001,natural,landscape,mountain,True,osm_rule,high
OSM_node_6654467044,CAT001,natural,landscape,mountain,True,osm_rule,high
OSM_node_6654469392,CAT001,natural,landscape,mountain,True,osm_rule,high
OSM_node_6654506893,CAT001,natural,landscape,mountain,True,osm_rule,high
OSM_node_6655050069,CAT001,natural,landscape,mountain,True,osm_rule,high
OSM_node_6655050071,CAT001,natural,landscape,mountain,True,osm_rule,high
OSM_node_6655051591,CAT001,natural,landscape,mountain,True,osm_rule,high
OSM_node_6655053893,CAT001,natural,landscape,mountain,True,osm_rule,high
OSM_node_6700415165,CAT001,natural,landscape,mountain,True,osm_rule,high
OSM_node_6709995293,CAT006,heritage,historical,monument,True,osm_rule,high
OSM_node_6712202605,CAT018,other,attraction,general_attraction,True,osm_rule,high
OSM_node_6718378795,CAT001,natural,landscape,mountain,True,osm_rule,high
OSM_node_6720307382,CAT001,natural,landscape,mountain,True,osm_rule,high
OSM_node_6735476566,CAT001,natural,landscape,mountain,True,osm_rule,high
OSM_node_6735481349,CAT001,natural,landscape,mountain,True,osm_rule,high
OSM_node_6735481625,CAT001,natural,landscape,mountain,True,osm_rule,high
OSM_node_6741788232,CAT001,natural,landscape,mountain,True,osm_rule,high
OSM_node_6873081194,CAT018,other,attraction,general_attraction,True,osm_rule,high
OSM_node_7003724685,CAT018,other,attraction,general_attraction,True,osm_rule,high
OSM_node_7041239590,CAT017,scenic,viewpoint,viewpoint,True,osm_rule,high
OSM_node_7155928086,CAT018,other,attraction,general_attraction,True,osm_rule,high
OSM_node_7201870366,CAT001,natural,landscape,mountain,True,osm_rule,high
OSM_node_7265253085,CAT018,other,attraction,general_attraction,True,osm_rule,high
OSM_node_7265258085,CAT018,other,attraction,general_attraction,True,osm_rule,high
OSM_node_7284942986,CAT017,scenic,viewpoint,viewpoint,True,osm_rule,high
OSM_node_7284943085,CAT017,scenic,viewpoint,viewpoint,True,osm_rule,high
OSM_node_7284943185,CAT017,scenic,viewpoint,viewpoint,True,osm_rule,high
OSM_node_7292418685,CAT018,other,attraction,general_attraction,True,osm_rule,high
OSM_node_7292418686,CAT018,other,attraction,general_attraction,True,osm_rule,high
OSM_node_7292418687,CAT018,other,attraction,general_attraction,True,osm_rule,high
OSM_node_7293551350,CAT001,natural,landscape,mountain,True,osm_rule,high
OSM_node_7311764885,CAT018,other,attraction,general_attraction,True,osm_rule,high
OSM_node_7311764886,CAT018,other,attraction,general_attraction,True,osm_rule,high
OSM_node_7311765085,CAT018,other,attraction,general_attraction,True,osm_rule,high
OSM_node_7790246498,CAT001,natural,landscape,mountain,True,osm_rule,high
OSM_node_7832869523,CAT001,natural,landscape,mountain,True,osm_rule,high
OSM_node_7857980840,CAT006,heritage,historical,monument,True,osm_rule,high
OSM_node_8101025699,CAT001,natural,landscape,mountain,True,osm_rule,high
OSM_node_9159845744,CAT001,natural,landscape,mountain,True,osm_rule,high
OSM_node_10615271391,CAT011,culture,museum,museum,True,osm_rule,high
OSM_node_10767471110,CAT018,other,attraction,general_attraction,True,osm_rule,high
OSM_node_10767551657,CAT001,natural,landscape,mountain,True,osm_rule,high
OSM_node_10796250078,CAT018,other,attraction,general_attraction,True,osm_rule,high
OSM_node_10873054332,CAT001,natural,landscape,mountain,True,osm_rule,high
OSM_node_10873072788,CAT001,natural,landscape,mountain,True,osm_rule,high
OSM_node_10873083305,CAT001,natural,landscape,mountain,True,osm_rule,high
OSM_node_10994480305,CAT018,other,attraction,general_attraction,True,osm_rule,high
OSM_node_11344994429,CAT018,other,attraction,general_attraction,True,osm_rule,high
OSM_node_11358233686,CAT011,culture,museum,museum,True,osm_rule,high
OSM_node_11363476673,CAT001,natural,landscape,mountain,True,osm_rule,high
OSM_node_11377884269,CAT017,scenic,viewpoint,viewpoint,True,osm_rule,high
OSM_node_11377886669,CAT018,other,attraction,general_attraction,True,osm_rule,high
OSM_node_11621998449,CAT001,natural,landscape,mountain,True,osm_rule,high
OSM_node_11624629968,CAT001,natural,landscape,mountain,True,osm_rule,high
OSM_node_11625311033,CAT001,natural,landscape,mountain,True,osm_rule,high
OSM_node_11738285080,CAT001,natural,landscape,mountain,True,osm_rule,high
OSM_node_11738285081,CAT001,natural,landscape,mountain,True,osm_rule,high
OSM_node_11738285082,CAT001,natural,landscape,mountain,True,osm_rule,high
OSM_node_11781567848,CAT001,natural,landscape,mountain,True,osm_rule,high
OSM_node_11871599148,CAT013,recreation,park,public_park,True,osm_rule,high
OSM_node_11977471170,CAT003,natural,landscape,cave,True,osm_rule,high
OSM_node_11977486069,CAT003,natural,landscape,cave,True,osm_rule,high
OSM_node_11977511469,CAT003,natural,landscape,cave,True,osm_rule,high
OSM_node_12756714062,CAT017,scenic,viewpoint,viewpoint,True,osm_rule,high
OSM_node_12768302901,CAT006,heritage,historical,monument,True,osm_rule,high
OSM_node_12785182901,CAT018,other,attraction,general_attraction,True,osm_rule,high
OSM_node_13084344806,CAT018,other,attraction,general_attraction,True,osm_rule,high
OSM_node_13084364009,CAT018,other,attraction,general_attraction,True,osm_rule,high
OSM_node_13282179820,CAT001,natural,landscape,mountain,True,osm_rule,high
OSM_node_13357269011,CAT018,other,attraction,general_attraction,True,osm_rule,high
OSM_node_13513865201,CAT018,other,attraction,general_attraction,True,osm_rule,high
OSM_node_13513865301,CAT018,other,attraction,general_attraction,True,osm_rule,high
OSM_node_13513865302,CAT018,other,attraction,general_attraction,True,osm_rule,high
OSM_node_13738152601,CAT018,other,attraction,general_attraction,True,osm_rule,high
OSM_way_85529099,CAT018,other,attraction,general_attraction,True,osm_rule,high
OSM_way_304226055,CAT013,recreation,park,public_park,True,osm_rule,high
OSM_way_411389992,CAT013,recreation,park,public_park,True,osm_rule,high
OSM_way_661734160,CAT013,recreation,park,public_park,True,osm_rule,high
OSM_way_661755085,CAT013,recreation,park,public_park,True,osm_rule,high
OSM_way_672018312,CAT018,other,attraction,general_attraction,True,osm_rule,high
OSM_way_705445555,CAT011,culture,museum,museum,True,osm_rule,high
OSM_way_705986961,CAT013,recreation,park,public_park,True,osm_rule,high
OSM_way_705986971,CAT013,recreation,park,public_park,True,osm_rule,high
OSM_way_706980973,CAT008,heritage,historical,archaeological_site,True,osm_rule,high
OSM_way_706980974,CAT008,heritage,historical,archaeological_site,True,osm_rule,high
OSM_way_708047684,CAT014,recreation,amusement,theme_park,True,osm_rule,high
OSM_way_713668317,CAT013,recreation,park,public_park,True,osm_rule,high
OSM_way_1055051249,CAT013,recreation,park,public_park,True,osm_rule,high
OSM_way_1055051250,CAT013,recreation,park,public_park,True,osm_rule,high
OSM_way_1235174572,CAT013,recreation,park,public_park,True,osm_rule,high
OSM_way_1324773443,CAT013,recreation,park,public_park,True,osm_rule,high
OSM_relation_8133037,CAT018,other,attraction,general_attraction,True,osm_rule,high
OSM_relation_19808367,CAT013,recreation,park,public_park,True,osm_rule,high
OSM_node_1754818866,CAT011,culture,museum,museum,True,osm_rule,high
OSM_node_1754964332,CAT017,scenic,viewpoint,viewpoint,True,osm_rule,high
OSM_node_2124741846,CAT001,natural,landscape,mountain,True,osm_rule,high
OSM_node_3844120381,CAT017,scenic,viewpoint,viewpoint,True,osm_rule,high
OSM_node_4132432913,CAT001,natural,landscape,mountain,True,osm_rule,high
OSM_node_4265724390,CAT018,other,attraction,general_attraction,True,osm_rule,high
OSM_node_4265730528,CAT018,other,attraction,general_attraction,True,osm_rule,high
OSM_node_4642113561,CAT001,natural,landscape,mountain,True,osm_rule,high
OSM_node_4642545219,CAT001,natural,landscape,mountain,True,osm_rule,high
OSM_node_4648286315,CAT001,natural,landscape,mountain,True,osm_rule,high
OSM_node_4739889869,CAT017,scenic,viewpoint,viewpoint,True,osm_rule,high
OSM_node_4823483325,CAT018,other,attraction,general_attraction,True,osm_rule,high
OSM_node_4941771726,CAT018,other,attraction,general_attraction,True,osm_rule,high
OSM_node_5294733028,CAT003,natural,landscape,cave,True,osm_rule,high
OSM_node_5302842823,CAT011,culture,museum,museum,True,osm_rule,high
OSM_node_5311342721,CAT017,scenic,viewpoint,viewpoint,True,osm_rule,high
OSM_node_5324019537,CAT017,scenic,viewpoint,viewpoint,True,osm_rule,high
OSM_node_5324020523,CAT006,heritage,historical,monument,True,osm_rule,high
OSM_node_5389014927,CAT018,other,attraction,general_attraction,True,osm_rule,high
OSM_node_5390051726,CAT006,heritage,historical,monument,True,osm_rule,high
OSM_node_5392315623,CAT018,other,attraction,general_attraction,True,osm_rule,high
OSM_node_5392315628,CAT018,other,attraction,general_attraction,True,osm_rule,high
OSM_node_5392338023,CAT018,other,attraction,general_attraction,True,osm_rule,high
OSM_node_5392338024,CAT018,other,attraction,general_attraction,True,osm_rule,high
OSM_node_5392360221,CAT018,other,attraction,general_attraction,True,osm_rule,high
OSM_node_5392453023,CAT018,other,attraction,general_attraction,True,osm_rule,high
OSM_node_5395341424,CAT017,scenic,viewpoint,viewpoint,True,osm_rule,high
OSM_node_5395412321,CAT018,other,attraction,general_attraction,True,osm_rule,high
OSM_node_5395503321,CAT017,scenic,viewpoint,viewpoint,True,osm_rule,high
OSM_node_5498109822,CAT017,scenic,viewpoint,viewpoint,True,osm_rule,high
OSM_node_5535660222,CAT018,other,attraction,general_attraction,True,osm_rule,high
OSM_node_5634866922,CAT018,other,attraction,general_attraction,True,osm_rule,high
OSM_node_5634895221,CAT018,other,attraction,general_attraction,True,osm_rule,high
OSM_node_5666127968,CAT017,scenic,viewpoint,viewpoint,True,osm_rule,high
OSM_node_5670961070,CAT017,scenic,viewpoint,viewpoint,True,osm_rule,high
OSM_node_5888509086,CAT018,other,attraction,general_attraction,True,osm_rule,high
OSM_node_6039268087,CAT017,scenic,viewpoint,viewpoint,True,osm_rule,high
OSM_node_6341293085,CAT017,scenic,viewpoint,viewpoint,True,osm_rule,high
OSM_node_6784238480,CAT017,scenic,viewpoint,viewpoint,True,osm_rule,high
OSM_node_6894264787,CAT006,heritage,historical,monument,True,osm_rule,high
OSM_node_6894279685,CAT006,heritage,historical,monument,True,osm_rule,high
OSM_node_7189142285,CAT018,other,attraction,general_attraction,True,osm_rule,high
OSM_node_7950442490,CAT013,recreation,park,public_park,True,osm_rule,high
OSM_node_7958012224,CAT006,heritage,historical,monument,True,osm_rule,high
OSM_node_7958969083,CAT001,natural,landscape,mountain,True,osm_rule,high
OSM_node_8043969235,CAT001,natural,landscape,mountain,True,osm_rule,high
OSM_node_8043969239,CAT001,natural,landscape,mountain,True,osm_rule,high
OSM_node_8043969241,CAT001,natural,landscape,mountain,True,osm_rule,high
OSM_node_8043969242,CAT001,natural,landscape,mountain,True,osm_rule,high
OSM_node_8250975417,CAT018,other,attraction,general_attraction,True,osm_rule,high
OSM_node_9050905320,CAT017,scenic,viewpoint,viewpoint,True,osm_rule,high
OSM_node_9480439600,CAT001,natural,landscape,mountain,True,osm_rule,high
OSM_node_9485080592,CAT011,culture,museum,museum,True,osm_rule,high
OSM_node_10290384601,CAT001,natural,landscape,mountain,True,osm_rule,high
OSM_node_10794161706,CAT017,scenic,viewpoint,viewpoint,True,osm_rule,high
OSM_node_10794161707,CAT017,scenic,viewpoint,viewpoint,True,osm_rule,high
OSM_node_10794161708,CAT017,scenic,viewpoint,viewpoint,True,osm_rule,high
OSM_node_10794161806,CAT017,scenic,viewpoint,viewpoint,True,osm_rule,high
OSM_node_10794161808,CAT017,scenic,viewpoint,viewpoint,True,osm_rule,high
OSM_node_10794161905,CAT017,scenic,viewpoint,viewpoint,True,osm_rule,high
OSM_node_10794162005,CAT017,scenic,viewpoint,viewpoint,True,osm_rule,high
OSM_node_10794729906,CAT017,scenic,viewpoint,viewpoint,True,osm_rule,high
OSM_node_10919422861,CAT003,natural,landscape,cave,True,osm_rule,high
OSM_node_10967397903,CAT001,natural,landscape,mountain,True,osm_rule,high
OSM_node_11336022692,CAT001,natural,landscape,mountain,True,osm_rule,high
OSM_node_11611745264,CAT001,natural,landscape,mountain,True,osm_rule,high
OSM_node_11612190720,CAT001,natural,landscape,mountain,True,osm_rule,high
OSM_node_11699208359,CAT001,natural,landscape,mountain,True,osm_rule,high
OSM_node_11736197269,CAT017,scenic,viewpoint,viewpoint,True,osm_rule,high
OSM_node_11736210869,CAT017,scenic,viewpoint,viewpoint,True,osm_rule,high
OSM_node_11738285079,CAT001,natural,landscape,mountain,True,osm_rule,high
OSM_node_11738285084,CAT001,natural,landscape,mountain,True,osm_rule,high
OSM_node_11738285085,CAT001,natural,landscape,mountain,True,osm_rule,high
OSM_node_11763803549,CAT001,natural,landscape,mountain,True,osm_rule,high
OSM_node_11763842628,CAT001,natural,landscape,mountain,True,osm_rule,high
OSM_node_11813748258,CAT018,other,attraction,general_attraction,True,osm_rule,high
OSM_node_11846546669,CAT017,scenic,viewpoint,viewpoint,True,osm_rule,high
OSM_node_11879652867,CAT006,heritage,historical,monument,True,osm_rule,high
OSM_node_12357597944,CAT018,other,attraction,general_attraction,True,osm_rule,high
OSM_node_12470652010,CAT018,other,attraction,general_attraction,True,osm_rule,high
OSM_node_12691287501,CAT018,other,attraction,general_attraction,True,osm_rule,high
OSM_node_12754289501,CAT006,heritage,historical,monument,True,osm_rule,high
OSM_node_12761669401,CAT013,recreation,park,public_park,True,osm_rule,high
OSM_node_12767875301,CAT018,other,attraction,general_attraction,True,osm_rule,high
OSM_node_13358812901,CAT018,other,attraction,general_attraction,True,osm_rule,high
OSM_node_13358813001,CAT018,other,attraction,general_attraction,True,osm_rule,high
OSM_node_13358813101,CAT018,other,attraction,general_attraction,True,osm_rule,high
OSM_node_13765071860,CAT006,heritage,historical,monument,True,osm_rule,high
OSM_node_13844360901,CAT015,recreation,amusement,water_park,True,osm_rule,high
OSM_way_610758641,CAT013,recreation,park,public_park,True,osm_rule,high
OSM_way_611028742,CAT013,recreation,park,public_park,True,osm_rule,high
OSM_way_661754770,CAT011,culture,museum,museum,True,osm_rule,high
OSM_way_822407460,CAT007,heritage,historical,ruins,True,osm_rule,high
OSM_way_853242742,CAT015,recreation,amusement,water_park,True,osm_rule,high
OSM_way_863501296,CAT018,other,attraction,general_attraction,True,osm_rule,high
OSM_way_1167471574,CAT011,culture,museum,museum,True,osm_rule,high
OSM_way_1417144582,CAT018,other,attraction,general_attraction,True,osm_rule,high
OSM_way_1486092201,CAT013,recreation,park,public_park,True,osm_rule,high
OSM_way_1530003539,CAT007,heritage,historical,ruins,True,osm_rule,high
OSM_node_1758555216,CAT017,scenic,viewpoint,viewpoint,True,osm_rule,high
OSM_node_2586789887,CAT001,natural,landscape,mountain,True,osm_rule,high
OSM_node_2586790674,CAT001,natural,landscape,mountain,True,osm_rule,high
OSM_node_3148657086,CAT001,natural,landscape,mountain,True,osm_rule,high
OSM_node_3505512467,CAT006,heritage,historical,monument,True,osm_rule,high
OSM_node_3630429726,CAT001,natural,landscape,mountain,True,osm_rule,high
OSM_node_4328915189,CAT006,heritage,historical,monument,True,osm_rule,high
OSM_node_4755860336,CAT001,natural,landscape,mountain,True,osm_rule,high
OSM_node_4756441640,CAT001,natural,landscape,mountain,True,osm_rule,high
OSM_node_4757412924,CAT001,natural,landscape,mountain,True,osm_rule,high
OSM_node_4879886024,CAT003,natural,landscape,cave,True,osm_rule,high
OSM_node_5630745722,CAT018,other,attraction,general_attraction,True,osm_rule,high
OSM_node_5757591121,CAT018,other,attraction,general_attraction,True,osm_rule,high
OSM_node_6169503778,CAT006,heritage,historical,monument,True,osm_rule,high
OSM_node_6280932085,CAT018,other,attraction,general_attraction,True,osm_rule,high
OSM_node_6283872386,CAT018,other,attraction,general_attraction,True,osm_rule,high
OSM_node_6534832085,CAT017,scenic,viewpoint,viewpoint,True,osm_rule,high
OSM_node_6766031786,CAT018,other,attraction,general_attraction,True,osm_rule,high
OSM_node_6788533685,CAT018,other,attraction,general_attraction,True,osm_rule,high
OSM_node_7299299281,CAT001,natural,landscape,mountain,True,osm_rule,high
OSM_node_7782931685,CAT018,other,attraction,general_attraction,True,osm_rule,high
OSM_node_8263098472,CAT001,natural,landscape,mountain,True,osm_rule,high
OSM_node_9561656684,CAT013,recreation,park,public_park,True,osm_rule,high
OSM_node_11051516156,CAT015,recreation,amusement,water_park,True,osm_rule,high
OSM_node_11763630970,CAT001,natural,landscape,mountain,True,osm_rule,high
OSM_node_11763803550,CAT001,natural,landscape,mountain,True,osm_rule,high
OSM_node_11811240539,CAT001,natural,landscape,mountain,True,osm_rule,high
OSM_node_11812483384,CAT001,natural,landscape,mountain,True,osm_rule,high
OSM_node_11812483385,CAT001,natural,landscape,mountain,True,osm_rule,high
OSM_node_11812483386,CAT001,natural,landscape,mountain,True,osm_rule,high
OSM_node_11814771669,CAT006,heritage,historical,monument,True,osm_rule,high
OSM_node_11847880080,CAT006,heritage,historical,monument,True,osm_rule,high
OSM_node_13611797604,CAT018,other,attraction,general_attraction,True,osm_rule,high
OSM_node_13611822402,CAT018,other,attraction,general_attraction,True,osm_rule,high
OSM_way_801572902,CAT006,heritage,historical,monument,True,osm_rule,high
OSM_way_888611681,CAT006,heritage,historical,monument,True,osm_rule,high
OSM_way_1019030795,CAT011,culture,museum,museum,True,osm_rule,high
OSM_way_1094422887,CAT013,recreation,park,public_park,True,osm_rule,high
OSM_way_1219244331,CAT011,culture,museum,museum,True,osm_rule,high
OSM_way_1266718113,CAT009,heritage,historical,historic_building,True,osm_rule,high
OSM_way_1392297984,CAT011,culture,museum,museum,True,osm_rule,high
OSM_node_131682286,CAT005,natural,coastal,cape,True,osm_rule,high
OSM_node_994065787,CAT001,natural,landscape,mountain,True,osm_rule,high
OSM_node_994065796,CAT003,natural,landscape,cave,True,osm_rule,high
OSM_node_994065901,CAT013,recreation,park,public_park,True,osm_rule,high
OSM_node_1336231037,CAT001,natural,landscape,mountain,True,osm_rule,high
OSM_node_2495831858,CAT014,recreation,amusement,theme_park,True,osm_rule,high
OSM_node_2495831902,CAT001,natural,landscape,mountain,True,osm_rule,high
OSM_node_2496867830,CAT006,heritage,historical,monument,True,osm_rule,high
OSM_node_2496911129,CAT006,heritage,historical,monument,True,osm_rule,high
OSM_node_2496920815,CAT006,heritage,historical,monument,True,osm_rule,high
OSM_node_2649308278,CAT003,natural,landscape,cave,True,osm_rule,high
OSM_node_3099046008,CAT017,scenic,viewpoint,viewpoint,True,osm_rule,high
OSM_node_3099046008,CAT005,natural,coastal,cape,False,osm_rule,high
OSM_node_3494799892,CAT003,natural,landscape,cave,True,osm_rule,high
OSM_node_3494809845,CAT003,natural,landscape,cave,True,osm_rule,high
OSM_node_3494811567,CAT003,natural,landscape,cave,True,osm_rule,high
OSM_node_3494812595,CAT003,natural,landscape,cave,True,osm_rule,high
OSM_node_3494823778,CAT001,natural,landscape,mountain,True,osm_rule,high
OSM_node_3494827665,CAT003,natural,landscape,cave,True,osm_rule,high
OSM_node_3495576512,CAT003,natural,landscape,cave,True,osm_rule,high
OSM_node_3495583080,CAT003,natural,landscape,cave,True,osm_rule,high
OSM_node_3560283504,CAT003,natural,landscape,cave,True,osm_rule,high
OSM_node_3758545765,CAT012,culture,arts,gallery,True,osm_rule,high
OSM_node_3887702636,CAT003,natural,landscape,cave,True,osm_rule,high
OSM_node_3887713515,CAT003,natural,landscape,cave,True,osm_rule,high
OSM_node_3887715188,CAT003,natural,landscape,cave,True,osm_rule,high
OSM_node_4242300895,CAT017,scenic,viewpoint,viewpoint,True,osm_rule,high
OSM_node_4453536667,CAT001,natural,landscape,mountain,True,osm_rule,high
OSM_node_4500377996,CAT006,heritage,historical,monument,True,osm_rule,high
OSM_node_4508895511,CAT003,natural,landscape,cave,True,osm_rule,high
OSM_node_4508900536,CAT003,natural,landscape,cave,True,osm_rule,high
OSM_node_4559961490,CAT001,natural,landscape,mountain,True,osm_rule,high
OSM_node_4587394292,CAT018,other,attraction,general_attraction,True,osm_rule,high
OSM_node_4587394293,CAT018,other,attraction,general_attraction,True,osm_rule,high
OSM_node_4588218190,CAT018,other,attraction,general_attraction,True,osm_rule,high
OSM_node_4588218291,CAT018,other,attraction,general_attraction,True,osm_rule,high
OSM_node_4588225491,CAT018,other,attraction,general_attraction,True,osm_rule,high
OSM_node_4588245390,CAT018,other,attraction,general_attraction,True,osm_rule,high
OSM_node_4588245391,CAT018,other,attraction,general_attraction,True,osm_rule,high
OSM_node_4588273589,CAT003,natural,landscape,cave,True,osm_rule,high
OSM_node_4599216290,CAT017,scenic,viewpoint,viewpoint,True,osm_rule,high
OSM_node_4631597517,CAT001,natural,landscape,mountain,True,osm_rule,high
OSM_node_4634238323,CAT001,natural,landscape,mountain,True,osm_rule,high
OSM_node_4634244862,CAT001,natural,landscape,mountain,True,osm_rule,high
OSM_node_4634244883,CAT001,natural,landscape,mountain,True,osm_rule,high
OSM_node_4635405784,CAT001,natural,landscape,mountain,True,osm_rule,high
OSM_node_4730877540,CAT018,other,attraction,general_attraction,True,osm_rule,high
OSM_node_4730928605,CAT003,natural,landscape,cave,True,osm_rule,high
OSM_node_4730928606,CAT003,natural,landscape,cave,True,osm_rule,high
OSM_node_4742839722,CAT006,heritage,historical,monument,True,osm_rule,high
OSM_node_4744812621,CAT017,scenic,viewpoint,viewpoint,True,osm_rule,high
OSM_node_4755942999,CAT003,natural,landscape,cave,True,osm_rule,high
OSM_node_4775482115,CAT001,natural,landscape,mountain,True,osm_rule,high
OSM_node_4775482116,CAT001,natural,landscape,mountain,True,osm_rule,high
OSM_node_4778026926,CAT006,heritage,historical,monument,True,osm_rule,high
OSM_node_4822867921,CAT003,natural,landscape,cave,True,osm_rule,high
OSM_node_4886986961,CAT001,natural,landscape,mountain,True,osm_rule,high
OSM_node_4895300622,CAT017,scenic,viewpoint,viewpoint,True,osm_rule,high
OSM_node_4921481226,CAT018,other,attraction,general_attraction,True,osm_rule,high
OSM_node_4936727363,CAT018,other,attraction,general_attraction,True,osm_rule,high
OSM_node_4940136729,CAT018,other,attraction,general_attraction,True,osm_rule,high
OSM_node_4940136730,CAT018,other,attraction,general_attraction,True,osm_rule,high
OSM_node_4940164422,CAT018,other,attraction,general_attraction,True,osm_rule,high
OSM_node_5147203123,CAT003,natural,landscape,cave,True,osm_rule,high
OSM_node_5164975321,CAT003,natural,landscape,cave,True,osm_rule,high
OSM_node_5222825324,CAT017,scenic,viewpoint,viewpoint,True,osm_rule,high
OSM_node_5246605622,CAT018,other,attraction,general_attraction,True,osm_rule,high
OSM_node_5269460121,CAT017,scenic,viewpoint,viewpoint,True,osm_rule,high
OSM_node_5285124521,CAT018,other,attraction,general_attraction,True,osm_rule,high
OSM_node_5313962615,CAT017,scenic,viewpoint,viewpoint,True,osm_rule,high
OSM_node_5360350822,CAT018,other,attraction,general_attraction,True,osm_rule,high
OSM_node_5360350824,CAT017,scenic,viewpoint,viewpoint,True,osm_rule,high
OSM_node_5360351221,CAT018,other,attraction,general_attraction,True,osm_rule,high
OSM_node_5361071925,CAT018,other,attraction,general_attraction,True,osm_rule,high
OSM_node_5365851521,CAT007,heritage,historical,ruins,True,osm_rule,high
OSM_node_5369764332,CAT017,scenic,viewpoint,viewpoint,True,osm_rule,high
OSM_node_5369764333,CAT017,scenic,viewpoint,viewpoint,True,osm_rule,high
OSM_node_5369764334,CAT017,scenic,viewpoint,viewpoint,True,osm_rule,high
OSM_node_5369764335,CAT017,scenic,viewpoint,viewpoint,True,osm_rule,high
OSM_node_5369776023,CAT017,scenic,viewpoint,viewpoint,True,osm_rule,high
OSM_node_5369786821,CAT017,scenic,viewpoint,viewpoint,True,osm_rule,high
OSM_node_5369786822,CAT018,other,attraction,general_attraction,True,osm_rule,high
OSM_node_5370281522,CAT018,other,attraction,general_attraction,True,osm_rule,high
OSM_node_5370281524,CAT006,heritage,historical,monument,True,osm_rule,high
OSM_node_5370321721,CAT018,other,attraction,general_attraction,True,osm_rule,high
OSM_node_5370360032,CAT018,other,attraction,general_attraction,True,osm_rule,high
OSM_node_5371976525,CAT017,scenic,viewpoint,viewpoint,True,osm_rule,high
OSM_node_5372010121,CAT017,scenic,viewpoint,viewpoint,True,osm_rule,high
OSM_node_5372010221,CAT018,other,attraction,general_attraction,True,osm_rule,high
OSM_node_5373966523,CAT017,scenic,viewpoint,viewpoint,True,osm_rule,high
OSM_node_5395107122,CAT011,culture,museum,museum,True,osm_rule,high
OSM_node_5421890221,CAT017,scenic,viewpoint,viewpoint,True,osm_rule,high
OSM_node_5467261421,CAT018,other,attraction,general_attraction,True,osm_rule,high
OSM_node_5502539221,CAT018,other,attraction,general_attraction,True,osm_rule,high
OSM_node_5783310416,CAT005,natural,coastal,cape,True,osm_rule,high
OSM_node_5784054226,CAT018,other,attraction,general_attraction,True,osm_rule,high
OSM_node_5790023521,CAT001,natural,landscape,mountain,True,osm_rule,high
OSM_node_5792111781,CAT018,other,attraction,general_attraction,True,osm_rule,high
OSM_node_5803473325,CAT001,natural,landscape,mountain,True,osm_rule,high
OSM_node_5938438385,CAT018,other,attraction,general_attraction,True,osm_rule,high
OSM_node_6117262366,CAT017,scenic,viewpoint,viewpoint,True,osm_rule,high
OSM_node_6207400285,CAT018,other,attraction,general_attraction,True,osm_rule,high
OSM_node_6278479145,CAT006,heritage,historical,monument,True,osm_rule,high
OSM_node_6278479146,CAT006,heritage,historical,monument,True,osm_rule,high
OSM_node_6278479147,CAT006,heritage,historical,monument,True,osm_rule,high
OSM_node_6293770430,CAT017,scenic,viewpoint,viewpoint,True,osm_rule,high
OSM_node_6304871408,CAT001,natural,landscape,mountain,True,osm_rule,high
OSM_node_6313934207,CAT017,scenic,viewpoint,viewpoint,True,osm_rule,high
OSM_node_6314162950,CAT006,heritage,historical,monument,True,osm_rule,high
OSM_node_6314163138,CAT006,heritage,historical,monument,True,osm_rule,high
OSM_node_6315496285,CAT018,other,attraction,general_attraction,True,osm_rule,high
OSM_node_6315496287,CAT018,other,attraction,general_attraction,True,osm_rule,high
OSM_node_6323143588,CAT003,natural,landscape,cave,True,osm_rule,high
OSM_node_6326199785,CAT017,scenic,viewpoint,viewpoint,True,osm_rule,high
OSM_node_6367480301,CAT001,natural,landscape,mountain,True,osm_rule,high
OSM_node_6367480869,CAT001,natural,landscape,mountain,True,osm_rule,high
OSM_node_6369957309,CAT012,culture,arts,gallery,True,osm_rule,high
OSM_node_6372554292,CAT018,other,attraction,general_attraction,True,osm_rule,high
OSM_node_6375200024,CAT018,other,attraction,general_attraction,True,osm_rule,high
OSM_node_6385048414,CAT018,other,attraction,general_attraction,True,osm_rule,high
OSM_node_6474418794,CAT003,natural,landscape,cave,True,osm_rule,high
OSM_node_6474471514,CAT018,other,attraction,general_attraction,True,osm_rule,high
OSM_node_6569825995,CAT017,scenic,viewpoint,viewpoint,True,osm_rule,high
OSM_node_6722564185,CAT017,scenic,viewpoint,viewpoint,True,osm_rule,high
OSM_node_6983275709,CAT001,natural,landscape,mountain,True,osm_rule,high
OSM_node_6992654311,CAT011,culture,museum,museum,True,osm_rule,high
OSM_node_7007487685,CAT018,other,attraction,general_attraction,True,osm_rule,high
OSM_node_7079199585,CAT017,scenic,viewpoint,viewpoint,True,osm_rule,high
OSM_node_7104513388,CAT018,other,attraction,general_attraction,True,osm_rule,high
OSM_node_7171713785,CAT017,scenic,viewpoint,viewpoint,True,osm_rule,high
OSM_node_7216615998,CAT011,culture,museum,museum,True,osm_rule,high
OSM_node_7237992587,CAT018,other,attraction,general_attraction,True,osm_rule,high
OSM_node_7272601285,CAT017,scenic,viewpoint,viewpoint,True,osm_rule,high
OSM_node_7306070101,CAT013,recreation,park,public_park,True,osm_rule,high
OSM_node_7306070102,CAT013,recreation,park,public_park,True,osm_rule,high
OSM_node_7578096690,CAT018,other,attraction,general_attraction,True,osm_rule,high
OSM_node_7645040503,CAT004,natural,coastal,beach,True,osm_rule,high
OSM_node_7795617286,CAT018,other,attraction,general_attraction,True,osm_rule,high
OSM_node_8998746156,CAT006,heritage,historical,monument,True,osm_rule,high
OSM_node_8998748123,CAT001,natural,landscape,mountain,True,osm_rule,high
OSM_node_9107994481,CAT018,other,attraction,general_attraction,True,osm_rule,high
OSM_node_9149420025,CAT018,other,attraction,general_attraction,True,osm_rule,high
OSM_node_9196652318,CAT017,scenic,viewpoint,viewpoint,True,osm_rule,high
OSM_node_9240359646,CAT006,heritage,historical,monument,True,osm_rule,high
OSM_node_9411874031,CAT006,heritage,historical,monument,True,osm_rule,high
OSM_node_9421157138,CAT006,heritage,historical,monument,True,osm_rule,high
OSM_node_9824036844,CAT006,heritage,historical,monument,True,osm_rule,high
OSM_node_9824036846,CAT011,culture,museum,museum,True,osm_rule,high
OSM_node_9824036900,CAT006,heritage,historical,monument,True,osm_rule,high
OSM_node_9959484872,CAT001,natural,landscape,mountain,True,osm_rule,high
OSM_node_10635540903,CAT006,heritage,historical,monument,True,osm_rule,high
OSM_node_10703765820,CAT001,natural,landscape,mountain,True,osm_rule,high
OSM_node_10709724113,CAT018,other,attraction,general_attraction,True,osm_rule,high
OSM_node_10821152105,CAT018,other,attraction,general_attraction,True,osm_rule,high
OSM_node_11115168859,CAT007,heritage,historical,ruins,True,osm_rule,high
OSM_node_11160583732,CAT006,heritage,historical,monument,True,osm_rule,high
OSM_node_11169475137,CAT003,natural,landscape,cave,True,osm_rule,high
OSM_node_11174401448,CAT018,other,attraction,general_attraction,True,osm_rule,high
OSM_node_11212152338,CAT018,other,attraction,general_attraction,True,osm_rule,high
OSM_node_11660440885,CAT001,natural,landscape,mountain,True,osm_rule,high
OSM_node_11660440886,CAT001,natural,landscape,mountain,True,osm_rule,high
OSM_node_11765212724,CAT001,natural,landscape,mountain,True,osm_rule,high
OSM_node_11817343368,CAT001,natural,landscape,mountain,True,osm_rule,high
OSM_node_11817368169,CAT001,natural,landscape,mountain,True,osm_rule,high
OSM_node_11963536004,CAT001,natural,landscape,mountain,True,osm_rule,high
OSM_node_12222510426,CAT006,heritage,historical,monument,True,osm_rule,high
OSM_node_12308247214,CAT001,natural,landscape,mountain,True,osm_rule,high
OSM_node_12318902525,CAT001,natural,landscape,mountain,True,osm_rule,high
OSM_node_12330714912,CAT001,natural,landscape,mountain,True,osm_rule,high
OSM_node_12330714930,CAT001,natural,landscape,mountain,True,osm_rule,high
OSM_node_12330714931,CAT001,natural,landscape,mountain,True,osm_rule,high
OSM_node_12330714932,CAT001,natural,landscape,mountain,True,osm_rule,high
OSM_node_12330714933,CAT001,natural,landscape,mountain,True,osm_rule,high
OSM_node_12334147266,CAT001,natural,landscape,mountain,True,osm_rule,high
OSM_node_12334147267,CAT001,natural,landscape,mountain,True,osm_rule,high
OSM_node_12334147268,CAT001,natural,landscape,mountain,True,osm_rule,high
OSM_node_12334147269,CAT001,natural,landscape,mountain,True,osm_rule,high
OSM_node_12334147270,CAT001,natural,landscape,mountain,True,osm_rule,high
OSM_node_12334147271,CAT001,natural,landscape,mountain,True,osm_rule,high
OSM_node_12334147272,CAT001,natural,landscape,mountain,True,osm_rule,high
OSM_node_12334147273,CAT001,natural,landscape,mountain,True,osm_rule,high
OSM_node_12334147274,CAT001,natural,landscape,mountain,True,osm_rule,high
OSM_node_12334147275,CAT001,natural,landscape,mountain,True,osm_rule,high
OSM_node_12334147276,CAT001,natural,landscape,mountain,True,osm_rule,high
OSM_node_12334147277,CAT001,natural,landscape,mountain,True,osm_rule,high
OSM_node_12334147278,CAT001,natural,landscape,mountain,True,osm_rule,high
OSM_node_12334147279,CAT001,natural,landscape,mountain,True,osm_rule,high
OSM_node_12334147280,CAT001,natural,landscape,mountain,True,osm_rule,high
OSM_node_12334147281,CAT001,natural,landscape,mountain,True,osm_rule,high
OSM_node_12334147282,CAT001,natural,landscape,mountain,True,osm_rule,high
OSM_node_12334147283,CAT001,natural,landscape,mountain,True,osm_rule,high
OSM_node_12334147300,CAT001,natural,landscape,mountain,True,osm_rule,high
OSM_node_12334149501,CAT001,natural,landscape,mountain,True,osm_rule,high
OSM_node_12334149502,CAT001,natural,landscape,mountain,True,osm_rule,high
OSM_node_12334149503,CAT001,natural,landscape,mountain,True,osm_rule,high
OSM_node_12334149504,CAT001,natural,landscape,mountain,True,osm_rule,high
OSM_node_12334149555,CAT001,natural,landscape,mountain,True,osm_rule,high
OSM_node_12334149653,CAT001,natural,landscape,mountain,True,osm_rule,high
OSM_node_12334149665,CAT001,natural,landscape,mountain,True,osm_rule,high
OSM_node_12334149971,CAT001,natural,landscape,mountain,True,osm_rule,high
OSM_node_12334149975,CAT001,natural,landscape,mountain,True,osm_rule,high
OSM_node_12946946822,CAT001,natural,landscape,mountain,True,osm_rule,high
OSM_node_12949080089,CAT001,natural,landscape,mountain,True,osm_rule,high
OSM_node_13264947301,CAT018,other,attraction,general_attraction,True,osm_rule,high
OSM_node_13264947401,CAT018,other,attraction,general_attraction,True,osm_rule,high
OSM_node_13388093801,CAT017,scenic,viewpoint,viewpoint,True,osm_rule,high
OSM_node_13438359165,CAT018,other,attraction,general_attraction,True,osm_rule,high
OSM_node_13454075392,CAT005,natural,coastal,cape,True,osm_rule,high
OSM_node_13500863330,CAT005,natural,coastal,cape,True,osm_rule,high
OSM_node_13500908302,CAT005,natural,coastal,cape,True,osm_rule,high
OSM_node_13516003549,CAT001,natural,landscape,mountain,True,osm_rule,high
OSM_node_13516003551,CAT001,natural,landscape,mountain,True,osm_rule,high
OSM_node_13516003942,CAT017,scenic,viewpoint,viewpoint,True,osm_rule,high
OSM_node_13516003942,CAT001,natural,landscape,mountain,False,osm_rule,high
OSM_node_13570978422,CAT003,natural,landscape,cave,True,osm_rule,high
OSM_node_13593140565,CAT018,other,attraction,general_attraction,True,osm_rule,high
OSM_node_13649149601,CAT018,other,attraction,general_attraction,True,osm_rule,high
OSM_node_13672116873,CAT003,natural,landscape,cave,True,osm_rule,high
OSM_node_13701069465,CAT001,natural,landscape,mountain,True,osm_rule,high
OSM_node_13961419851,CAT005,natural,coastal,cape,True,osm_rule,high
OSM_node_13978064708,CAT013,recreation,park,public_park,True,osm_rule,high
OSM_node_14086666270,CAT011,culture,museum,museum,True,osm_rule,high
OSM_way_150859298,CAT004,natural,coastal,beach,True,osm_rule,high
OSM_way_150876064,CAT004,natural,coastal,beach,True,osm_rule,high
OSM_way_150876066,CAT004,natural,coastal,beach,True,osm_rule,high
OSM_way_150876067,CAT004,natural,coastal,beach,True,osm_rule,high
OSM_way_236578243,CAT013,recreation,park,public_park,True,osm_rule,high
OSM_way_236743183,CAT013,recreation,park,public_park,True,osm_rule,high
OSM_way_239872182,CAT006,heritage,historical,monument,True,osm_rule,high
OSM_way_240479613,CAT011,culture,museum,museum,True,osm_rule,high
OSM_way_241061261,CAT013,recreation,park,public_park,True,osm_rule,high
OSM_way_241425395,CAT006,heritage,historical,monument,True,osm_rule,high
OSM_way_241797017,CAT013,recreation,park,public_park,True,osm_rule,high
OSM_way_242166902,CAT013,recreation,park,public_park,True,osm_rule,high
OSM_way_242166903,CAT013,recreation,park,public_park,True,osm_rule,high
OSM_way_242184456,CAT013,recreation,park,public_park,True,osm_rule,high
OSM_way_286780025,CAT018,other,attraction,general_attraction,True,osm_rule,high
OSM_way_319046751,CAT013,recreation,park,public_park,True,osm_rule,high
OSM_way_368453480,CAT013,recreation,park,public_park,True,osm_rule,high
OSM_way_384652651,CAT004,natural,coastal,beach,True,osm_rule,high
OSM_way_384652652,CAT013,recreation,park,public_park,True,osm_rule,high
OSM_way_384652653,CAT006,heritage,historical,monument,True,osm_rule,high
OSM_way_409741435,CAT004,natural,coastal,beach,True,osm_rule,high
OSM_way_409741436,CAT004,natural,coastal,beach,True,osm_rule,high
OSM_way_454322289,CAT018,other,attraction,general_attraction,True,osm_rule,high
OSM_way_458851649,CAT006,heritage,historical,monument,True,osm_rule,high
OSM_way_480056722,CAT018,other,attraction,general_attraction,True,osm_rule,high
OSM_way_498065942,CAT004,natural,coastal,beach,True,osm_rule,high
OSM_way_501034153,CAT006,heritage,historical,monument,True,osm_rule,high
OSM_way_501042413,CAT006,heritage,historical,monument,True,osm_rule,high
OSM_way_501225225,CAT006,heritage,historical,monument,True,osm_rule,high
OSM_way_501302342,CAT013,recreation,park,public_park,True,osm_rule,high
OSM_way_610783746,CAT018,other,attraction,general_attraction,True,osm_rule,high
OSM_way_611821742,CAT013,recreation,park,public_park,True,osm_rule,high
OSM_way_617182938,CAT006,heritage,historical,monument,True,osm_rule,high
OSM_way_617182952,CAT013,recreation,park,public_park,True,osm_rule,high
OSM_way_625066598,CAT014,recreation,amusement,theme_park,True,osm_rule,high
OSM_way_627899725,CAT013,recreation,park,public_park,True,osm_rule,high
OSM_way_631087962,CAT013,recreation,park,public_park,True,osm_rule,high
OSM_way_670451940,CAT011,culture,museum,museum,True,osm_rule,high
OSM_way_673096986,CAT013,recreation,park,public_park,True,osm_rule,high
OSM_way_673096992,CAT013,recreation,park,public_park,True,osm_rule,high
OSM_way_674228542,CAT018,other,attraction,general_attraction,True,osm_rule,high
OSM_way_677038212,CAT018,other,attraction,general_attraction,True,osm_rule,high
OSM_way_677419454,CAT013,recreation,park,public_park,True,osm_rule,high
OSM_way_680054168,CAT013,recreation,park,public_park,True,osm_rule,high
OSM_way_680054170,CAT004,natural,coastal,beach,True,osm_rule,high
OSM_way_680093668,CAT013,recreation,park,public_park,True,osm_rule,high
OSM_way_683639731,CAT018,other,attraction,general_attraction,True,osm_rule,high
OSM_way_690132854,CAT004,natural,coastal,beach,True,osm_rule,high
OSM_way_743192131,CAT018,other,attraction,general_attraction,True,osm_rule,high
OSM_way_743192138,CAT014,recreation,amusement,theme_park,True,osm_rule,high
OSM_way_810254595,CAT013,recreation,park,public_park,True,osm_rule,high
OSM_way_848445049,CAT013,recreation,park,public_park,True,osm_rule,high
OSM_way_930811432,CAT013,recreation,park,public_park,True,osm_rule,high
OSM_way_930811446,CAT013,recreation,park,public_park,True,osm_rule,high
OSM_way_960040681,CAT013,recreation,park,public_park,True,osm_rule,high
OSM_way_960040971,CAT013,recreation,park,public_park,True,osm_rule,high
OSM_way_960043474,CAT013,recreation,park,public_park,True,osm_rule,high
OSM_way_962486868,CAT013,recreation,park,public_park,True,osm_rule,high
OSM_way_962902112,CAT013,recreation,park,public_park,True,osm_rule,high
OSM_way_962922519,CAT011,culture,museum,museum,True,osm_rule,high
OSM_way_968860032,CAT013,recreation,park,public_park,True,osm_rule,high
OSM_way_971390941,CAT015,recreation,amusement,water_park,True,osm_rule,high
OSM_way_1014268122,CAT013,recreation,park,public_park,True,osm_rule,high
OSM_way_1049831208,CAT011,culture,museum,museum,True,osm_rule,high
OSM_way_1099289106,CAT013,recreation,park,public_park,True,osm_rule,high
OSM_way_1108576026,CAT013,recreation,park,public_park,True,osm_rule,high
OSM_way_1108576027,CAT013,recreation,park,public_park,True,osm_rule,high
OSM_way_1108576028,CAT013,recreation,park,public_park,True,osm_rule,high
OSM_way_1120130935,CAT013,recreation,park,public_park,True,osm_rule,high
OSM_way_1120484211,CAT013,recreation,park,public_park,True,osm_rule,high
OSM_way_1122517334,CAT018,other,attraction,general_attraction,True,osm_rule,high
OSM_way_1123723059,CAT013,recreation,park,public_park,True,osm_rule,high
OSM_way_1126747036,CAT013,recreation,park,public_park,True,osm_rule,high
OSM_way_1126747039,CAT013,recreation,park,public_park,True,osm_rule,high
OSM_way_1174302224,CAT013,recreation,park,public_park,True,osm_rule,high
OSM_way_1177961777,CAT013,recreation,park,public_park,True,osm_rule,high
OSM_way_1181235376,CAT006,heritage,historical,monument,True,osm_rule,high
OSM_way_1182814986,CAT014,recreation,amusement,theme_park,True,osm_rule,high
OSM_way_1189319843,CAT013,recreation,park,public_park,True,osm_rule,high
OSM_way_1195550420,CAT004,natural,coastal,beach,True,osm_rule,high
OSM_way_1196350223,CAT013,recreation,park,public_park,True,osm_rule,high
OSM_way_1197972995,CAT013,recreation,park,public_park,True,osm_rule,high
OSM_way_1212465852,CAT013,recreation,park,public_park,True,osm_rule,high
OSM_way_1236492835,CAT011,culture,museum,museum,True,osm_rule,high
OSM_way_1239303028,CAT013,recreation,park,public_park,True,osm_rule,high
OSM_way_1252774078,CAT018,other,attraction,general_attraction,True,osm_rule,high
OSM_way_1394124221,CAT006,heritage,historical,monument,True,osm_rule,high
OSM_way_1431165034,CAT013,recreation,park,public_park,True,osm_rule,high
OSM_way_1460535517,CAT018,other,attraction,general_attraction,True,osm_rule,high
OSM_way_1461311678,CAT018,other,attraction,general_attraction,True,osm_rule,high
OSM_way_1461311679,CAT018,other,attraction,general_attraction,True,osm_rule,high
OSM_way_1461793547,CAT011,culture,museum,museum,True,osm_rule,high
OSM_way_1482249422,CAT018,other,attraction,general_attraction,True,osm_rule,high
OSM_way_1482249423,CAT018,other,attraction,general_attraction,True,osm_rule,high
OSM_way_1482249424,CAT018,other,attraction,general_attraction,True,osm_rule,high
OSM_way_1482249427,CAT018,other,attraction,general_attraction,True,osm_rule,high
OSM_way_1482249428,CAT018,other,attraction,general_attraction,True,osm_rule,high
OSM_way_1482249443,CAT018,other,attraction,general_attraction,True,osm_rule,high
OSM_way_1482249448,CAT018,other,attraction,general_attraction,True,osm_rule,high
OSM_way_1494115173,CAT013,recreation,park,public_park,True,osm_rule,high
OSM_relation_18623673,CAT014,recreation,amusement,theme_park,True,osm_rule,high
OSM_relation_19191948,CAT004,natural,coastal,beach,True,osm_rule,high
OSM_relation_19465353,CAT004,natural,coastal,beach,True,osm_rule,high
OSM_relation_19672610,CAT013,recreation,park,public_park,True,osm_rule,high
OSM_relation_19902805,CAT004,natural,coastal,beach,True,osm_rule,high
OSM_relation_20057203,CAT018,other,attraction,general_attraction,True,osm_rule,high
OSM_relation_20402110,CAT004,natural,coastal,beach,True,osm_rule,high
OSM_node_880247538,CAT011,culture,museum,museum,True,osm_rule,high
OSM_node_4712782090,CAT018,other,attraction,general_attraction,True,osm_rule,high
OSM_node_5141145956,CAT018,other,attraction,general_attraction,True,osm_rule,high
OSM_node_5935726738,CAT001,natural,landscape,mountain,True,osm_rule,high
OSM_node_7104497585,CAT018,other,attraction,general_attraction,True,osm_rule,high
OSM_node_7140198186,CAT018,other,attraction,general_attraction,True,osm_rule,high
OSM_node_7578148686,CAT018,other,attraction,general_attraction,True,osm_rule,high
OSM_node_8904957855,CAT013,recreation,park,public_park,True,osm_rule,high
OSM_node_8904978669,CAT013,recreation,park,public_park,True,osm_rule,high
OSM_node_8905199659,CAT006,heritage,historical,monument,True,osm_rule,high
OSM_node_9753429129,CAT006,heritage,historical,monument,True,osm_rule,high
OSM_node_10178512817,CAT006,heritage,historical,monument,True,osm_rule,high
OSM_node_10709724109,CAT018,other,attraction,general_attraction,True,osm_rule,high
OSM_node_10709724110,CAT018,other,attraction,general_attraction,True,osm_rule,high
OSM_node_10709724409,CAT018,other,attraction,general_attraction,True,osm_rule,high
OSM_node_10709738008,CAT018,other,attraction,general_attraction,True,osm_rule,high
OSM_node_10709738009,CAT018,other,attraction,general_attraction,True,osm_rule,high
OSM_node_10709738705,CAT018,other,attraction,general_attraction,True,osm_rule,high
OSM_node_11338749963,CAT006,heritage,historical,monument,True,osm_rule,high
OSM_node_11658766669,CAT017,scenic,viewpoint,viewpoint,True,osm_rule,high
OSM_node_11660330982,CAT001,natural,landscape,mountain,True,osm_rule,high
OSM_node_11751890825,CAT001,natural,landscape,mountain,True,osm_rule,high
OSM_node_11762489951,CAT001,natural,landscape,mountain,True,osm_rule,high
OSM_node_12319043888,CAT013,recreation,park,public_park,True,osm_rule,high
OSM_node_12558264080,CAT001,natural,landscape,mountain,True,osm_rule,high
OSM_node_12558264081,CAT001,natural,landscape,mountain,True,osm_rule,high
OSM_node_12558264082,CAT001,natural,landscape,mountain,True,osm_rule,high
OSM_node_12558264083,CAT001,natural,landscape,mountain,True,osm_rule,high
OSM_node_12559047222,CAT001,natural,landscape,mountain,True,osm_rule,high
OSM_node_12854695786,CAT018,other,attraction,general_attraction,True,osm_rule,high
OSM_node_12917551044,CAT001,natural,landscape,mountain,True,osm_rule,high
OSM_node_12943075469,CAT001,natural,landscape,mountain,True,osm_rule,high
OSM_node_12943075470,CAT001,natural,landscape,mountain,True,osm_rule,high
OSM_node_12943075471,CAT001,natural,landscape,mountain,True,osm_rule,high
OSM_node_12943075472,CAT001,natural,landscape,mountain,True,osm_rule,high
OSM_node_12943075473,CAT001,natural,landscape,mountain,True,osm_rule,high
OSM_node_13017414156,CAT013,recreation,park,public_park,True,osm_rule,high
OSM_node_13092431347,CAT017,scenic,viewpoint,viewpoint,True,osm_rule,high
OSM_node_13136636652,CAT001,natural,landscape,mountain,True,osm_rule,high
OSM_node_13137984762,CAT008,heritage,historical,archaeological_site,True,osm_rule,high
OSM_node_13138516171,CAT006,heritage,historical,monument,True,osm_rule,high
OSM_node_13155026034,CAT006,heritage,historical,monument,True,osm_rule,high
OSM_node_13233020194,CAT013,recreation,park,public_park,True,osm_rule,high
OSM_node_13233020195,CAT013,recreation,park,public_park,True,osm_rule,high
OSM_node_14026398175,CAT006,heritage,historical,monument,True,osm_rule,high
OSM_way_480700931,CAT013,recreation,park,public_park,True,osm_rule,high
OSM_way_480702434,CAT006,heritage,historical,monument,True,osm_rule,high
OSM_way_579334144,CAT013,recreation,park,public_park,True,osm_rule,high
OSM_way_579336298,CAT013,recreation,park,public_park,True,osm_rule,high
OSM_way_616917021,CAT013,recreation,park,public_park,True,osm_rule,high
OSM_way_628663071,CAT013,recreation,park,public_park,True,osm_rule,high
OSM_way_683663737,CAT018,other,attraction,general_attraction,True,osm_rule,high
OSM_way_696980063,CAT013,recreation,park,public_park,True,osm_rule,high
OSM_way_696985321,CAT013,recreation,park,public_park,True,osm_rule,high
OSM_way_696996710,CAT013,recreation,park,public_park,True,osm_rule,high
OSM_way_697056215,CAT013,recreation,park,public_park,True,osm_rule,high
OSM_way_697059788,CAT013,recreation,park,public_park,True,osm_rule,high
OSM_way_805149874,CAT013,recreation,park,public_park,True,osm_rule,high
OSM_way_806865818,CAT013,recreation,park,public_park,True,osm_rule,high
OSM_way_808726355,CAT013,recreation,park,public_park,True,osm_rule,high
OSM_way_962675095,CAT013,recreation,park,public_park,True,osm_rule,high
OSM_way_962675181,CAT013,recreation,park,public_park,True,osm_rule,high
OSM_way_962685567,CAT013,recreation,park,public_park,True,osm_rule,high
OSM_way_962686041,CAT013,recreation,park,public_park,True,osm_rule,high
OSM_way_962696786,CAT013,recreation,park,public_park,True,osm_rule,high
OSM_way_964403946,CAT013,recreation,park,public_park,True,osm_rule,high
OSM_way_964404613,CAT013,recreation,park,public_park,True,osm_rule,high
OSM_way_964405859,CAT013,recreation,park,public_park,True,osm_rule,high
OSM_way_964410226,CAT013,recreation,park,public_park,True,osm_rule,high
OSM_way_964415366,CAT006,heritage,historical,monument,True,osm_rule,high
OSM_way_964416658,CAT013,recreation,park,public_park,True,osm_rule,high
OSM_way_964418689,CAT013,recreation,park,public_park,True,osm_rule,high
OSM_way_964418766,CAT013,recreation,park,public_park,True,osm_rule,high
OSM_way_964418770,CAT013,recreation,park,public_park,True,osm_rule,high
OSM_way_964419144,CAT013,recreation,park,public_park,True,osm_rule,high
OSM_way_964419440,CAT013,recreation,park,public_park,True,osm_rule,high
OSM_way_964419534,CAT013,recreation,park,public_park,True,osm_rule,high
OSM_way_964421097,CAT013,recreation,park,public_park,True,osm_rule,high
OSM_way_964421328,CAT013,recreation,park,public_park,True,osm_rule,high
OSM_way_964421429,CAT013,recreation,park,public_park,True,osm_rule,high
OSM_way_964423632,CAT013,recreation,park,public_park,True,osm_rule,high
OSM_way_969300127,CAT013,recreation,park,public_park,True,osm_rule,high
OSM_way_991888050,CAT013,recreation,park,public_park,True,osm_rule,high
OSM_way_1019349488,CAT011,culture,museum,museum,True,osm_rule,high
OSM_way_1031531069,CAT013,recreation,park,public_park,True,osm_rule,high
OSM_way_1031531070,CAT013,recreation,park,public_park,True,osm_rule,high
OSM_way_1031554896,CAT013,recreation,park,public_park,True,osm_rule,high
OSM_way_1031554897,CAT013,recreation,park,public_park,True,osm_rule,high
OSM_way_1031554898,CAT013,recreation,park,public_park,True,osm_rule,high
OSM_way_1031554900,CAT013,recreation,park,public_park,True,osm_rule,high
OSM_way_1063227185,CAT013,recreation,park,public_park,True,osm_rule,high
OSM_way_1063227186,CAT011,culture,museum,museum,True,osm_rule,high
OSM_way_1174779020,CAT013,recreation,park,public_park,True,osm_rule,high
OSM_way_1174779021,CAT013,recreation,park,public_park,True,osm_rule,high
OSM_way_1174779031,CAT013,recreation,park,public_park,True,osm_rule,high
OSM_way_1174779032,CAT013,recreation,park,public_park,True,osm_rule,high
OSM_way_1175814553,CAT013,recreation,park,public_park,True,osm_rule,high
OSM_way_1188968967,CAT013,recreation,park,public_park,True,osm_rule,high
OSM_way_1191966049,CAT013,recreation,park,public_park,True,osm_rule,high
OSM_way_1228551913,CAT013,recreation,park,public_park,True,osm_rule,high
OSM_way_1317382716,CAT013,recreation,park,public_park,True,osm_rule,high
OSM_way_1327195096,CAT018,other,attraction,general_attraction,True,osm_rule,high
OSM_way_1330926081,CAT013,recreation,park,public_park,True,osm_rule,high
OSM_way_1331423729,CAT013,recreation,park,public_park,True,osm_rule,high
OSM_way_1334808109,CAT013,recreation,park,public_park,True,osm_rule,high
OSM_way_1344686062,CAT013,recreation,park,public_park,True,osm_rule,high
OSM_way_1349895594,CAT006,heritage,historical,monument,True,osm_rule,high
OSM_way_1349895595,CAT013,recreation,park,public_park,True,osm_rule,high
OSM_way_1366620313,CAT018,other,attraction,general_attraction,True,osm_rule,high
OSM_way_1370492448,CAT013,recreation,park,public_park,True,osm_rule,high
OSM_way_1387818588,CAT018,other,attraction,general_attraction,True,osm_rule,high
OSM_way_1395755634,CAT013,recreation,park,public_park,True,osm_rule,high
OSM_way_1415665789,CAT018,other,attraction,general_attraction,True,osm_rule,high
OSM_way_1415901265,CAT018,other,attraction,general_attraction,True,osm_rule,high
OSM_way_1416025498,CAT013,recreation,park,public_park,True,osm_rule,high
OSM_way_1416432466,CAT018,other,attraction,general_attraction,True,osm_rule,high
OSM_way_1417694194,CAT018,other,attraction,general_attraction,True,osm_rule,high
OSM_way_1420763744,CAT013,recreation,park,public_park,True,osm_rule,high
OSM_way_1427623601,CAT013,recreation,park,public_park,True,osm_rule,high
OSM_way_1427623603,CAT013,recreation,park,public_park,True,osm_rule,high
OSM_way_1429017730,CAT013,recreation,park,public_park,True,osm_rule,high
OSM_way_1429205645,CAT013,recreation,park,public_park,True,osm_rule,high
OSM_way_1429539973,CAT006,heritage,historical,monument,True,osm_rule,high
OSM_way_1431136784,CAT006,heritage,historical,monument,True,osm_rule,high
OSM_way_1431670325,CAT013,recreation,park,public_park,True,osm_rule,high
OSM_way_1433034842,CAT013,recreation,park,public_park,True,osm_rule,high
OSM_way_1442165949,CAT013,recreation,park,public_park,True,osm_rule,high
OSM_way_1443021489,CAT011,culture,museum,museum,True,osm_rule,high
OSM_way_1464859132,CAT013,recreation,park,public_park,True,osm_rule,high
OSM_way_1465123428,CAT013,recreation,park,public_park,True,osm_rule,high
OSM_way_1466037193,CAT006,heritage,historical,monument,True,osm_rule,high
OSM_way_1475055095,CAT013,recreation,park,public_park,True,osm_rule,high
OSM_way_1489171253,CAT013,recreation,park,public_park,True,osm_rule,high
OSM_way_1491058619,CAT007,heritage,historical,ruins,True,osm_rule,high
OSM_way_1519326479,CAT013,recreation,park,public_park,True,osm_rule,high
OSM_relation_13244915,CAT013,recreation,park,public_park,True,osm_rule,high
OSM_node_1274538648,CAT006,heritage,historical,monument,True,osm_rule,high
OSM_node_1749371775,CAT011,culture,museum,museum,True,osm_rule,high
OSM_node_2797512242,CAT018,other,attraction,general_attraction,True,osm_rule,high
OSM_node_3226328921,CAT006,heritage,historical,monument,True,osm_rule,high
OSM_node_4319342389,CAT006,heritage,historical,monument,True,osm_rule,high
OSM_node_4443409292,CAT006,heritage,historical,monument,True,osm_rule,high
OSM_node_4600449293,CAT018,other,attraction,general_attraction,True,osm_rule,high
OSM_node_5059604711,CAT006,heritage,historical,monument,True,osm_rule,high
OSM_node_5358502323,CAT018,other,attraction,general_attraction,True,osm_rule,high
OSM_node_5358515324,CAT018,other,attraction,general_attraction,True,osm_rule,high
OSM_node_5358515326,CAT018,other,attraction,general_attraction,True,osm_rule,high
OSM_node_5358515922,CAT018,other,attraction,general_attraction,True,osm_rule,high
OSM_node_5360350621,CAT018,other,attraction,general_attraction,True,osm_rule,high
OSM_node_5361240624,CAT018,other,attraction,general_attraction,True,osm_rule,high
OSM_node_5586197821,CAT017,scenic,viewpoint,viewpoint,True,osm_rule,high
OSM_node_5599799421,CAT006,heritage,historical,monument,True,osm_rule,high
OSM_node_5608311323,CAT018,other,attraction,general_attraction,True,osm_rule,high
OSM_node_6373563060,CAT018,other,attraction,general_attraction,True,osm_rule,high
OSM_node_7324276966,CAT013,recreation,park,public_park,True,osm_rule,high
OSM_node_7579341085,CAT018,other,attraction,general_attraction,True,osm_rule,high
OSM_node_8246429601,CAT013,recreation,park,public_park,True,osm_rule,high
OSM_node_8789672620,CAT006,heritage,historical,monument,True,osm_rule,high
OSM_node_9163828570,CAT013,recreation,park,public_park,True,osm_rule,high
OSM_node_9959156018,CAT018,other,attraction,general_attraction,True,osm_rule,high
OSM_node_9959158217,CAT018,other,attraction,general_attraction,True,osm_rule,high
OSM_node_9959158318,CAT018,other,attraction,general_attraction,True,osm_rule,high
OSM_node_9959163517,CAT018,other,attraction,general_attraction,True,osm_rule,high
OSM_node_9959185617,CAT018,other,attraction,general_attraction,True,osm_rule,high
OSM_node_9959185619,CAT018,other,attraction,general_attraction,True,osm_rule,high
OSM_node_9959187017,CAT018,other,attraction,general_attraction,True,osm_rule,high
OSM_node_9959187020,CAT018,other,attraction,general_attraction,True,osm_rule,high
OSM_node_9959189518,CAT018,other,attraction,general_attraction,True,osm_rule,high
OSM_node_9959189519,CAT018,other,attraction,general_attraction,True,osm_rule,high
OSM_node_9959189520,CAT018,other,attraction,general_attraction,True,osm_rule,high
OSM_node_9959191319,CAT018,other,attraction,general_attraction,True,osm_rule,high
OSM_node_9959201917,CAT018,other,attraction,general_attraction,True,osm_rule,high
OSM_node_11478369608,CAT013,recreation,park,public_park,True,osm_rule,high
OSM_node_11660440887,CAT001,natural,landscape,mountain,True,osm_rule,high
OSM_node_11755007470,CAT017,scenic,viewpoint,viewpoint,True,osm_rule,high
OSM_node_11817343367,CAT001,natural,landscape,mountain,True,osm_rule,high
OSM_node_12015163618,CAT015,recreation,amusement,water_park,True,osm_rule,high
OSM_node_13261943334,CAT013,recreation,park,public_park,True,osm_rule,high
OSM_node_13384613301,CAT006,heritage,historical,monument,True,osm_rule,high
OSM_way_292140043,CAT011,culture,museum,museum,True,osm_rule,high
OSM_way_292140044,CAT013,recreation,park,public_park,True,osm_rule,high
OSM_way_368449606,CAT013,recreation,park,public_park,True,osm_rule,high
OSM_way_409741434,CAT004,natural,coastal,beach,True,osm_rule,high
OSM_way_693082790,CAT004,natural,coastal,beach,True,osm_rule,high
OSM_way_698952047,CAT013,recreation,park,public_park,True,osm_rule,high
OSM_way_705644959,CAT013,recreation,park,public_park,True,osm_rule,high
OSM_way_732283659,CAT007,heritage,historical,ruins,True,osm_rule,high
OSM_way_770242548,CAT013,recreation,park,public_park,True,osm_rule,high
OSM_way_770242549,CAT013,recreation,park,public_park,True,osm_rule,high
OSM_way_770242551,CAT013,recreation,park,public_park,True,osm_rule,high
OSM_way_770242552,CAT013,recreation,park,public_park,True,osm_rule,high
OSM_way_770242553,CAT013,recreation,park,public_park,True,osm_rule,high
OSM_way_770242554,CAT013,recreation,park,public_park,True,osm_rule,high
OSM_way_770242555,CAT013,recreation,park,public_park,True,osm_rule,high
OSM_way_770242556,CAT013,recreation,park,public_park,True,osm_rule,high
OSM_way_770242557,CAT013,recreation,park,public_park,True,osm_rule,high
OSM_way_770242558,CAT013,recreation,park,public_park,True,osm_rule,high
OSM_way_770242559,CAT013,recreation,park,public_park,True,osm_rule,high
OSM_way_770242560,CAT013,recreation,park,public_park,True,osm_rule,high
OSM_way_770242561,CAT013,recreation,park,public_park,True,osm_rule,high
OSM_way_770242562,CAT013,recreation,park,public_park,True,osm_rule,high
OSM_way_770242563,CAT013,recreation,park,public_park,True,osm_rule,high
OSM_way_770242564,CAT013,recreation,park,public_park,True,osm_rule,high
OSM_way_770242565,CAT013,recreation,park,public_park,True,osm_rule,high
OSM_way_770242566,CAT013,recreation,park,public_park,True,osm_rule,high
OSM_way_770242567,CAT013,recreation,park,public_park,True,osm_rule,high
OSM_way_770242568,CAT013,recreation,park,public_park,True,osm_rule,high
OSM_way_770242569,CAT013,recreation,park,public_park,True,osm_rule,high
OSM_way_770242570,CAT013,recreation,park,public_park,True,osm_rule,high
OSM_way_770242571,CAT013,recreation,park,public_park,True,osm_rule,high
OSM_way_770242602,CAT013,recreation,park,public_park,True,osm_rule,high
OSM_way_770242604,CAT011,culture,museum,museum,True,osm_rule,high
OSM_way_770242605,CAT011,culture,museum,museum,True,osm_rule,high
OSM_way_770242606,CAT013,recreation,park,public_park,True,osm_rule,high
OSM_way_770242619,CAT013,recreation,park,public_park,True,osm_rule,high
OSM_way_770242620,CAT013,recreation,park,public_park,True,osm_rule,high
OSM_way_773078223,CAT013,recreation,park,public_park,True,osm_rule,high
OSM_way_784087628,CAT011,culture,museum,museum,True,osm_rule,high
OSM_way_784087636,CAT013,recreation,park,public_park,True,osm_rule,high
OSM_way_784087637,CAT013,recreation,park,public_park,True,osm_rule,high
OSM_way_858904141,CAT013,recreation,park,public_park,True,osm_rule,high
OSM_way_886904068,CAT006,heritage,historical,monument,True,osm_rule,high
OSM_way_886905149,CAT006,heritage,historical,monument,True,osm_rule,high
OSM_way_959991878,CAT013,recreation,park,public_park,True,osm_rule,high
OSM_way_960009813,CAT013,recreation,park,public_park,True,osm_rule,high
OSM_way_1110090366,CAT006,heritage,historical,monument,True,osm_rule,high
OSM_way_1119450433,CAT013,recreation,park,public_park,True,osm_rule,high
OSM_way_1262109441,CAT013,recreation,park,public_park,True,osm_rule,high
OSM_way_1396507639,CAT013,recreation,park,public_park,True,osm_rule,high
OSM_way_1396507641,CAT006,heritage,historical,monument,True,osm_rule,high
OSM_way_1430450115,CAT013,recreation,park,public_park,True,osm_rule,high
OSM_node_1749150841,CAT006,heritage,historical,monument,True,osm_rule,high
OSM_node_4414525903,CAT003,natural,landscape,cave,True,osm_rule,high
OSM_node_4414728330,CAT003,natural,landscape,cave,True,osm_rule,high
OSM_node_4414728376,CAT003,natural,landscape,cave,True,osm_rule,high
OSM_node_4424766405,CAT018,other,attraction,general_attraction,True,osm_rule,high
OSM_node_4424766843,CAT003,natural,landscape,cave,True,osm_rule,high
OSM_node_4462384906,CAT003,natural,landscape,cave,True,osm_rule,high
OSM_node_4462384935,CAT003,natural,landscape,cave,True,osm_rule,high
OSM_node_4462384945,CAT003,natural,landscape,cave,True,osm_rule,high
OSM_node_4462384962,CAT003,natural,landscape,cave,True,osm_rule,high
OSM_node_4462385009,CAT003,natural,landscape,cave,True,osm_rule,high
OSM_node_4462385034,CAT003,natural,landscape,cave,True,osm_rule,high
OSM_node_4462385049,CAT003,natural,landscape,cave,True,osm_rule,high
OSM_node_4712948589,CAT018,other,attraction,general_attraction,True,osm_rule,high
OSM_node_4738240051,CAT003,natural,landscape,cave,True,osm_rule,high
OSM_node_5325374423,CAT018,other,attraction,general_attraction,True,osm_rule,high
OSM_node_5352416124,CAT003,natural,landscape,cave,True,osm_rule,high
OSM_node_5352427021,CAT003,natural,landscape,cave,True,osm_rule,high
OSM_node_5352427121,CAT003,natural,landscape,cave,True,osm_rule,high
OSM_node_5352541935,CAT001,natural,landscape,mountain,True,osm_rule,high
OSM_node_5354274427,CAT018,other,attraction,general_attraction,True,osm_rule,high
OSM_node_5358515323,CAT018,other,attraction,general_attraction,True,osm_rule,high
OSM_node_5358515621,CAT018,other,attraction,general_attraction,True,osm_rule,high
OSM_node_5358515622,CAT018,other,attraction,general_attraction,True,osm_rule,high
OSM_node_5358515921,CAT018,other,attraction,general_attraction,True,osm_rule,high
OSM_node_5358516721,CAT006,heritage,historical,monument,True,osm_rule,high
OSM_node_5423777421,CAT018,other,attraction,general_attraction,True,osm_rule,high
OSM_node_5522475921,CAT003,natural,landscape,cave,True,osm_rule,high
OSM_node_5765863553,CAT018,other,attraction,general_attraction,True,osm_rule,high
OSM_node_5873101885,CAT018,other,attraction,general_attraction,True,osm_rule,high
OSM_node_6305170385,CAT011,culture,museum,museum,True,osm_rule,high
OSM_node_6338351682,CAT011,culture,museum,museum,True,osm_rule,high
OSM_node_6487229758,CAT003,natural,landscape,cave,True,osm_rule,high
OSM_node_7043053486,CAT003,natural,landscape,cave,True,osm_rule,high
OSM_node_7043053487,CAT018,other,attraction,general_attraction,True,osm_rule,high
OSM_node_7222461185,CAT018,other,attraction,general_attraction,True,osm_rule,high
OSM_node_8900622291,CAT013,recreation,park,public_park,True,osm_rule,high
OSM_node_9021682107,CAT006,heritage,historical,monument,True,osm_rule,high
OSM_node_9959092217,CAT018,other,attraction,general_attraction,True,osm_rule,high
OSM_node_9959105917,CAT018,other,attraction,general_attraction,True,osm_rule,high
OSM_node_9959123317,CAT018,other,attraction,general_attraction,True,osm_rule,high
OSM_node_9959136017,CAT018,other,attraction,general_attraction,True,osm_rule,high
OSM_node_9959145317,CAT018,other,attraction,general_attraction,True,osm_rule,high
OSM_node_9959151617,CAT018,other,attraction,general_attraction,True,osm_rule,high
OSM_node_9959156017,CAT018,other,attraction,general_attraction,True,osm_rule,high
OSM_node_9959156019,CAT018,other,attraction,general_attraction,True,osm_rule,high
OSM_node_9959187018,CAT018,other,attraction,general_attraction,True,osm_rule,high
OSM_node_9959189619,CAT018,other,attraction,general_attraction,True,osm_rule,high
OSM_node_10220706847,CAT003,natural,landscape,cave,True,osm_rule,high
OSM_node_10223004510,CAT003,natural,landscape,cave,True,osm_rule,high
OSM_node_10635716891,CAT003,natural,landscape,cave,True,osm_rule,high
OSM_node_10635716894,CAT003,natural,landscape,cave,True,osm_rule,high
OSM_node_11389414469,CAT018,other,attraction,general_attraction,True,osm_rule,high
OSM_node_11607645669,CAT017,scenic,viewpoint,viewpoint,True,osm_rule,high
OSM_node_11817368170,CAT001,natural,landscape,mountain,True,osm_rule,high
OSM_node_11817368175,CAT001,natural,landscape,mountain,True,osm_rule,high
OSM_node_11959083069,CAT007,heritage,historical,ruins,True,osm_rule,high
OSM_node_11959083169,CAT017,scenic,viewpoint,viewpoint,True,osm_rule,high
OSM_node_11959083170,CAT001,natural,landscape,mountain,True,osm_rule,high
OSM_node_11959083269,CAT017,scenic,viewpoint,viewpoint,True,osm_rule,high
OSM_node_12403743654,CAT001,natural,landscape,mountain,True,osm_rule,high
OSM_node_12478401201,CAT018,other,attraction,general_attraction,True,osm_rule,high
OSM_node_12478401301,CAT018,other,attraction,general_attraction,True,osm_rule,high
OSM_node_12619291739,CAT003,natural,landscape,cave,True,osm_rule,high
OSM_node_12727540402,CAT006,heritage,historical,monument,True,osm_rule,high
OSM_node_12728010901,CAT006,heritage,historical,monument,True,osm_rule,high
OSM_node_12728018501,CAT006,heritage,historical,monument,True,osm_rule,high
OSM_node_13852417301,CAT018,other,attraction,general_attraction,True,osm_rule,high
OSM_way_163105323,CAT011,culture,museum,museum,True,osm_rule,high
OSM_way_237359838,CAT013,recreation,park,public_park,True,osm_rule,high
OSM_way_474685617,CAT018,other,attraction,general_attraction,True,osm_rule,high
OSM_way_613008802,CAT013,recreation,park,public_park,True,osm_rule,high
OSM_way_641380853,CAT013,recreation,park,public_park,True,osm_rule,high
OSM_way_641387015,CAT013,recreation,park,public_park,True,osm_rule,high
OSM_way_770242607,CAT013,recreation,park,public_park,True,osm_rule,high
OSM_way_772041801,CAT018,other,attraction,general_attraction,True,osm_rule,high
OSM_way_772041809,CAT018,other,attraction,general_attraction,True,osm_rule,high
OSM_way_841357797,CAT013,recreation,park,public_park,True,osm_rule,high
OSM_way_841361920,CAT013,recreation,park,public_park,True,osm_rule,high
OSM_way_885744704,CAT011,culture,museum,museum,True,osm_rule,high
OSM_way_985095322,CAT013,recreation,park,public_park,True,osm_rule,high
OSM_way_1059852997,CAT013,recreation,park,public_park,True,osm_rule,high
OSM_way_1079654525,CAT011,culture,museum,museum,True,osm_rule,high
OSM_way_1131539407,CAT013,recreation,park,public_park,True,osm_rule,high
OSM_way_1275484622,CAT011,culture,museum,museum,True,osm_rule,high
OSM_way_1362974361,CAT018,other,attraction,general_attraction,True,osm_rule,high
OSM_way_1362974362,CAT018,other,attraction,general_attraction,True,osm_rule,high
OSM_way_1467300662,CAT014,recreation,amusement,theme_park,True,osm_rule,high
OSM_node_369488579,CAT001,natural,landscape,mountain,True,osm_rule,high
OSM_node_560066512,CAT001,natural,landscape,mountain,True,osm_rule,high
OSM_node_936706040,CAT003,natural,landscape,cave,True,osm_rule,high
OSM_node_936706040,CAT006,heritage,historical,monument,False,osm_rule,high
OSM_node_937741359,CAT001,natural,landscape,mountain,True,osm_rule,high
OSM_node_1725481657,CAT003,natural,landscape,cave,True,osm_rule,high
OSM_node_1995508763,CAT003,natural,landscape,cave,True,osm_rule,high
OSM_node_2392676523,CAT018,other,attraction,general_attraction,True,osm_rule,high
OSM_node_2455467653,CAT003,natural,landscape,cave,True,osm_rule,high
OSM_node_2455467654,CAT003,natural,landscape,cave,True,osm_rule,high
OSM_node_2594175511,CAT011,culture,museum,museum,True,osm_rule,high
OSM_node_3189545835,CAT003,natural,landscape,cave,True,osm_rule,high
OSM_node_3189559919,CAT003,natural,landscape,cave,True,osm_rule,high
OSM_node_3189559920,CAT003,natural,landscape,cave,True,osm_rule,high
OSM_node_3189749226,CAT003,natural,landscape,cave,True,osm_rule,high
OSM_node_3294682361,CAT011,culture,museum,museum,True,osm_rule,high
OSM_node_3393595444,CAT003,natural,landscape,cave,True,osm_rule,high
OSM_node_4141152591,CAT001,natural,landscape,mountain,True,osm_rule,high
OSM_node_4169146889,CAT017,scenic,viewpoint,viewpoint,True,osm_rule,high
OSM_node_4414778348,CAT003,natural,landscape,cave,True,osm_rule,high
OSM_node_4504835990,CAT018,other,attraction,general_attraction,True,osm_rule,high
OSM_node_4539362110,CAT011,culture,museum,museum,True,osm_rule,high
OSM_node_4565113392,CAT006,heritage,historical,monument,True,osm_rule,high
OSM_node_4567308091,CAT018,other,attraction,general_attraction,True,osm_rule,high
OSM_node_4652806259,CAT001,natural,landscape,mountain,True,osm_rule,high
OSM_node_4655295495,CAT001,natural,landscape,mountain,True,osm_rule,high
OSM_node_4655295496,CAT001,natural,landscape,mountain,True,osm_rule,high
OSM_node_4707770347,CAT001,natural,landscape,mountain,True,osm_rule,high
OSM_node_4707770400,CAT001,natural,landscape,mountain,True,osm_rule,high
OSM_node_4712021579,CAT001,natural,landscape,mountain,True,osm_rule,high
OSM_node_4712021582,CAT001,natural,landscape,mountain,True,osm_rule,high
OSM_node_4712809819,CAT001,natural,landscape,mountain,True,osm_rule,high
OSM_node_4862104723,CAT018,other,attraction,general_attraction,True,osm_rule,high
OSM_node_4929589834,CAT018,other,attraction,general_attraction,True,osm_rule,high
OSM_node_5112141922,CAT003,natural,landscape,cave,True,osm_rule,high
OSM_node_5191527721,CAT018,other,attraction,general_attraction,True,osm_rule,high
OSM_node_5250159922,CAT018,other,attraction,general_attraction,True,osm_rule,high
OSM_node_5294733035,CAT018,other,attraction,general_attraction,True,osm_rule,high
OSM_node_5303305522,CAT018,other,attraction,general_attraction,True,osm_rule,high
OSM_node_5305531028,CAT003,natural,landscape,cave,True,osm_rule,high
OSM_node_5346495931,CAT018,other,attraction,general_attraction,True,osm_rule,high
OSM_node_5346893021,CAT017,scenic,viewpoint,viewpoint,True,osm_rule,high
OSM_node_5348524424,CAT017,scenic,viewpoint,viewpoint,True,osm_rule,high
OSM_node_5350591721,CAT006,heritage,historical,monument,True,osm_rule,high
OSM_node_5350977622,CAT018,other,attraction,general_attraction,True,osm_rule,high
OSM_node_5354274231,CAT017,scenic,viewpoint,viewpoint,True,osm_rule,high
OSM_node_5354274233,CAT018,other,attraction,general_attraction,True,osm_rule,high
OSM_node_5354274235,CAT018,other,attraction,general_attraction,True,osm_rule,high
OSM_node_5354274324,CAT018,other,attraction,general_attraction,True,osm_rule,high
OSM_node_5354281321,CAT018,other,attraction,general_attraction,True,osm_rule,high
OSM_node_5354307921,CAT018,other,attraction,general_attraction,True,osm_rule,high
OSM_node_5354310121,CAT018,other,attraction,general_attraction,True,osm_rule,high
OSM_node_5392629123,CAT018,other,attraction,general_attraction,True,osm_rule,high
OSM_node_5417760821,CAT018,other,attraction,general_attraction,True,osm_rule,high
OSM_node_5490168886,CAT018,other,attraction,general_attraction,True,osm_rule,high
OSM_node_5490169135,CAT018,other,attraction,general_attraction,True,osm_rule,high
OSM_node_5490603821,CAT018,other,attraction,general_attraction,True,osm_rule,high
OSM_node_5502405324,CAT017,scenic,viewpoint,viewpoint,True,osm_rule,high
OSM_node_5544886521,CAT018,other,attraction,general_attraction,True,osm_rule,high
OSM_node_5573919622,CAT018,other,attraction,general_attraction,True,osm_rule,high
OSM_node_5615035822,CAT017,scenic,viewpoint,viewpoint,True,osm_rule,high
OSM_node_5661385221,CAT017,scenic,viewpoint,viewpoint,True,osm_rule,high
OSM_node_5725299021,CAT018,other,attraction,general_attraction,True,osm_rule,high
OSM_node_5765863353,CAT018,other,attraction,general_attraction,True,osm_rule,high
OSM_node_5937352852,CAT001,natural,landscape,mountain,True,osm_rule,high
OSM_node_6030274813,CAT018,other,attraction,general_attraction,True,osm_rule,high
OSM_node_6296921285,CAT017,scenic,viewpoint,viewpoint,True,osm_rule,high
OSM_node_6366200005,CAT003,natural,landscape,cave,True,osm_rule,high
OSM_node_6458081785,CAT003,natural,landscape,cave,True,osm_rule,high
OSM_node_6841107486,CAT017,scenic,viewpoint,viewpoint,True,osm_rule,high
OSM_node_6872778385,CAT018,other,attraction,general_attraction,True,osm_rule,high
OSM_node_7022955585,CAT017,scenic,viewpoint,viewpoint,True,osm_rule,high
OSM_node_7023052886,CAT017,scenic,viewpoint,viewpoint,True,osm_rule,high
OSM_node_7043079085,CAT018,other,attraction,general_attraction,True,osm_rule,high
OSM_node_7056289885,CAT017,scenic,viewpoint,viewpoint,True,osm_rule,high
OSM_node_7060605287,CAT018,other,attraction,general_attraction,True,osm_rule,high
OSM_node_7104326885,CAT017,scenic,viewpoint,viewpoint,True,osm_rule,high
OSM_node_7147741585,CAT017,scenic,viewpoint,viewpoint,True,osm_rule,high
OSM_node_7178651085,CAT017,scenic,viewpoint,viewpoint,True,osm_rule,high
OSM_node_7179065385,CAT011,culture,museum,museum,True,osm_rule,high
OSM_node_7577790285,CAT018,other,attraction,general_attraction,True,osm_rule,high
OSM_node_7577790286,CAT018,other,attraction,general_attraction,True,osm_rule,high
OSM_node_9942272682,CAT003,natural,landscape,cave,True,osm_rule,high
OSM_node_9959235417,CAT018,other,attraction,general_attraction,True,osm_rule,high
OSM_node_9959238017,CAT018,other,attraction,general_attraction,True,osm_rule,high
OSM_node_9959249817,CAT018,other,attraction,general_attraction,True,osm_rule,high
OSM_node_9959262317,CAT018,other,attraction,general_attraction,True,osm_rule,high
OSM_node_9959341317,CAT018,other,attraction,general_attraction,True,osm_rule,high
OSM_node_9959347517,CAT018,other,attraction,general_attraction,True,osm_rule,high
OSM_node_9959352817,CAT018,other,attraction,general_attraction,True,osm_rule,high
OSM_node_9959356317,CAT018,other,attraction,general_attraction,True,osm_rule,high
OSM_node_9959358317,CAT018,other,attraction,general_attraction,True,osm_rule,high
OSM_node_9959630517,CAT018,other,attraction,general_attraction,True,osm_rule,high
OSM_node_9959686917,CAT018,other,attraction,general_attraction,True,osm_rule,high
OSM_node_10220706855,CAT003,natural,landscape,cave,True,osm_rule,high
OSM_node_10220706862,CAT018,other,attraction,general_attraction,True,osm_rule,high
OSM_node_10273061015,CAT001,natural,landscape,mountain,True,osm_rule,high
OSM_node_10538442209,CAT017,scenic,viewpoint,viewpoint,True,osm_rule,high
OSM_node_10709724419,CAT018,other,attraction,general_attraction,True,osm_rule,high
OSM_node_10969138005,CAT006,heritage,historical,monument,True,osm_rule,high
OSM_node_11054434696,CAT013,recreation,park,public_park,True,osm_rule,high
OSM_node_11162900606,CAT003,natural,landscape,cave,True,osm_rule,high
OSM_node_11162905907,CAT003,natural,landscape,cave,True,osm_rule,high
OSM_node_11162906105,CAT018,other,attraction,general_attraction,True,osm_rule,high
OSM_node_11162906905,CAT003,natural,landscape,cave,True,osm_rule,high
OSM_node_11286231769,CAT003,natural,landscape,cave,True,osm_rule,high
OSM_node_11385523969,CAT018,other,attraction,general_attraction,True,osm_rule,high
OSM_node_11411521069,CAT006,heritage,historical,monument,True,osm_rule,high
OSM_node_11599424101,CAT001,natural,landscape,mountain,True,osm_rule,high
OSM_node_11611561783,CAT001,natural,landscape,mountain,True,osm_rule,high
OSM_node_11611836365,CAT001,natural,landscape,mountain,True,osm_rule,high
OSM_node_11611836366,CAT001,natural,landscape,mountain,True,osm_rule,high
OSM_node_11611836367,CAT001,natural,landscape,mountain,True,osm_rule,high
OSM_node_11640741669,CAT012,culture,arts,gallery,True,osm_rule,high
OSM_node_11649657065,CAT001,natural,landscape,mountain,True,osm_rule,high
OSM_node_11649657066,CAT001,natural,landscape,mountain,True,osm_rule,high
OSM_node_11659471118,CAT001,natural,landscape,mountain,True,osm_rule,high
OSM_node_11663776952,CAT001,natural,landscape,mountain,True,osm_rule,high
OSM_node_11663829930,CAT001,natural,landscape,mountain,True,osm_rule,high
OSM_node_11693224869,CAT003,natural,landscape,cave,True,osm_rule,high
OSM_node_11693224969,CAT003,natural,landscape,cave,True,osm_rule,high
OSM_node_11737451206,CAT001,natural,landscape,mountain,True,osm_rule,high
OSM_node_11737478449,CAT001,natural,landscape,mountain,True,osm_rule,high
OSM_node_11737478524,CAT001,natural,landscape,mountain,True,osm_rule,high
OSM_node_11817368171,CAT001,natural,landscape,mountain,True,osm_rule,high
OSM_node_11817368174,CAT001,natural,landscape,mountain,True,osm_rule,high
OSM_node_11913629654,CAT018,other,attraction,general_attraction,True,osm_rule,high
OSM_node_12309522701,CAT018,other,attraction,general_attraction,True,osm_rule,high
OSM_node_12692236473,CAT003,natural,landscape,cave,True,osm_rule,high
OSM_node_12747186001,CAT018,other,attraction,general_attraction,True,osm_rule,high
OSM_node_12767619601,CAT018,other,attraction,general_attraction,True,osm_rule,high
OSM_node_12767619701,CAT017,scenic,viewpoint,viewpoint,True,osm_rule,high
OSM_node_13298789701,CAT018,other,attraction,general_attraction,True,osm_rule,high
OSM_node_13392912624,CAT018,other,attraction,general_attraction,True,osm_rule,high
OSM_node_13399339701,CAT011,culture,museum,museum,True,osm_rule,high
OSM_node_13426370367,CAT018,other,attraction,general_attraction,True,osm_rule,high
OSM_node_13475984320,CAT003,natural,landscape,cave,True,osm_rule,high
OSM_node_13508679485,CAT018,other,attraction,general_attraction,True,osm_rule,high
OSM_node_13566134366,CAT003,natural,landscape,cave,True,osm_rule,high
OSM_node_13850065029,CAT013,recreation,park,public_park,True,osm_rule,high
OSM_way_242169982,CAT008,heritage,historical,archaeological_site,True,osm_rule,high
OSM_way_449263543,CAT018,other,attraction,general_attraction,True,osm_rule,high
OSM_way_449263544,CAT018,other,attraction,general_attraction,True,osm_rule,high
OSM_way_449263545,CAT018,other,attraction,general_attraction,True,osm_rule,high
OSM_way_449263547,CAT018,other,attraction,general_attraction,True,osm_rule,high
OSM_way_449263549,CAT018,other,attraction,general_attraction,True,osm_rule,high
OSM_way_449266754,CAT018,other,attraction,general_attraction,True,osm_rule,high
OSM_way_474584441,CAT018,other,attraction,general_attraction,True,osm_rule,high
OSM_way_478007377,CAT004,natural,coastal,beach,True,osm_rule,high
OSM_way_586046883,CAT013,recreation,park,public_park,True,osm_rule,high
OSM_way_628802265,CAT013,recreation,park,public_park,True,osm_rule,high
OSM_way_647769584,CAT013,recreation,park,public_park,True,osm_rule,high
OSM_way_674427693,CAT013,recreation,park,public_park,True,osm_rule,high
OSM_way_675939898,CAT013,recreation,park,public_park,True,osm_rule,high
OSM_way_675946666,CAT013,recreation,park,public_park,True,osm_rule,high
OSM_way_677781398,CAT013,recreation,park,public_park,True,osm_rule,high
OSM_way_688120166,CAT013,recreation,park,public_park,True,osm_rule,high
OSM_way_762771467,CAT011,culture,museum,museum,True,osm_rule,high
OSM_way_854048932,CAT007,heritage,historical,ruins,True,osm_rule,high
OSM_way_1019050240,CAT011,culture,museum,museum,True,osm_rule,high
OSM_way_1057862518,CAT011,culture,museum,museum,True,osm_rule,high
OSM_way_1091138644,CAT013,recreation,park,public_park,True,osm_rule,high
OSM_way_1105978776,CAT013,recreation,park,public_park,True,osm_rule,high
OSM_way_1105978777,CAT013,recreation,park,public_park,True,osm_rule,high
OSM_way_1167351211,CAT011,culture,museum,museum,True,osm_rule,high
OSM_way_1362964177,CAT018,other,attraction,general_attraction,True,osm_rule,high
OSM_way_1362964199,CAT018,other,attraction,general_attraction,True,osm_rule,high
OSM_way_1427714285,CAT006,heritage,historical,monument,True,osm_rule,high
OSM_node_560066160,CAT001,natural,landscape,mountain,True,osm_rule,high
OSM_node_4716407163,CAT001,natural,landscape,mountain,True,osm_rule,high
OSM_node_4731719622,CAT006,heritage,historical,monument,True,osm_rule,high
OSM_node_5220854523,CAT017,scenic,viewpoint,viewpoint,True,osm_rule,high
OSM_node_5328620221,CAT018,other,attraction,general_attraction,True,osm_rule,high
OSM_node_5328620321,CAT018,other,attraction,general_attraction,True,osm_rule,high
OSM_node_5328620322,CAT018,other,attraction,general_attraction,True,osm_rule,high
OSM_node_5328620323,CAT018,other,attraction,general_attraction,True,osm_rule,high
OSM_node_5328620421,CAT018,other,attraction,general_attraction,True,osm_rule,high
OSM_node_5344826725,CAT018,other,attraction,general_attraction,True,osm_rule,high
OSM_node_5344833026,CAT018,other,attraction,general_attraction,True,osm_rule,high
OSM_node_5344833031,CAT018,other,attraction,general_attraction,True,osm_rule,high
OSM_node_5344833033,CAT018,other,attraction,general_attraction,True,osm_rule,high
OSM_node_5344833034,CAT018,other,attraction,general_attraction,True,osm_rule,high
OSM_node_5344833035,CAT011,culture,museum,museum,True,osm_rule,high
OSM_node_5344833129,CAT018,other,attraction,general_attraction,True,osm_rule,high
OSM_node_5344833130,CAT018,other,attraction,general_attraction,True,osm_rule,high
OSM_node_5346495927,CAT017,scenic,viewpoint,viewpoint,True,osm_rule,high
OSM_node_5346495929,CAT006,heritage,historical,monument,True,osm_rule,high
OSM_node_5346677123,CAT017,scenic,viewpoint,viewpoint,True,osm_rule,high
OSM_node_5346677124,CAT006,heritage,historical,monument,True,osm_rule,high
OSM_node_5637886421,CAT018,other,attraction,general_attraction,True,osm_rule,high
OSM_node_6322104886,CAT006,heritage,historical,monument,True,osm_rule,high
OSM_node_7222485386,CAT018,other,attraction,general_attraction,True,osm_rule,high
OSM_node_7261144420,CAT006,heritage,historical,monument,True,osm_rule,high
OSM_node_8616860118,CAT011,culture,museum,museum,True,osm_rule,high
OSM_node_9331310775,CAT018,other,attraction,general_attraction,True,osm_rule,high
OSM_node_9401725185,CAT011,culture,museum,museum,True,osm_rule,high
OSM_node_9828428026,CAT001,natural,landscape,mountain,True,osm_rule,high
OSM_node_9959749517,CAT018,other,attraction,general_attraction,True,osm_rule,high
OSM_node_9959751217,CAT018,other,attraction,general_attraction,True,osm_rule,high
OSM_node_9959751218,CAT018,other,attraction,general_attraction,True,osm_rule,high
OSM_node_9959766817,CAT018,other,attraction,general_attraction,True,osm_rule,high
OSM_node_9959781117,CAT018,other,attraction,general_attraction,True,osm_rule,high
OSM_node_9959791417,CAT018,other,attraction,general_attraction,True,osm_rule,high
OSM_node_11590307184,CAT001,natural,landscape,mountain,True,osm_rule,high
OSM_node_11596192864,CAT001,natural,landscape,mountain,True,osm_rule,high
OSM_node_11659323167,CAT001,natural,landscape,mountain,True,osm_rule,high
OSM_node_11659471117,CAT001,natural,landscape,mountain,True,osm_rule,high
OSM_node_11662224969,CAT001,natural,landscape,mountain,True,osm_rule,high
OSM_node_11662224970,CAT001,natural,landscape,mountain,True,osm_rule,high
OSM_node_11752393261,CAT001,natural,landscape,mountain,True,osm_rule,high
OSM_node_11781567847,CAT001,natural,landscape,mountain,True,osm_rule,high
OSM_node_11795877023,CAT001,natural,landscape,mountain,True,osm_rule,high
OSM_node_11795877024,CAT001,natural,landscape,mountain,True,osm_rule,high
OSM_node_12307485121,CAT001,natural,landscape,mountain,True,osm_rule,high
OSM_node_12356484833,CAT001,natural,landscape,mountain,True,osm_rule,high
OSM_node_12356484834,CAT001,natural,landscape,mountain,True,osm_rule,high
OSM_node_12632851573,CAT011,culture,museum,museum,True,osm_rule,high
OSM_node_12632937281,CAT003,natural,landscape,cave,True,osm_rule,high
OSM_node_12909422696,CAT013,recreation,park,public_park,True,osm_rule,high
OSM_node_13038535919,CAT006,heritage,historical,monument,True,osm_rule,high
OSM_way_450192447,CAT013,recreation,park,public_park,True,osm_rule,high
OSM_way_450192462,CAT013,recreation,park,public_park,True,osm_rule,high
OSM_way_450295598,CAT013,recreation,park,public_park,True,osm_rule,high
OSM_way_885788725,CAT013,recreation,park,public_park,True,osm_rule,high
OSM_way_1286228645,CAT014,recreation,amusement,theme_park,True,osm_rule,high
OSM_node_1336276437,CAT001,natural,landscape,mountain,True,osm_rule,high
OSM_node_4322571390,CAT006,heritage,historical,monument,True,osm_rule,high
OSM_node_4322626895,CAT017,scenic,viewpoint,viewpoint,True,osm_rule,high
OSM_node_4409284591,CAT006,heritage,historical,monument,True,osm_rule,high
OSM_node_4409318890,CAT006,heritage,historical,monument,True,osm_rule,high
OSM_node_4718779738,CAT001,natural,landscape,mountain,True,osm_rule,high
OSM_node_4719882425,CAT005,natural,coastal,cape,True,osm_rule,high
OSM_node_4795078123,CAT018,other,attraction,general_attraction,True,osm_rule,high
OSM_node_5342661925,CAT017,scenic,viewpoint,viewpoint,True,osm_rule,high
OSM_node_5342661928,CAT006,heritage,historical,monument,True,osm_rule,high
OSM_node_5342661930,CAT018,other,attraction,general_attraction,True,osm_rule,high
OSM_node_5342669823,CAT018,other,attraction,general_attraction,True,osm_rule,high
OSM_node_5344833123,CAT018,other,attraction,general_attraction,True,osm_rule,high
OSM_node_5585389621,CAT018,other,attraction,general_attraction,True,osm_rule,high
OSM_node_5662165721,CAT018,other,attraction,general_attraction,True,osm_rule,high
OSM_node_6841107787,CAT017,scenic,viewpoint,viewpoint,True,osm_rule,high
OSM_node_7123620785,CAT018,other,attraction,general_attraction,True,osm_rule,high
OSM_node_7151245886,CAT018,other,attraction,general_attraction,True,osm_rule,high
OSM_node_7151263685,CAT018,other,attraction,general_attraction,True,osm_rule,high
OSM_node_7153002085,CAT018,other,attraction,general_attraction,True,osm_rule,high
OSM_node_7350835585,CAT017,scenic,viewpoint,viewpoint,True,osm_rule,high
OSM_node_8178359616,CAT001,natural,landscape,mountain,True,osm_rule,high
OSM_node_8250669293,CAT018,other,attraction,general_attraction,True,osm_rule,high
OSM_node_9040900717,CAT006,heritage,historical,monument,True,osm_rule,high
OSM_node_9959764118,CAT018,other,attraction,general_attraction,True,osm_rule,high
OSM_node_9959859717,CAT018,other,attraction,general_attraction,True,osm_rule,high
OSM_node_9959918819,CAT018,other,attraction,general_attraction,True,osm_rule,high
OSM_node_9959938727,CAT018,other,attraction,general_attraction,True,osm_rule,high
OSM_node_9959954817,CAT018,other,attraction,general_attraction,True,osm_rule,high
OSM_node_9959960017,CAT018,other,attraction,general_attraction,True,osm_rule,high
OSM_node_10273061067,CAT001,natural,landscape,mountain,True,osm_rule,high
OSM_node_10273061068,CAT001,natural,landscape,mountain,True,osm_rule,high
OSM_node_10303616089,CAT001,natural,landscape,mountain,True,osm_rule,high
OSM_node_11737901464,CAT001,natural,landscape,mountain,True,osm_rule,high
OSM_node_11737901465,CAT001,natural,landscape,mountain,True,osm_rule,high
OSM_node_11742735319,CAT001,natural,landscape,mountain,True,osm_rule,high
OSM_node_11742735320,CAT005,natural,coastal,cape,True,osm_rule,high
OSM_node_11742735321,CAT005,natural,coastal,cape,True,osm_rule,high
OSM_node_11752393262,CAT001,natural,landscape,mountain,True,osm_rule,high
OSM_node_11787127095,CAT001,natural,landscape,mountain,True,osm_rule,high
OSM_node_11803189558,CAT001,natural,landscape,mountain,True,osm_rule,high
OSM_node_11843033713,CAT001,natural,landscape,mountain,True,osm_rule,high
OSM_node_11843033714,CAT001,natural,landscape,mountain,True,osm_rule,high
OSM_node_12356484835,CAT001,natural,landscape,mountain,True,osm_rule,high
OSM_node_12721857901,CAT006,heritage,historical,monument,True,osm_rule,high
OSM_way_367547100,CAT013,recreation,park,public_park,True,osm_rule,high
OSM_way_367757195,CAT013,recreation,park,public_park,True,osm_rule,high
OSM_way_478473546,CAT007,heritage,historical,ruins,True,osm_rule,high
OSM_way_556954981,CAT013,recreation,park,public_park,True,osm_rule,high
OSM_way_733348608,CAT013,recreation,park,public_park,True,osm_rule,high
OSM_way_1131961992,CAT014,recreation,amusement,theme_park,True,osm_rule,high
OSM_way_1456837244,CAT004,natural,coastal,beach,True,osm_rule,high
OSM_node_1011648564,CAT018,other,attraction,general_attraction,True,osm_rule,high
OSM_node_1016630457,CAT003,natural,landscape,cave,True,osm_rule,high
OSM_node_1016630575,CAT003,natural,landscape,cave,True,osm_rule,high
OSM_node_1016630582,CAT011,culture,museum,museum,True,osm_rule,high
OSM_node_1016630618,CAT003,natural,landscape,cave,True,osm_rule,high
OSM_node_1016631030,CAT006,heritage,historical,monument,True,osm_rule,high
OSM_node_1016631101,CAT011,culture,museum,museum,True,osm_rule,high
OSM_node_1016631618,CAT003,natural,landscape,cave,True,osm_rule,high
OSM_node_1077141940,CAT006,heritage,historical,monument,True,osm_rule,high
OSM_node_1336472910,CAT001,natural,landscape,mountain,True,osm_rule,high
OSM_node_1336602595,CAT005,natural,coastal,cape,True,osm_rule,high
OSM_node_2940218996,CAT003,natural,landscape,cave,True,osm_rule,high
OSM_node_3093700681,CAT003,natural,landscape,cave,True,osm_rule,high
OSM_node_3100293997,CAT006,heritage,historical,monument,True,osm_rule,high
OSM_node_3141269667,CAT006,heritage,historical,monument,True,osm_rule,high
OSM_node_3157796075,CAT003,natural,landscape,cave,True,osm_rule,high
OSM_node_3499295493,CAT003,natural,landscape,cave,True,osm_rule,high
OSM_node_3499399984,CAT018,other,attraction,general_attraction,True,osm_rule,high
OSM_node_3499399985,CAT003,natural,landscape,cave,True,osm_rule,high
OSM_node_3516472422,CAT004,natural,coastal,beach,True,osm_rule,high
OSM_node_3869480198,CAT001,natural,landscape,mountain,True,osm_rule,high
OSM_node_3869591121,CAT001,natural,landscape,mountain,True,osm_rule,high
OSM_node_4316781594,CAT003,natural,landscape,cave,True,osm_rule,high
OSM_node_4318938089,CAT018,other,attraction,general_attraction,True,osm_rule,high
OSM_node_4322557289,CAT017,scenic,viewpoint,viewpoint,True,osm_rule,high
OSM_node_4351210790,CAT006,heritage,historical,monument,True,osm_rule,high
OSM_node_4387487189,CAT006,heritage,historical,monument,True,osm_rule,high
OSM_node_4387489190,CAT018,other,attraction,general_attraction,True,osm_rule,high
OSM_node_4408961590,CAT006,heritage,historical,monument,True,osm_rule,high
OSM_node_4408964589,CAT006,heritage,historical,monument,True,osm_rule,high
OSM_node_4408967891,CAT007,heritage,historical,ruins,True,osm_rule,high
OSM_node_4408992191,CAT006,heritage,historical,monument,True,osm_rule,high
OSM_node_4408994091,CAT006,heritage,historical,monument,True,osm_rule,high
OSM_node_4409003190,CAT003,natural,landscape,cave,True,osm_rule,high
OSM_node_4409014090,CAT006,heritage,historical,monument,True,osm_rule,high
OSM_node_4409014091,CAT006,heritage,historical,monument,True,osm_rule,high
OSM_node_4409198189,CAT006,heritage,historical,monument,True,osm_rule,high
OSM_node_4409245091,CAT018,other,attraction,general_attraction,True,osm_rule,high
OSM_node_4409284590,CAT018,other,attraction,general_attraction,True,osm_rule,high
OSM_node_4409288093,CAT015,recreation,amusement,water_park,True,osm_rule,high
OSM_node_4411036589,CAT006,heritage,historical,monument,True,osm_rule,high
OSM_node_4534959790,CAT018,other,attraction,general_attraction,True,osm_rule,high
OSM_node_4628661390,CAT018,other,attraction,general_attraction,True,osm_rule,high
OSM_node_4667117489,CAT018,other,attraction,general_attraction,True,osm_rule,high
OSM_node_4719882691,CAT005,natural,coastal,cape,True,osm_rule,high
OSM_node_4721498690,CAT017,scenic,viewpoint,viewpoint,True,osm_rule,high
OSM_node_4724191813,CAT001,natural,landscape,mountain,True,osm_rule,high
OSM_node_4724191842,CAT001,natural,landscape,mountain,True,osm_rule,high
OSM_node_4724192243,CAT001,natural,landscape,mountain,True,osm_rule,high
OSM_node_4732248823,CAT006,heritage,historical,monument,True,osm_rule,high
OSM_node_4782144621,CAT018,other,attraction,general_attraction,True,osm_rule,high
OSM_node_4906097121,CAT018,other,attraction,general_attraction,True,osm_rule,high
OSM_node_4906097122,CAT018,other,attraction,general_attraction,True,osm_rule,high
OSM_node_4918616521,CAT018,other,attraction,general_attraction,True,osm_rule,high
OSM_node_4946696724,CAT018,other,attraction,general_attraction,True,osm_rule,high
OSM_node_4946702521,CAT018,other,attraction,general_attraction,True,osm_rule,high
OSM_node_5053995521,CAT011,culture,museum,museum,True,osm_rule,high
OSM_node_5063396623,CAT003,natural,landscape,cave,True,osm_rule,high
OSM_node_5126103952,CAT011,culture,museum,museum,True,osm_rule,high
OSM_node_5126103953,CAT011,culture,museum,museum,True,osm_rule,high
OSM_node_5137781822,CAT011,culture,museum,museum,True,osm_rule,high
OSM_node_5137781823,CAT011,culture,museum,museum,True,osm_rule,high
OSM_node_5137800021,CAT011,culture,museum,museum,True,osm_rule,high
OSM_node_5137801721,CAT011,culture,museum,museum,True,osm_rule,high
OSM_node_5137801722,CAT011,culture,museum,museum,True,osm_rule,high
OSM_node_5172550125,CAT018,other,attraction,general_attraction,True,osm_rule,high
OSM_node_5174972221,CAT018,other,attraction,general_attraction,True,osm_rule,high
OSM_node_5217494921,CAT018,other,attraction,general_attraction,True,osm_rule,high
OSM_node_5323866724,CAT018,other,attraction,general_attraction,True,osm_rule,high
OSM_node_5324019521,CAT006,heritage,historical,monument,True,osm_rule,high
OSM_node_5324019524,CAT006,heritage,historical,monument,True,osm_rule,high
OSM_node_5332978922,CAT018,other,attraction,general_attraction,True,osm_rule,high
OSM_node_5334861221,CAT018,other,attraction,general_attraction,True,osm_rule,high
OSM_node_5334861321,CAT018,other,attraction,general_attraction,True,osm_rule,high
OSM_node_5334861322,CAT018,other,attraction,general_attraction,True,osm_rule,high
OSM_node_5336819322,CAT018,other,attraction,general_attraction,True,osm_rule,high
OSM_node_5336847622,CAT018,other,attraction,general_attraction,True,osm_rule,high
OSM_node_5339006724,CAT006,heritage,historical,monument,True,osm_rule,high
OSM_node_5339019721,CAT018,other,attraction,general_attraction,True,osm_rule,high
OSM_node_5339081323,CAT018,other,attraction,general_attraction,True,osm_rule,high
OSM_node_5340127522,CAT018,other,attraction,general_attraction,True,osm_rule,high
OSM_node_5340127523,CAT018,other,attraction,general_attraction,True,osm_rule,high
OSM_node_5340127524,CAT018,other,attraction,general_attraction,True,osm_rule,high
OSM_node_5340127526,CAT018,other,attraction,general_attraction,True,osm_rule,high
OSM_node_5340128521,CAT018,other,attraction,general_attraction,True,osm_rule,high
OSM_node_5342661923,CAT017,scenic,viewpoint,viewpoint,True,osm_rule,high
OSM_node_5342669821,CAT006,heritage,historical,monument,True,osm_rule,high
OSM_node_5342669822,CAT017,scenic,viewpoint,viewpoint,True,osm_rule,high
OSM_node_5353612634,CAT006,heritage,historical,monument,True,osm_rule,high
OSM_node_5468811486,CAT018,other,attraction,general_attraction,True,osm_rule,high
OSM_node_5512466121,CAT003,natural,landscape,cave,True,osm_rule,high
OSM_node_5538133321,CAT018,other,attraction,general_attraction,True,osm_rule,high
OSM_node_5573531923,CAT018,other,attraction,general_attraction,True,osm_rule,high
OSM_node_5653697321,CAT017,scenic,viewpoint,viewpoint,True,osm_rule,high
OSM_node_5653706622,CAT017,scenic,viewpoint,viewpoint,True,osm_rule,high
OSM_node_5745158221,CAT018,other,attraction,general_attraction,True,osm_rule,high
OSM_node_5789921955,CAT018,other,attraction,general_attraction,True,osm_rule,high
OSM_node_5860705502,CAT018,other,attraction,general_attraction,True,osm_rule,high
OSM_node_5892605886,CAT017,scenic,viewpoint,viewpoint,True,osm_rule,high
OSM_node_5914162435,CAT018,other,attraction,general_attraction,True,osm_rule,high
OSM_node_6059919486,CAT018,other,attraction,general_attraction,True,osm_rule,high
OSM_node_6114429390,CAT017,scenic,viewpoint,viewpoint,True,osm_rule,high
OSM_node_6114438286,CAT003,natural,landscape,cave,True,osm_rule,high
OSM_node_6235517986,CAT017,scenic,viewpoint,viewpoint,True,osm_rule,high
OSM_node_6293118385,CAT017,scenic,viewpoint,viewpoint,True,osm_rule,high
OSM_node_6297199585,CAT018,other,attraction,general_attraction,True,osm_rule,high
OSM_node_6346469051,CAT006,heritage,historical,monument,True,osm_rule,high
OSM_node_6346469056,CAT006,heritage,historical,monument,True,osm_rule,high
OSM_node_6346469058,CAT006,heritage,historical,monument,True,osm_rule,high
OSM_node_6346469064,CAT006,heritage,historical,monument,True,osm_rule,high
OSM_node_6358064546,CAT003,natural,landscape,cave,True,osm_rule,high
OSM_node_6390566885,CAT018,other,attraction,general_attraction,True,osm_rule,high
OSM_node_6425488885,CAT017,scenic,viewpoint,viewpoint,True,osm_rule,high
OSM_node_6534907286,CAT018,other,attraction,general_attraction,True,osm_rule,high
OSM_node_6641274686,CAT018,other,attraction,general_attraction,True,osm_rule,high
OSM_node_6669331492,CAT006,heritage,historical,monument,True,osm_rule,high
OSM_node_6673009585,CAT017,scenic,viewpoint,viewpoint,True,osm_rule,high
OSM_node_6842593885,CAT017,scenic,viewpoint,viewpoint,True,osm_rule,high
OSM_node_6888021585,CAT017,scenic,viewpoint,viewpoint,True,osm_rule,high
OSM_node_7013176085,CAT018,other,attraction,general_attraction,True,osm_rule,high
OSM_node_7125331085,CAT006,heritage,historical,monument,True,osm_rule,high
OSM_node_7125331185,CAT017,scenic,viewpoint,viewpoint,True,osm_rule,high
OSM_node_7160208485,CAT017,scenic,viewpoint,viewpoint,True,osm_rule,high
OSM_node_7160233887,CAT018,other,attraction,general_attraction,True,osm_rule,high
OSM_node_7162264885,CAT017,scenic,viewpoint,viewpoint,True,osm_rule,high
OSM_node_7185674485,CAT017,scenic,viewpoint,viewpoint,True,osm_rule,high
OSM_node_7298324386,CAT006,heritage,historical,monument,True,osm_rule,high
OSM_node_7300993488,CAT006,heritage,historical,monument,True,osm_rule,high
OSM_node_7351312188,CAT017,scenic,viewpoint,viewpoint,True,osm_rule,high
OSM_node_7353536685,CAT018,other,attraction,general_attraction,True,osm_rule,high
OSM_node_7384273185,CAT018,other,attraction,general_attraction,True,osm_rule,high
OSM_node_7414666686,CAT018,other,attraction,general_attraction,True,osm_rule,high
OSM_node_7557843785,CAT017,scenic,viewpoint,viewpoint,True,osm_rule,high
OSM_node_7639000086,CAT003,natural,landscape,cave,True,osm_rule,high
OSM_node_8018665937,CAT001,natural,landscape,mountain,True,osm_rule,high
OSM_node_8018665938,CAT001,natural,landscape,mountain,True,osm_rule,high
OSM_node_8018665943,CAT001,natural,landscape,mountain,True,osm_rule,high
OSM_node_8074937300,CAT006,heritage,historical,monument,True,osm_rule,high
OSM_node_8079921028,CAT001,natural,landscape,mountain,True,osm_rule,high
OSM_node_8079921350,CAT006,heritage,historical,monument,True,osm_rule,high
OSM_node_8096992938,CAT001,natural,landscape,mountain,True,osm_rule,high
OSM_node_8399738491,CAT006,heritage,historical,monument,True,osm_rule,high
OSM_node_8761892227,CAT001,natural,landscape,mountain,True,osm_rule,high
OSM_node_9580595929,CAT018,other,attraction,general_attraction,True,osm_rule,high
OSM_node_9946489226,CAT004,natural,coastal,beach,True,osm_rule,high
OSM_node_9959954619,CAT018,other,attraction,general_attraction,True,osm_rule,high
OSM_node_9959964318,CAT018,other,attraction,general_attraction,True,osm_rule,high
OSM_node_9959964417,CAT018,other,attraction,general_attraction,True,osm_rule,high
OSM_node_9959967920,CAT018,other,attraction,general_attraction,True,osm_rule,high
OSM_node_9959986717,CAT018,other,attraction,general_attraction,True,osm_rule,high
OSM_node_9959986721,CAT018,other,attraction,general_attraction,True,osm_rule,high
OSM_node_9959987918,CAT018,other,attraction,general_attraction,True,osm_rule,high
OSM_node_9960011618,CAT018,other,attraction,general_attraction,True,osm_rule,high
OSM_node_9960027119,CAT018,other,attraction,general_attraction,True,osm_rule,high
OSM_node_9960036517,CAT018,other,attraction,general_attraction,True,osm_rule,high
OSM_node_9960036518,CAT018,other,attraction,general_attraction,True,osm_rule,high
OSM_node_9960123517,CAT018,other,attraction,general_attraction,True,osm_rule,high
OSM_node_10133138818,CAT018,other,attraction,general_attraction,True,osm_rule,high
OSM_node_10133150917,CAT018,other,attraction,general_attraction,True,osm_rule,high
OSM_node_10239352348,CAT003,natural,landscape,cave,True,osm_rule,high
OSM_node_10239352351,CAT003,natural,landscape,cave,True,osm_rule,high
OSM_node_10239659646,CAT003,natural,landscape,cave,True,osm_rule,high
OSM_node_10239659651,CAT018,other,attraction,general_attraction,True,osm_rule,high
OSM_node_10239660887,CAT003,natural,landscape,cave,True,osm_rule,high
OSM_node_10239678722,CAT018,other,attraction,general_attraction,True,osm_rule,high
OSM_node_10239685067,CAT018,other,attraction,general_attraction,True,osm_rule,high
OSM_node_10605991202,CAT006,heritage,historical,monument,True,osm_rule,high
OSM_node_10610602506,CAT018,other,attraction,general_attraction,True,osm_rule,high
OSM_node_10610632105,CAT018,other,attraction,general_attraction,True,osm_rule,high
OSM_node_10706449459,CAT003,natural,landscape,cave,True,osm_rule,high
OSM_node_10756203755,CAT011,culture,museum,museum,True,osm_rule,high
OSM_node_11147867705,CAT015,recreation,amusement,water_park,True,osm_rule,high
OSM_node_11150092705,CAT014,recreation,amusement,theme_park,True,osm_rule,high
OSM_node_11155986405,CAT003,natural,landscape,cave,True,osm_rule,high
OSM_node_11155986605,CAT018,other,attraction,general_attraction,True,osm_rule,high
OSM_node_11663933869,CAT018,other,attraction,general_attraction,True,osm_rule,high
OSM_node_11663934369,CAT003,natural,landscape,cave,True,osm_rule,high
OSM_node_11671343469,CAT003,natural,landscape,cave,True,osm_rule,high
OSM_node_11681491670,CAT018,other,attraction,general_attraction,True,osm_rule,high
OSM_node_11681491869,CAT018,other,attraction,general_attraction,True,osm_rule,high
OSM_node_11716257513,CAT001,natural,landscape,mountain,True,osm_rule,high
OSM_node_11726862167,CAT001,natural,landscape,mountain,True,osm_rule,high
OSM_node_11731450954,CAT001,natural,landscape,mountain,True,osm_rule,high
OSM_node_11752495105,CAT001,natural,landscape,mountain,True,osm_rule,high
OSM_node_11806583939,CAT001,natural,landscape,mountain,True,osm_rule,high
OSM_node_11806583940,CAT001,natural,landscape,mountain,True,osm_rule,high
OSM_node_11806583941,CAT001,natural,landscape,mountain,True,osm_rule,high
OSM_node_11806583942,CAT001,natural,landscape,mountain,True,osm_rule,high
OSM_node_11841319471,CAT003,natural,landscape,cave,True,osm_rule,high
OSM_node_11841319516,CAT003,natural,landscape,cave,True,osm_rule,high
OSM_node_11841319526,CAT003,natural,landscape,cave,True,osm_rule,high
OSM_node_11841319528,CAT003,natural,landscape,cave,True,osm_rule,high
OSM_node_11841319532,CAT003,natural,landscape,cave,True,osm_rule,high
OSM_node_11841319548,CAT003,natural,landscape,cave,True,osm_rule,high
OSM_node_11841319556,CAT003,natural,landscape,cave,True,osm_rule,high
OSM_node_11841319570,CAT003,natural,landscape,cave,True,osm_rule,high
OSM_node_11841319577,CAT003,natural,landscape,cave,True,osm_rule,high
OSM_node_11841319604,CAT003,natural,landscape,cave,True,osm_rule,high
OSM_node_11841827858,CAT018,other,attraction,general_attraction,True,osm_rule,high
OSM_node_12507462329,CAT018,other,attraction,general_attraction,True,osm_rule,high
OSM_node_12721839901,CAT006,heritage,historical,monument,True,osm_rule,high
OSM_node_13103961466,CAT017,scenic,viewpoint,viewpoint,True,osm_rule,high
OSM_node_13103977202,CAT017,scenic,viewpoint,viewpoint,True,osm_rule,high
OSM_node_13155901021,CAT013,recreation,park,public_park,True,osm_rule,high
OSM_node_13600544580,CAT003,natural,landscape,cave,True,osm_rule,high
OSM_node_13600544582,CAT003,natural,landscape,cave,True,osm_rule,high
OSM_node_13626286601,CAT001,natural,landscape,mountain,True,osm_rule,high
OSM_node_14055943401,CAT018,other,attraction,general_attraction,True,osm_rule,high
OSM_way_150456654,CAT013,recreation,park,public_park,True,osm_rule,high
OSM_way_305408029,CAT013,recreation,park,public_park,True,osm_rule,high
OSM_way_343077412,CAT018,other,attraction,general_attraction,True,osm_rule,high
OSM_way_344918977,CAT011,culture,museum,museum,True,osm_rule,high
OSM_way_344918978,CAT011,culture,museum,museum,True,osm_rule,high
OSM_way_344918979,CAT006,heritage,historical,monument,True,osm_rule,high
OSM_way_446194448,CAT018,other,attraction,general_attraction,True,osm_rule,high
OSM_way_693903041,CAT004,natural,coastal,beach,True,osm_rule,high
OSM_way_693903044,CAT004,natural,coastal,beach,True,osm_rule,high
OSM_way_848688745,CAT006,heritage,historical,monument,True,osm_rule,high
OSM_way_866849206,CAT006,heritage,historical,monument,True,osm_rule,high
OSM_way_870400500,CAT011,culture,museum,museum,True,osm_rule,high
OSM_way_940004472,CAT018,other,attraction,general_attraction,True,osm_rule,high
OSM_way_975348816,CAT006,heritage,historical,monument,True,osm_rule,high
OSM_way_1056249325,CAT013,recreation,park,public_park,True,osm_rule,high
OSM_way_1075506550,CAT006,heritage,historical,monument,True,osm_rule,high
OSM_way_1135866105,CAT013,recreation,park,public_park,True,osm_rule,high
OSM_way_1184773521,CAT013,recreation,park,public_park,True,osm_rule,high
OSM_way_1189797496,CAT006,heritage,historical,monument,True,osm_rule,high
OSM_way_1249903487,CAT013,recreation,park,public_park,True,osm_rule,high
OSM_way_1267152786,CAT018,other,attraction,general_attraction,True,osm_rule,high
OSM_way_1314845892,CAT006,heritage,historical,monument,True,osm_rule,high
OSM_way_1352958969,CAT013,recreation,park,public_park,True,osm_rule,high
OSM_way_1417141258,CAT013,recreation,park,public_park,True,osm_rule,high
OSM_way_1445376799,CAT013,recreation,park,public_park,True,osm_rule,high
OSM_node_134322108,CAT005,natural,coastal,cape,True,osm_rule,high
OSM_node_669249193,CAT007,heritage,historical,ruins,True,osm_rule,high
OSM_node_863542719,CAT001,natural,landscape,mountain,True,osm_rule,high
OSM_node_1036552571,CAT018,other,attraction,general_attraction,True,osm_rule,high
OSM_node_1555254437,CAT005,natural,coastal,cape,True,osm_rule,high
OSM_node_1981026588,CAT018,other,attraction,general_attraction,True,osm_rule,high
OSM_node_2177056870,CAT017,scenic,viewpoint,viewpoint,True,osm_rule,high
OSM_node_2899189013,CAT006,heritage,historical,monument,True,osm_rule,high
OSM_node_3524608431,CAT001,natural,landscape,mountain,True,osm_rule,high
OSM_node_4122433690,CAT001,natural,landscape,mountain,True,osm_rule,high
OSM_node_4171968896,CAT018,other,attraction,general_attraction,True,osm_rule,high
OSM_node_4425212172,CAT006,heritage,historical,monument,True,osm_rule,high
OSM_node_4430357690,CAT018,other,attraction,general_attraction,True,osm_rule,high
OSM_node_4548979091,CAT011,culture,museum,museum,True,osm_rule,high
OSM_node_4555464591,CAT011,culture,museum,museum,True,osm_rule,high
OSM_node_4555491489,CAT006,heritage,historical,monument,True,osm_rule,high
OSM_node_4601507798,CAT017,scenic,viewpoint,viewpoint,True,osm_rule,high
OSM_node_4603986390,CAT018,other,attraction,general_attraction,True,osm_rule,high
OSM_node_4672217692,CAT018,other,attraction,general_attraction,True,osm_rule,high
OSM_node_4693171289,CAT017,scenic,viewpoint,viewpoint,True,osm_rule,high
OSM_node_4729199352,CAT006,heritage,historical,monument,True,osm_rule,high
OSM_node_4741642219,CAT017,scenic,viewpoint,viewpoint,True,osm_rule,high
OSM_node_4786068322,CAT006,heritage,historical,monument,True,osm_rule,high
OSM_node_4791621822,CAT011,culture,museum,museum,True,osm_rule,high
OSM_node_4791640322,CAT006,heritage,historical,monument,True,osm_rule,high
OSM_node_4934339921,CAT018,other,attraction,general_attraction,True,osm_rule,high
OSM_node_4943668921,CAT017,scenic,viewpoint,viewpoint,True,osm_rule,high
OSM_node_5125830621,CAT017,scenic,viewpoint,viewpoint,True,osm_rule,high
OSM_node_5182931945,CAT011,culture,museum,museum,True,osm_rule,high
OSM_node_5182931945,CAT006,heritage,historical,monument,False,osm_rule,high
OSM_node_5285085021,CAT018,other,attraction,general_attraction,True,osm_rule,high
OSM_node_5285954623,CAT018,other,attraction,general_attraction,True,osm_rule,high
OSM_node_5291054227,CAT018,other,attraction,general_attraction,True,osm_rule,high
OSM_node_5291054241,CAT018,other,attraction,general_attraction,True,osm_rule,high
OSM_node_5293332826,CAT017,scenic,viewpoint,viewpoint,True,osm_rule,high
OSM_node_5293333021,CAT006,heritage,historical,monument,True,osm_rule,high
OSM_node_5293333022,CAT017,scenic,viewpoint,viewpoint,True,osm_rule,high
OSM_node_5295611827,CAT018,other,attraction,general_attraction,True,osm_rule,high
OSM_node_5295611830,CAT018,other,attraction,general_attraction,True,osm_rule,high
OSM_node_5295612022,CAT018,other,attraction,general_attraction,True,osm_rule,high
OSM_node_5295612023,CAT018,other,attraction,general_attraction,True,osm_rule,high
OSM_node_5295612024,CAT018,other,attraction,general_attraction,True,osm_rule,high
OSM_node_5295612025,CAT018,other,attraction,general_attraction,True,osm_rule,high
OSM_node_5295612028,CAT018,other,attraction,general_attraction,True,osm_rule,high
OSM_node_5295612029,CAT018,other,attraction,general_attraction,True,osm_rule,high
OSM_node_5295612124,CAT018,other,attraction,general_attraction,True,osm_rule,high
OSM_node_5299153429,CAT006,heritage,historical,monument,True,osm_rule,high
OSM_node_5302765921,CAT018,other,attraction,general_attraction,True,osm_rule,high
OSM_node_5314360724,CAT017,scenic,viewpoint,viewpoint,True,osm_rule,high
OSM_node_5314360725,CAT018,other,attraction,general_attraction,True,osm_rule,high
OSM_node_5314360729,CAT018,other,attraction,general_attraction,True,osm_rule,high
OSM_node_5320014421,CAT018,other,attraction,general_attraction,True,osm_rule,high
OSM_node_5323088722,CAT017,scenic,viewpoint,viewpoint,True,osm_rule,high
OSM_node_5323683221,CAT018,other,attraction,general_attraction,True,osm_rule,high
OSM_node_5326782723,CAT018,other,attraction,general_attraction,True,osm_rule,high
OSM_node_5326790724,CAT018,other,attraction,general_attraction,True,osm_rule,high
OSM_node_5326790725,CAT018,other,attraction,general_attraction,True,osm_rule,high
OSM_node_5326790726,CAT018,other,attraction,general_attraction,True,osm_rule,high
OSM_node_5326810021,CAT018,other,attraction,general_attraction,True,osm_rule,high
OSM_node_5326810022,CAT018,other,attraction,general_attraction,True,osm_rule,high
OSM_node_5326810421,CAT017,scenic,viewpoint,viewpoint,True,osm_rule,high
OSM_node_5326810422,CAT018,other,attraction,general_attraction,True,osm_rule,high
OSM_node_5326854021,CAT018,other,attraction,general_attraction,True,osm_rule,high
OSM_node_5326854222,CAT018,other,attraction,general_attraction,True,osm_rule,high
OSM_node_5326854421,CAT018,other,attraction,general_attraction,True,osm_rule,high
OSM_node_5383428522,CAT018,other,attraction,general_attraction,True,osm_rule,high
OSM_node_5449523521,CAT018,other,attraction,general_attraction,True,osm_rule,high
OSM_node_5510701022,CAT018,other,attraction,general_attraction,True,osm_rule,high
OSM_node_5594232527,CAT017,scenic,viewpoint,viewpoint,True,osm_rule,high
OSM_node_5594253423,CAT017,scenic,viewpoint,viewpoint,True,osm_rule,high
OSM_node_5647688721,CAT017,scenic,viewpoint,viewpoint,True,osm_rule,high
OSM_node_5811652238,CAT006,heritage,historical,monument,True,osm_rule,high
OSM_node_5841077608,CAT007,heritage,historical,ruins,True,osm_rule,high
OSM_node_5965275019,CAT001,natural,landscape,mountain,True,osm_rule,high
OSM_node_5965275021,CAT001,natural,landscape,mountain,True,osm_rule,high
OSM_node_5965986397,CAT001,natural,landscape,mountain,True,osm_rule,high
OSM_node_5981362513,CAT001,natural,landscape,mountain,True,osm_rule,high
OSM_node_6099306388,CAT006,heritage,historical,monument,True,osm_rule,high
OSM_node_6114438287,CAT006,heritage,historical,monument,True,osm_rule,high
OSM_node_6181892185,CAT017,scenic,viewpoint,viewpoint,True,osm_rule,high
OSM_node_6198497624,CAT018,other,attraction,general_attraction,True,osm_rule,high
OSM_node_6533792207,CAT007,heritage,historical,ruins,True,osm_rule,high
OSM_node_6535217831,CAT006,heritage,historical,monument,True,osm_rule,high
OSM_node_7042310586,CAT018,other,attraction,general_attraction,True,osm_rule,high
OSM_node_7127465985,CAT011,culture,museum,museum,True,osm_rule,high
OSM_node_7199631609,CAT007,heritage,historical,ruins,True,osm_rule,high
OSM_node_7207976985,CAT018,other,attraction,general_attraction,True,osm_rule,high
OSM_node_7244106589,CAT011,culture,museum,museum,True,osm_rule,high
OSM_node_7244110586,CAT018,other,attraction,general_attraction,True,osm_rule,high
OSM_node_7247234085,CAT018,other,attraction,general_attraction,True,osm_rule,high
OSM_node_7372876886,CAT018,other,attraction,general_attraction,True,osm_rule,high
OSM_node_7453466433,CAT018,other,attraction,general_attraction,True,osm_rule,high
OSM_node_7489108686,CAT017,scenic,viewpoint,viewpoint,True,osm_rule,high
OSM_node_7656839986,CAT017,scenic,viewpoint,viewpoint,True,osm_rule,high
OSM_node_7973115090,CAT018,other,attraction,general_attraction,True,osm_rule,high
OSM_node_8018411385,CAT017,scenic,viewpoint,viewpoint,True,osm_rule,high
OSM_node_8018411485,CAT017,scenic,viewpoint,viewpoint,True,osm_rule,high
OSM_node_8213632817,CAT017,scenic,viewpoint,viewpoint,True,osm_rule,high
OSM_node_8213632917,CAT017,scenic,viewpoint,viewpoint,True,osm_rule,high
OSM_node_8218999117,CAT017,scenic,viewpoint,viewpoint,True,osm_rule,high
OSM_node_8344961818,CAT017,scenic,viewpoint,viewpoint,True,osm_rule,high
OSM_node_8345051017,CAT017,scenic,viewpoint,viewpoint,True,osm_rule,high
OSM_node_8345051317,CAT017,scenic,viewpoint,viewpoint,True,osm_rule,high
OSM_node_8348252917,CAT017,scenic,viewpoint,viewpoint,True,osm_rule,high
OSM_node_8348252918,CAT017,scenic,viewpoint,viewpoint,True,osm_rule,high
OSM_node_8382814417,CAT017,scenic,viewpoint,viewpoint,True,osm_rule,high
OSM_node_8385783217,CAT017,scenic,viewpoint,viewpoint,True,osm_rule,high
OSM_node_8385783218,CAT017,scenic,viewpoint,viewpoint,True,osm_rule,high
OSM_node_8385783219,CAT017,scenic,viewpoint,viewpoint,True,osm_rule,high
OSM_node_8397068517,CAT017,scenic,viewpoint,viewpoint,True,osm_rule,high
OSM_node_8483041852,CAT017,scenic,viewpoint,viewpoint,True,osm_rule,high
OSM_node_8520779619,CAT017,scenic,viewpoint,viewpoint,True,osm_rule,high
OSM_node_8520784818,CAT017,scenic,viewpoint,viewpoint,True,osm_rule,high
OSM_node_8520834017,CAT017,scenic,viewpoint,viewpoint,True,osm_rule,high
OSM_node_8524837017,CAT017,scenic,viewpoint,viewpoint,True,osm_rule,high
OSM_node_8532747217,CAT017,scenic,viewpoint,viewpoint,True,osm_rule,high
OSM_node_8625661017,CAT017,scenic,viewpoint,viewpoint,True,osm_rule,high
OSM_node_8639646817,CAT017,scenic,viewpoint,viewpoint,True,osm_rule,high
OSM_node_8639646917,CAT017,scenic,viewpoint,viewpoint,True,osm_rule,high
OSM_node_8670521333,CAT017,scenic,viewpoint,viewpoint,True,osm_rule,high
OSM_node_8678722617,CAT017,scenic,viewpoint,viewpoint,True,osm_rule,high
OSM_node_8680939217,CAT018,other,attraction,general_attraction,True,osm_rule,high
OSM_node_8680939218,CAT017,scenic,viewpoint,viewpoint,True,osm_rule,high
OSM_node_8686623717,CAT017,scenic,viewpoint,viewpoint,True,osm_rule,high
OSM_node_8700412519,CAT017,scenic,viewpoint,viewpoint,True,osm_rule,high
OSM_node_8702003818,CAT017,scenic,viewpoint,viewpoint,True,osm_rule,high
OSM_node_8713712417,CAT017,scenic,viewpoint,viewpoint,True,osm_rule,high
OSM_node_8715425518,CAT017,scenic,viewpoint,viewpoint,True,osm_rule,high
OSM_node_8715429117,CAT017,scenic,viewpoint,viewpoint,True,osm_rule,high
OSM_node_8715429118,CAT017,scenic,viewpoint,viewpoint,True,osm_rule,high
OSM_node_8715429217,CAT017,scenic,viewpoint,viewpoint,True,osm_rule,high
OSM_node_8727034718,CAT017,scenic,viewpoint,viewpoint,True,osm_rule,high
OSM_node_8730209417,CAT017,scenic,viewpoint,viewpoint,True,osm_rule,high
OSM_node_8740267017,CAT017,scenic,viewpoint,viewpoint,True,osm_rule,high
OSM_node_8740267117,CAT018,other,attraction,general_attraction,True,osm_rule,high
OSM_node_8757278219,CAT017,scenic,viewpoint,viewpoint,True,osm_rule,high
OSM_node_8757287117,CAT017,scenic,viewpoint,viewpoint,True,osm_rule,high
OSM_node_8757287217,CAT017,scenic,viewpoint,viewpoint,True,osm_rule,high
OSM_node_8757287218,CAT017,scenic,viewpoint,viewpoint,True,osm_rule,high
OSM_node_8771249618,CAT017,scenic,viewpoint,viewpoint,True,osm_rule,high
OSM_node_8771291917,CAT017,scenic,viewpoint,viewpoint,True,osm_rule,high
OSM_node_8785078417,CAT017,scenic,viewpoint,viewpoint,True,osm_rule,high
OSM_node_8785078517,CAT017,scenic,viewpoint,viewpoint,True,osm_rule,high
OSM_node_8841056618,CAT017,scenic,viewpoint,viewpoint,True,osm_rule,high
OSM_node_8841058418,CAT017,scenic,viewpoint,viewpoint,True,osm_rule,high
OSM_node_8841060117,CAT017,scenic,viewpoint,viewpoint,True,osm_rule,high
OSM_node_8841060217,CAT017,scenic,viewpoint,viewpoint,True,osm_rule,high
OSM_node_8841060218,CAT017,scenic,viewpoint,viewpoint,True,osm_rule,high
OSM_node_8841737717,CAT017,scenic,viewpoint,viewpoint,True,osm_rule,high
OSM_node_8841737718,CAT017,scenic,viewpoint,viewpoint,True,osm_rule,high
OSM_node_8848902317,CAT017,scenic,viewpoint,viewpoint,True,osm_rule,high
OSM_node_8874361417,CAT017,scenic,viewpoint,viewpoint,True,osm_rule,high
OSM_node_8911532617,CAT017,scenic,viewpoint,viewpoint,True,osm_rule,high
OSM_node_9518711737,CAT012,culture,arts,gallery,True,osm_rule,high
OSM_node_9960049118,CAT018,other,attraction,general_attraction,True,osm_rule,high
OSM_node_9960090217,CAT018,other,attraction,general_attraction,True,osm_rule,high
OSM_node_9960092017,CAT018,other,attraction,general_attraction,True,osm_rule,high
OSM_node_9960092018,CAT018,other,attraction,general_attraction,True,osm_rule,high
OSM_node_9960093019,CAT018,other,attraction,general_attraction,True,osm_rule,high
OSM_node_9960101917,CAT017,scenic,viewpoint,viewpoint,True,osm_rule,high
OSM_node_9960139117,CAT018,other,attraction,general_attraction,True,osm_rule,high
OSM_node_10154412164,CAT014,recreation,amusement,theme_park,True,osm_rule,high
OSM_node_10273042411,CAT001,natural,landscape,mountain,True,osm_rule,high
OSM_node_10273042414,CAT001,natural,landscape,mountain,True,osm_rule,high
OSM_node_10273042418,CAT001,natural,landscape,mountain,True,osm_rule,high
OSM_node_10273042447,CAT001,natural,landscape,mountain,True,osm_rule,high
OSM_node_10303626687,CAT001,natural,landscape,mountain,True,osm_rule,high
OSM_node_10303626688,CAT001,natural,landscape,mountain,True,osm_rule,high
OSM_node_10694135392,CAT001,natural,landscape,mountain,True,osm_rule,high
OSM_node_10709738105,CAT018,other,attraction,general_attraction,True,osm_rule,high
OSM_node_10873187605,CAT018,other,attraction,general_attraction,True,osm_rule,high
OSM_node_10892129283,CAT001,natural,landscape,mountain,True,osm_rule,high
OSM_node_11128058462,CAT015,recreation,amusement,water_park,True,osm_rule,high
OSM_node_11128058463,CAT015,recreation,amusement,water_park,True,osm_rule,high
OSM_node_11128058485,CAT015,recreation,amusement,water_park,True,osm_rule,high
OSM_node_11171564836,CAT006,heritage,historical,monument,True,osm_rule,high
OSM_node_11212153237,CAT018,other,attraction,general_attraction,True,osm_rule,high
OSM_node_11555496744,CAT006,heritage,historical,monument,True,osm_rule,high
OSM_node_11628670169,CAT018,other,attraction,general_attraction,True,osm_rule,high
OSM_node_11628679569,CAT018,other,attraction,general_attraction,True,osm_rule,high
OSM_node_11629841009,CAT001,natural,landscape,mountain,True,osm_rule,high
OSM_node_11629996926,CAT001,natural,landscape,mountain,True,osm_rule,high
OSM_node_11630013743,CAT001,natural,landscape,mountain,True,osm_rule,high
OSM_node_11731450953,CAT001,natural,landscape,mountain,True,osm_rule,high
OSM_node_11762365154,CAT001,natural,landscape,mountain,True,osm_rule,high
OSM_node_11762365155,CAT001,natural,landscape,mountain,True,osm_rule,high
OSM_node_11803543052,CAT001,natural,landscape,mountain,True,osm_rule,high
OSM_node_11803939626,CAT001,natural,landscape,mountain,True,osm_rule,high
OSM_node_11803939627,CAT001,natural,landscape,mountain,True,osm_rule,high
OSM_node_11804009413,CAT001,natural,landscape,mountain,True,osm_rule,high
OSM_node_11804009414,CAT001,natural,landscape,mountain,True,osm_rule,high
OSM_node_11805703979,CAT001,natural,landscape,mountain,True,osm_rule,high
OSM_node_11805703980,CAT001,natural,landscape,mountain,True,osm_rule,high
OSM_node_11806050359,CAT001,natural,landscape,mountain,True,osm_rule,high
OSM_node_11841089975,CAT018,other,attraction,general_attraction,True,osm_rule,high
OSM_node_12318159702,CAT018,other,attraction,general_attraction,True,osm_rule,high
OSM_node_12404434601,CAT018,other,attraction,general_attraction,True,osm_rule,high
OSM_node_12411930072,CAT006,heritage,historical,monument,True,osm_rule,high
OSM_node_12458493963,CAT011,culture,museum,museum,True,osm_rule,high
OSM_node_12622178803,CAT018,other,attraction,general_attraction,True,osm_rule,high
OSM_node_12851234501,CAT018,other,attraction,general_attraction,True,osm_rule,high
OSM_node_12979671243,CAT001,natural,landscape,mountain,True,osm_rule,high
OSM_node_12979671780,CAT001,natural,landscape,mountain,True,osm_rule,high
OSM_node_12979672511,CAT001,natural,landscape,mountain,True,osm_rule,high
OSM_node_12979675145,CAT001,natural,landscape,mountain,True,osm_rule,high
OSM_node_13408004501,CAT012,culture,arts,gallery,True,osm_rule,high
OSM_node_13503143701,CAT018,other,attraction,general_attraction,True,osm_rule,high
OSM_node_13644094722,CAT011,culture,museum,museum,True,osm_rule,high
OSM_node_13687068650,CAT018,other,attraction,general_attraction,True,osm_rule,high
OSM_node_13734880501,CAT006,heritage,historical,monument,True,osm_rule,high
OSM_node_13846529850,CAT006,heritage,historical,monument,True,osm_rule,high
OSM_node_13917001802,CAT018,other,attraction,general_attraction,True,osm_rule,high
OSM_node_14058844271,CAT012,culture,arts,gallery,True,osm_rule,high
OSM_way_35926965,CAT013,recreation,park,public_park,True,osm_rule,high
OSM_way_39411515,CAT018,other,attraction,general_attraction,True,osm_rule,high
OSM_way_39414469,CAT018,other,attraction,general_attraction,True,osm_rule,high
OSM_way_118540998,CAT011,culture,museum,museum,True,osm_rule,high
OSM_way_118541971,CAT011,culture,museum,museum,True,osm_rule,high
OSM_way_148655138,CAT017,scenic,viewpoint,viewpoint,True,osm_rule,high
OSM_way_161714451,CAT018,other,attraction,general_attraction,True,osm_rule,high
OSM_way_172657562,CAT018,other,attraction,general_attraction,True,osm_rule,high
OSM_way_172657563,CAT018,other,attraction,general_attraction,True,osm_rule,high
OSM_way_172657565,CAT018,other,attraction,general_attraction,True,osm_rule,high
OSM_way_172657566,CAT009,heritage,historical,historic_building,True,osm_rule,high
OSM_way_172657570,CAT018,other,attraction,general_attraction,True,osm_rule,high
OSM_way_172763419,CAT018,other,attraction,general_attraction,True,osm_rule,high
OSM_way_172763420,CAT018,other,attraction,general_attraction,True,osm_rule,high
OSM_way_172763427,CAT018,other,attraction,general_attraction,True,osm_rule,high
OSM_way_173151284,CAT009,heritage,historical,historic_building,True,osm_rule,high
OSM_way_174746316,CAT013,recreation,park,public_park,True,osm_rule,high
OSM_way_174746603,CAT013,recreation,park,public_park,True,osm_rule,high
OSM_way_217766984,CAT013,recreation,park,public_park,True,osm_rule,high
OSM_way_217767781,CAT013,recreation,park,public_park,True,osm_rule,high
OSM_way_218423471,CAT013,recreation,park,public_park,True,osm_rule,high
OSM_way_239568223,CAT009,heritage,historical,historic_building,True,osm_rule,high
OSM_way_240250678,CAT013,recreation,park,public_park,True,osm_rule,high
OSM_way_240266284,CAT011,culture,museum,museum,True,osm_rule,high
OSM_way_256675637,CAT004,natural,coastal,beach,True,osm_rule,high
OSM_way_285990343,CAT007,heritage,historical,ruins,True,osm_rule,high
OSM_way_285990344,CAT007,heritage,historical,ruins,True,osm_rule,high
OSM_way_285990345,CAT007,heritage,historical,ruins,True,osm_rule,high
OSM_way_285990346,CAT007,heritage,historical,ruins,True,osm_rule,high
OSM_way_285990348,CAT006,heritage,historical,monument,True,osm_rule,high
OSM_way_285990349,CAT007,heritage,historical,ruins,True,osm_rule,high
OSM_way_359114064,CAT014,recreation,amusement,theme_park,True,osm_rule,high
OSM_way_366061812,CAT006,heritage,historical,monument,True,osm_rule,high
OSM_way_369017963,CAT011,culture,museum,museum,True,osm_rule,high
OSM_way_466418347,CAT018,other,attraction,general_attraction,True,osm_rule,high
OSM_way_484001513,CAT017,scenic,viewpoint,viewpoint,True,osm_rule,high
OSM_way_508243736,CAT004,natural,coastal,beach,True,osm_rule,high
OSM_way_508244759,CAT004,natural,coastal,beach,True,osm_rule,high
OSM_way_531031513,CAT018,other,attraction,general_attraction,True,osm_rule,high
OSM_way_531031518,CAT013,recreation,park,public_park,True,osm_rule,high
OSM_way_531031548,CAT007,heritage,historical,ruins,True,osm_rule,high
OSM_way_531031566,CAT018,other,attraction,general_attraction,True,osm_rule,high
OSM_way_614372409,CAT013,recreation,park,public_park,True,osm_rule,high
OSM_way_614373209,CAT013,recreation,park,public_park,True,osm_rule,high
OSM_way_617437880,CAT018,other,attraction,general_attraction,True,osm_rule,high
OSM_way_617944737,CAT007,heritage,historical,ruins,True,osm_rule,high
OSM_way_617944738,CAT009,heritage,historical,historic_building,True,osm_rule,high
OSM_way_617944748,CAT018,other,attraction,general_attraction,True,osm_rule,high
OSM_way_617991240,CAT013,recreation,park,public_park,True,osm_rule,high
OSM_way_617991266,CAT007,heritage,historical,ruins,True,osm_rule,high
OSM_way_618264010,CAT013,recreation,park,public_park,True,osm_rule,high
OSM_way_618267901,CAT018,other,attraction,general_attraction,True,osm_rule,high
OSM_way_631871516,CAT013,recreation,park,public_park,True,osm_rule,high
OSM_way_683524977,CAT018,other,attraction,general_attraction,True,osm_rule,high
OSM_way_690841004,CAT007,heritage,historical,ruins,True,osm_rule,high
OSM_way_695775607,CAT011,culture,museum,museum,True,osm_rule,high
OSM_way_695810695,CAT011,culture,museum,museum,True,osm_rule,high
OSM_way_695810698,CAT011,culture,museum,museum,True,osm_rule,high
OSM_way_695810698,CAT013,recreation,park,public_park,False,osm_rule,high
OSM_way_695810710,CAT011,culture,museum,museum,True,osm_rule,high
OSM_way_695810733,CAT018,other,attraction,general_attraction,True,osm_rule,high
OSM_way_695810763,CAT007,heritage,historical,ruins,True,osm_rule,high
OSM_way_695810789,CAT009,heritage,historical,historic_building,True,osm_rule,high
OSM_way_695949047,CAT013,recreation,park,public_park,True,osm_rule,high
OSM_way_695949048,CAT007,heritage,historical,ruins,True,osm_rule,high
OSM_way_695949060,CAT007,heritage,historical,ruins,True,osm_rule,high
OSM_way_771244228,CAT018,other,attraction,general_attraction,True,osm_rule,high
OSM_way_771244236,CAT018,other,attraction,general_attraction,True,osm_rule,high
OSM_way_834419904,CAT013,recreation,park,public_park,True,osm_rule,high
OSM_way_834422404,CAT013,recreation,park,public_park,True,osm_rule,high
OSM_way_846695791,CAT013,recreation,park,public_park,True,osm_rule,high
OSM_way_903067718,CAT006,heritage,historical,monument,True,osm_rule,high
OSM_way_962134785,CAT013,recreation,park,public_park,True,osm_rule,high
OSM_way_1050684699,CAT012,culture,arts,gallery,True,osm_rule,high
OSM_way_1098017450,CAT015,recreation,amusement,water_park,True,osm_rule,high
OSM_way_1109970009,CAT018,other,attraction,general_attraction,True,osm_rule,high
OSM_way_1109970012,CAT018,other,attraction,general_attraction,True,osm_rule,high
OSM_way_1167513732,CAT018,other,attraction,general_attraction,True,osm_rule,high
OSM_way_1167513742,CAT018,other,attraction,general_attraction,True,osm_rule,high
OSM_way_1167680537,CAT013,recreation,park,public_park,True,osm_rule,high
OSM_way_1167997503,CAT013,recreation,park,public_park,True,osm_rule,high
OSM_way_1170979640,CAT018,other,attraction,general_attraction,True,osm_rule,high
OSM_way_1172897446,CAT006,heritage,historical,monument,True,osm_rule,high
OSM_way_1173102908,CAT009,heritage,historical,historic_building,True,osm_rule,high
OSM_way_1317011474,CAT018,other,attraction,general_attraction,True,osm_rule,high
OSM_way_1347307012,CAT013,recreation,park,public_park,True,osm_rule,high
OSM_way_1415072215,CAT004,natural,coastal,beach,True,osm_rule,high
OSM_way_1415072216,CAT004,natural,coastal,beach,True,osm_rule,high
OSM_way_1453749845,CAT018,other,attraction,general_attraction,True,osm_rule,high
OSM_way_1473275556,CAT018,other,attraction,general_attraction,True,osm_rule,high
OSM_way_1509320731,CAT006,heritage,historical,monument,True,osm_rule,high
OSM_way_1527235543,CAT007,heritage,historical,ruins,True,osm_rule,high
OSM_way_1545957575,CAT006,heritage,historical,monument,True,osm_rule,high
OSM_relation_8537575,CAT018,other,attraction,general_attraction,True,osm_rule,high
OSM_relation_19381147,CAT008,heritage,historical,archaeological_site,True,osm_rule,high
OSM_node_357476290,CAT007,heritage,historical,ruins,True,osm_rule,high
OSM_node_643013732,CAT005,natural,coastal,cape,True,osm_rule,high
OSM_node_849300563,CAT018,other,attraction,general_attraction,True,osm_rule,high
OSM_node_1336293543,CAT005,natural,coastal,cape,True,osm_rule,high
OSM_node_1336350033,CAT005,natural,coastal,cape,True,osm_rule,high
OSM_node_1336597087,CAT001,natural,landscape,mountain,True,osm_rule,high
OSM_node_1400908663,CAT006,heritage,historical,monument,True,osm_rule,high
OSM_node_1403104727,CAT005,natural,coastal,cape,True,osm_rule,high
OSM_node_1660060665,CAT018,other,attraction,general_attraction,True,osm_rule,high
OSM_node_2288757828,CAT017,scenic,viewpoint,viewpoint,True,osm_rule,high
OSM_node_2288757829,CAT018,other,attraction,general_attraction,True,osm_rule,high
OSM_node_2401084526,CAT006,heritage,historical,monument,True,osm_rule,high
OSM_node_2645906877,CAT006,heritage,historical,monument,True,osm_rule,high
OSM_node_2990412626,CAT007,heritage,historical,ruins,True,osm_rule,high
OSM_node_3305270302,CAT006,heritage,historical,monument,True,osm_rule,high
OSM_node_3377418953,CAT007,heritage,historical,ruins,True,osm_rule,high
OSM_node_3889096567,CAT006,heritage,historical,monument,True,osm_rule,high
OSM_node_4082426389,CAT018,other,attraction,general_attraction,True,osm_rule,high
OSM_node_4124936891,CAT017,scenic,viewpoint,viewpoint,True,osm_rule,high
OSM_node_4172003998,CAT014,recreation,amusement,theme_park,True,osm_rule,high
OSM_node_4248697393,CAT018,other,attraction,general_attraction,True,osm_rule,high
OSM_node_4360297544,CAT013,recreation,park,public_park,True,osm_rule,high
OSM_node_4508485692,CAT017,scenic,viewpoint,viewpoint,True,osm_rule,high
OSM_node_4605141689,CAT006,heritage,historical,monument,True,osm_rule,high
OSM_node_4661290790,CAT011,culture,museum,museum,True,osm_rule,high
OSM_node_4661921812,CAT011,culture,museum,museum,True,osm_rule,high
OSM_node_4663120294,CAT011,culture,museum,museum,True,osm_rule,high
OSM_node_4663147093,CAT011,culture,museum,museum,True,osm_rule,high
OSM_node_4663175790,CAT011,culture,museum,museum,True,osm_rule,high
OSM_node_4664683189,CAT011,culture,museum,museum,True,osm_rule,high
OSM_node_4673841090,CAT011,culture,museum,museum,True,osm_rule,high
OSM_node_4674764890,CAT011,culture,museum,museum,True,osm_rule,high
OSM_node_4680558993,CAT011,culture,museum,museum,True,osm_rule,high
OSM_node_4735757565,CAT001,natural,landscape,mountain,True,osm_rule,high
OSM_node_4735757566,CAT001,natural,landscape,mountain,True,osm_rule,high
OSM_node_4735757567,CAT001,natural,landscape,mountain,True,osm_rule,high
OSM_node_4735757568,CAT001,natural,landscape,mountain,True,osm_rule,high
OSM_node_4740058183,CAT001,natural,landscape,mountain,True,osm_rule,high
OSM_node_4740059043,CAT001,natural,landscape,mountain,True,osm_rule,high
OSM_node_4740113640,CAT001,natural,landscape,mountain,True,osm_rule,high
OSM_node_4740133490,CAT001,natural,landscape,mountain,True,osm_rule,high
OSM_node_4740133491,CAT001,natural,landscape,mountain,True,osm_rule,high
OSM_node_4741481478,CAT001,natural,landscape,mountain,True,osm_rule,high
OSM_node_4741481893,CAT001,natural,landscape,mountain,True,osm_rule,high
OSM_node_4741482681,CAT001,natural,landscape,mountain,True,osm_rule,high
OSM_node_4742669881,CAT001,natural,landscape,mountain,True,osm_rule,high
OSM_node_4757422922,CAT017,scenic,viewpoint,viewpoint,True,osm_rule,high
OSM_node_4762095328,CAT007,heritage,historical,ruins,True,osm_rule,high
OSM_node_4784158143,CAT001,natural,landscape,mountain,True,osm_rule,high
OSM_node_4784340589,CAT001,natural,landscape,mountain,True,osm_rule,high
OSM_node_4784342862,CAT001,natural,landscape,mountain,True,osm_rule,high
OSM_node_4817286823,CAT011,culture,museum,museum,True,osm_rule,high
OSM_node_4817287021,CAT011,culture,museum,museum,True,osm_rule,high
OSM_node_4817287022,CAT011,culture,museum,museum,True,osm_rule,high
OSM_node_4817287023,CAT011,culture,museum,museum,True,osm_rule,high
OSM_node_4817287121,CAT011,culture,museum,museum,True,osm_rule,high
OSM_node_4838570823,CAT006,heritage,historical,monument,True,osm_rule,high
OSM_node_4884705621,CAT011,culture,museum,museum,True,osm_rule,high
OSM_node_4959115526,CAT018,other,attraction,general_attraction,True,osm_rule,high
OSM_node_4959124022,CAT018,other,attraction,general_attraction,True,osm_rule,high
OSM_node_5047534424,CAT006,heritage,historical,monument,True,osm_rule,high
OSM_node_5091041221,CAT011,culture,museum,museum,True,osm_rule,high
OSM_node_5189505622,CAT012,culture,arts,gallery,True,osm_rule,high
OSM_node_5233871122,CAT018,other,attraction,general_attraction,True,osm_rule,high
OSM_node_5249720503,CAT006,heritage,historical,monument,True,osm_rule,high
OSM_node_5283589956,CAT001,natural,landscape,mountain,True,osm_rule,high
OSM_node_5301711382,CAT001,natural,landscape,mountain,True,osm_rule,high
OSM_node_5301711383,CAT001,natural,landscape,mountain,True,osm_rule,high
OSM_node_5302045712,CAT006,heritage,historical,monument,True,osm_rule,high
OSM_node_5470242222,CAT017,scenic,viewpoint,viewpoint,True,osm_rule,high
OSM_node_5632291021,CAT017,scenic,viewpoint,viewpoint,True,osm_rule,high
OSM_node_5662987523,CAT018,other,attraction,general_attraction,True,osm_rule,high
OSM_node_5662987524,CAT018,other,attraction,general_attraction,True,osm_rule,high
OSM_node_5692356255,CAT006,heritage,historical,monument,True,osm_rule,high
OSM_node_5788934070,CAT006,heritage,historical,monument,True,osm_rule,high
OSM_node_5808893069,CAT006,heritage,historical,monument,True,osm_rule,high
OSM_node_5808893070,CAT006,heritage,historical,monument,True,osm_rule,high
OSM_node_5808893324,CAT006,heritage,historical,monument,True,osm_rule,high
OSM_node_5809817017,CAT006,heritage,historical,monument,True,osm_rule,high
OSM_node_5809817393,CAT006,heritage,historical,monument,True,osm_rule,high
OSM_node_5809817490,CAT006,heritage,historical,monument,True,osm_rule,high
OSM_node_6586702673,CAT006,heritage,historical,monument,True,osm_rule,high
OSM_node_6586930661,CAT006,heritage,historical,monument,True,osm_rule,high
OSM_node_6806979085,CAT004,natural,coastal,beach,True,osm_rule,high
OSM_node_6821714585,CAT018,other,attraction,general_attraction,True,osm_rule,high
OSM_node_6861462485,CAT018,other,attraction,general_attraction,True,osm_rule,high
OSM_node_7040433200,CAT018,other,attraction,general_attraction,True,osm_rule,high
OSM_node_7083412960,CAT013,recreation,park,public_park,True,osm_rule,high
OSM_node_7087673293,CAT012,culture,arts,gallery,True,osm_rule,high
OSM_node_7130126788,CAT018,other,attraction,general_attraction,True,osm_rule,high
OSM_node_7188137485,CAT018,other,attraction,general_attraction,True,osm_rule,high
OSM_node_7191035885,CAT018,other,attraction,general_attraction,True,osm_rule,high
OSM_node_7192331886,CAT018,other,attraction,general_attraction,True,osm_rule,high
OSM_node_7196716785,CAT018,other,attraction,general_attraction,True,osm_rule,high
OSM_node_7204471685,CAT006,heritage,historical,monument,True,osm_rule,high
OSM_node_7237876589,CAT018,other,attraction,general_attraction,True,osm_rule,high
OSM_node_7248365886,CAT018,other,attraction,general_attraction,True,osm_rule,high
OSM_node_7311724603,CAT003,natural,landscape,cave,True,osm_rule,high
OSM_node_7311724604,CAT003,natural,landscape,cave,True,osm_rule,high
OSM_node_7311724605,CAT003,natural,landscape,cave,True,osm_rule,high
OSM_node_7311724606,CAT003,natural,landscape,cave,True,osm_rule,high
OSM_node_7311724607,CAT003,natural,landscape,cave,True,osm_rule,high
OSM_node_7495819111,CAT004,natural,coastal,beach,True,osm_rule,high
OSM_node_7674221745,CAT006,heritage,historical,monument,True,osm_rule,high
OSM_node_7679858926,CAT006,heritage,historical,monument,True,osm_rule,high
OSM_node_7962958588,CAT017,scenic,viewpoint,viewpoint,True,osm_rule,high
OSM_node_7962958785,CAT017,scenic,viewpoint,viewpoint,True,osm_rule,high
OSM_node_7962959485,CAT017,scenic,viewpoint,viewpoint,True,osm_rule,high
OSM_node_7962959486,CAT017,scenic,viewpoint,viewpoint,True,osm_rule,high
OSM_node_7962959585,CAT017,scenic,viewpoint,viewpoint,True,osm_rule,high
OSM_node_7965832986,CAT017,scenic,viewpoint,viewpoint,True,osm_rule,high
OSM_node_7966105415,CAT017,scenic,viewpoint,viewpoint,True,osm_rule,high
OSM_node_7966105416,CAT017,scenic,viewpoint,viewpoint,True,osm_rule,high
OSM_node_7966138711,CAT017,scenic,viewpoint,viewpoint,True,osm_rule,high
OSM_node_7966138712,CAT017,scenic,viewpoint,viewpoint,True,osm_rule,high
OSM_node_8569184073,CAT017,scenic,viewpoint,viewpoint,True,osm_rule,high
OSM_node_8639961752,CAT001,natural,landscape,mountain,True,osm_rule,high
OSM_node_9037639942,CAT001,natural,landscape,mountain,True,osm_rule,high
OSM_node_9445033666,CAT001,natural,landscape,mountain,True,osm_rule,high
OSM_node_9623762575,CAT018,other,attraction,general_attraction,True,osm_rule,high
OSM_node_9991162617,CAT018,other,attraction,general_attraction,True,osm_rule,high
OSM_node_10879863805,CAT004,natural,coastal,beach,True,osm_rule,high
OSM_node_10988967691,CAT006,heritage,historical,monument,True,osm_rule,high
OSM_node_11042604082,CAT006,heritage,historical,monument,True,osm_rule,high
OSM_node_11043564235,CAT006,heritage,historical,monument,True,osm_rule,high
OSM_node_11062697679,CAT006,heritage,historical,monument,True,osm_rule,high
OSM_node_11342845369,CAT018,other,attraction,general_attraction,True,osm_rule,high
OSM_node_11518707135,CAT001,natural,landscape,mountain,True,osm_rule,high
OSM_node_11518707237,CAT001,natural,landscape,mountain,True,osm_rule,high
OSM_node_11524776653,CAT001,natural,landscape,mountain,True,osm_rule,high
OSM_node_11524776719,CAT001,natural,landscape,mountain,True,osm_rule,high
OSM_node_11527158960,CAT006,heritage,historical,monument,True,osm_rule,high
OSM_node_11527179496,CAT006,heritage,historical,monument,True,osm_rule,high
OSM_node_11557963623,CAT001,natural,landscape,mountain,True,osm_rule,high
OSM_node_11557963624,CAT001,natural,landscape,mountain,True,osm_rule,high
OSM_node_11563319766,CAT017,scenic,viewpoint,viewpoint,True,osm_rule,high
OSM_node_11563767585,CAT001,natural,landscape,mountain,True,osm_rule,high
OSM_node_11609518076,CAT001,natural,landscape,mountain,True,osm_rule,high
OSM_node_11609595211,CAT001,natural,landscape,mountain,True,osm_rule,high
OSM_node_11609613369,CAT001,natural,landscape,mountain,True,osm_rule,high
OSM_node_11612233780,CAT001,natural,landscape,mountain,True,osm_rule,high
OSM_node_11619001235,CAT017,scenic,viewpoint,viewpoint,True,osm_rule,high
OSM_node_11655514966,CAT001,natural,landscape,mountain,True,osm_rule,high
OSM_node_11655567995,CAT001,natural,landscape,mountain,True,osm_rule,high
OSM_node_11655567996,CAT001,natural,landscape,mountain,True,osm_rule,high
OSM_node_11659471116,CAT001,natural,landscape,mountain,True,osm_rule,high
OSM_node_11759117401,CAT001,natural,landscape,mountain,True,osm_rule,high
OSM_node_11759117402,CAT001,natural,landscape,mountain,True,osm_rule,high
OSM_node_11759117403,CAT001,natural,landscape,mountain,True,osm_rule,high
OSM_node_11759117404,CAT001,natural,landscape,mountain,True,osm_rule,high
OSM_node_11759117405,CAT001,natural,landscape,mountain,True,osm_rule,high
OSM_node_11759117406,CAT001,natural,landscape,mountain,True,osm_rule,high
OSM_node_11759117407,CAT001,natural,landscape,mountain,True,osm_rule,high
OSM_node_11759117408,CAT001,natural,landscape,mountain,True,osm_rule,high
OSM_node_11759117409,CAT001,natural,landscape,mountain,True,osm_rule,high
OSM_node_11759117410,CAT001,natural,landscape,mountain,True,osm_rule,high
OSM_node_11759117411,CAT001,natural,landscape,mountain,True,osm_rule,high
OSM_node_11759117412,CAT001,natural,landscape,mountain,True,osm_rule,high
OSM_node_11759326036,CAT001,natural,landscape,mountain,True,osm_rule,high
OSM_node_11759350604,CAT001,natural,landscape,mountain,True,osm_rule,high
OSM_node_11759350605,CAT001,natural,landscape,mountain,True,osm_rule,high
OSM_node_11759350606,CAT001,natural,landscape,mountain,True,osm_rule,high
OSM_node_11759354628,CAT001,natural,landscape,mountain,True,osm_rule,high
OSM_node_11759354629,CAT001,natural,landscape,mountain,True,osm_rule,high
OSM_node_11759354630,CAT001,natural,landscape,mountain,True,osm_rule,high
OSM_node_11759354631,CAT001,natural,landscape,mountain,True,osm_rule,high
OSM_node_11759354632,CAT001,natural,landscape,mountain,True,osm_rule,high
OSM_node_11759354633,CAT001,natural,landscape,mountain,True,osm_rule,high
OSM_node_11759354634,CAT001,natural,landscape,mountain,True,osm_rule,high
OSM_node_11759354636,CAT001,natural,landscape,mountain,True,osm_rule,high
OSM_node_11759354637,CAT001,natural,landscape,mountain,True,osm_rule,high
OSM_node_11760221529,CAT001,natural,landscape,mountain,True,osm_rule,high
OSM_node_11770690481,CAT001,natural,landscape,mountain,True,osm_rule,high
OSM_node_11770690482,CAT001,natural,landscape,mountain,True,osm_rule,high
OSM_node_11770690483,CAT001,natural,landscape,mountain,True,osm_rule,high
OSM_node_11773124245,CAT001,natural,landscape,mountain,True,osm_rule,high
OSM_node_11773124247,CAT001,natural,landscape,mountain,True,osm_rule,high
OSM_node_11777205197,CAT001,natural,landscape,mountain,True,osm_rule,high
OSM_node_11777205536,CAT001,natural,landscape,mountain,True,osm_rule,high
OSM_node_11777206493,CAT001,natural,landscape,mountain,True,osm_rule,high
OSM_node_11777207425,CAT001,natural,landscape,mountain,True,osm_rule,high
OSM_node_11777208484,CAT001,natural,landscape,mountain,True,osm_rule,high
OSM_node_11777210312,CAT001,natural,landscape,mountain,True,osm_rule,high
OSM_node_11779204903,CAT001,natural,landscape,mountain,True,osm_rule,high
OSM_node_11779204904,CAT001,natural,landscape,mountain,True,osm_rule,high
OSM_node_11779204905,CAT001,natural,landscape,mountain,True,osm_rule,high
OSM_node_11779204906,CAT001,natural,landscape,mountain,True,osm_rule,high
OSM_node_11779204907,CAT001,natural,landscape,mountain,True,osm_rule,high
OSM_node_11779204908,CAT001,natural,landscape,mountain,True,osm_rule,high
OSM_node_11779204909,CAT001,natural,landscape,mountain,True,osm_rule,high
OSM_node_11779204912,CAT001,natural,landscape,mountain,True,osm_rule,high
OSM_node_11779204913,CAT001,natural,landscape,mountain,True,osm_rule,high
OSM_node_11779204914,CAT001,natural,landscape,mountain,True,osm_rule,high
OSM_node_11779204917,CAT001,natural,landscape,mountain,True,osm_rule,high
OSM_node_11780670318,CAT001,natural,landscape,mountain,True,osm_rule,high
OSM_node_11780939101,CAT001,natural,landscape,mountain,True,osm_rule,high
OSM_node_11780939102,CAT001,natural,landscape,mountain,True,osm_rule,high
OSM_node_11780939103,CAT001,natural,landscape,mountain,True,osm_rule,high
OSM_node_11781531155,CAT005,natural,coastal,cape,True,osm_rule,high
OSM_node_11781531156,CAT001,natural,landscape,mountain,True,osm_rule,high
OSM_node_11781567849,CAT001,natural,landscape,mountain,True,osm_rule,high
OSM_node_11781567850,CAT001,natural,landscape,mountain,True,osm_rule,high
OSM_node_11781567851,CAT001,natural,landscape,mountain,True,osm_rule,high
OSM_node_11781567852,CAT001,natural,landscape,mountain,True,osm_rule,high
OSM_node_11781567853,CAT001,natural,landscape,mountain,True,osm_rule,high
OSM_node_11782012516,CAT001,natural,landscape,mountain,True,osm_rule,high
OSM_node_11806600533,CAT001,natural,landscape,mountain,True,osm_rule,high
OSM_node_11806600562,CAT001,natural,landscape,mountain,True,osm_rule,high
OSM_node_11813272987,CAT001,natural,landscape,mountain,True,osm_rule,high
OSM_node_11813272988,CAT001,natural,landscape,mountain,True,osm_rule,high
OSM_node_11813272989,CAT001,natural,landscape,mountain,True,osm_rule,high
OSM_node_11813272990,CAT001,natural,landscape,mountain,True,osm_rule,high
OSM_node_11813272991,CAT001,natural,landscape,mountain,True,osm_rule,high
OSM_node_11865839123,CAT001,natural,landscape,mountain,True,osm_rule,high
OSM_node_11916396494,CAT013,recreation,park,public_park,True,osm_rule,high
OSM_node_11929829169,CAT018,other,attraction,general_attraction,True,osm_rule,high
OSM_node_12433396861,CAT011,culture,museum,museum,True,osm_rule,high
OSM_node_12454411178,CAT017,scenic,viewpoint,viewpoint,True,osm_rule,high
OSM_node_12483905101,CAT018,other,attraction,general_attraction,True,osm_rule,high
OSM_node_12484110701,CAT018,other,attraction,general_attraction,True,osm_rule,high
OSM_node_12511801248,CAT018,other,attraction,general_attraction,True,osm_rule,high
OSM_node_12548705501,CAT001,natural,landscape,mountain,True,osm_rule,high
OSM_node_12805852194,CAT006,heritage,historical,monument,True,osm_rule,high
OSM_node_12813515691,CAT011,culture,museum,museum,True,osm_rule,high
OSM_node_12829461201,CAT015,recreation,amusement,water_park,True,osm_rule,high
OSM_node_12843103801,CAT006,heritage,historical,monument,True,osm_rule,high
OSM_node_13118872106,CAT004,natural,coastal,beach,True,osm_rule,high
OSM_node_13118872107,CAT004,natural,coastal,beach,True,osm_rule,high
OSM_node_13147488835,CAT006,heritage,historical,monument,True,osm_rule,high
OSM_node_13459630535,CAT006,heritage,historical,monument,True,osm_rule,high
OSM_node_13503067816,CAT006,heritage,historical,monument,True,osm_rule,high
OSM_node_13505854889,CAT006,heritage,historical,monument,True,osm_rule,high
OSM_node_13508160140,CAT006,heritage,historical,monument,True,osm_rule,high
OSM_node_13516042450,CAT013,recreation,park,public_park,True,osm_rule,high
OSM_node_13566332701,CAT018,other,attraction,general_attraction,True,osm_rule,high
OSM_node_13605059773,CAT006,heritage,historical,monument,True,osm_rule,high
OSM_node_13720190347,CAT013,recreation,park,public_park,True,osm_rule,high
OSM_node_13800462101,CAT006,heritage,historical,monument,True,osm_rule,high
OSM_node_13819694039,CAT003,natural,landscape,cave,True,osm_rule,high
OSM_node_13915744234,CAT006,heritage,historical,monument,True,osm_rule,high
OSM_node_13967539861,CAT006,heritage,historical,monument,True,osm_rule,high
OSM_node_14017203553,CAT006,heritage,historical,monument,True,osm_rule,high
OSM_way_146780347,CAT008,heritage,historical,archaeological_site,True,osm_rule,high
OSM_way_196896058,CAT011,culture,museum,museum,True,osm_rule,high
OSM_way_207742943,CAT004,natural,coastal,beach,True,osm_rule,high
OSM_way_231784653,CAT004,natural,coastal,beach,True,osm_rule,high
OSM_way_243480753,CAT004,natural,coastal,beach,True,osm_rule,high
OSM_way_255778909,CAT004,natural,coastal,beach,True,osm_rule,high
OSM_way_272268190,CAT009,heritage,historical,historic_building,True,osm_rule,high
OSM_way_272274254,CAT004,natural,coastal,beach,True,osm_rule,high
OSM_way_295329274,CAT006,heritage,historical,monument,True,osm_rule,high
OSM_way_301020996,CAT006,heritage,historical,monument,True,osm_rule,high
OSM_way_301078963,CAT013,recreation,park,public_park,True,osm_rule,high
OSM_way_324504905,CAT013,recreation,park,public_park,True,osm_rule,high
OSM_way_406136497,CAT013,recreation,park,public_park,True,osm_rule,high
OSM_way_438294068,CAT013,recreation,park,public_park,True,osm_rule,high
OSM_way_475315865,CAT004,natural,coastal,beach,True,osm_rule,high
OSM_way_477664809,CAT013,recreation,park,public_park,True,osm_rule,high
OSM_way_477671731,CAT013,recreation,park,public_park,True,osm_rule,high
OSM_way_477671735,CAT013,recreation,park,public_park,True,osm_rule,high
OSM_way_518945762,CAT014,recreation,amusement,theme_park,True,osm_rule,high
OSM_way_554587648,CAT013,recreation,park,public_park,True,osm_rule,high
OSM_way_554587649,CAT013,recreation,park,public_park,True,osm_rule,high
OSM_way_557175763,CAT013,recreation,park,public_park,True,osm_rule,high
OSM_way_557175765,CAT013,recreation,park,public_park,True,osm_rule,high
OSM_way_597992123,CAT006,heritage,historical,monument,True,osm_rule,high
OSM_way_603552900,CAT006,heritage,historical,monument,True,osm_rule,high
OSM_way_701320925,CAT006,heritage,historical,monument,True,osm_rule,high
OSM_way_713971672,CAT004,natural,coastal,beach,True,osm_rule,high
OSM_way_753496272,CAT004,natural,coastal,beach,True,osm_rule,high
OSM_way_759974064,CAT016,recreation,amusement,zoo,True,osm_rule,high
OSM_way_804729100,CAT008,heritage,historical,archaeological_site,True,osm_rule,high
OSM_way_868630553,CAT013,recreation,park,public_park,True,osm_rule,high
OSM_way_908972081,CAT007,heritage,historical,ruins,True,osm_rule,high
OSM_way_908976520,CAT007,heritage,historical,ruins,True,osm_rule,high
OSM_way_971279633,CAT004,natural,coastal,beach,True,osm_rule,high
OSM_way_1040772655,CAT017,scenic,viewpoint,viewpoint,True,osm_rule,high
OSM_way_1060358358,CAT004,natural,coastal,beach,True,osm_rule,high
OSM_way_1189320678,CAT011,culture,museum,museum,True,osm_rule,high
OSM_way_1189320746,CAT013,recreation,park,public_park,True,osm_rule,high
OSM_way_1193057654,CAT011,culture,museum,museum,True,osm_rule,high
OSM_way_1239290934,CAT004,natural,coastal,beach,True,osm_rule,high
OSM_way_1353575383,CAT015,recreation,amusement,water_park,True,osm_rule,high
OSM_way_1353575545,CAT014,recreation,amusement,theme_park,True,osm_rule,high
OSM_way_1383217347,CAT004,natural,coastal,beach,True,osm_rule,high
OSM_way_1396494233,CAT013,recreation,park,public_park,True,osm_rule,high
OSM_way_1396494629,CAT013,recreation,park,public_park,True,osm_rule,high
OSM_way_1408821726,CAT013,recreation,park,public_park,True,osm_rule,high
OSM_way_1408821727,CAT013,recreation,park,public_park,True,osm_rule,high
OSM_way_1417257985,CAT006,heritage,historical,monument,True,osm_rule,high
OSM_way_1425961484,CAT004,natural,coastal,beach,True,osm_rule,high
OSM_way_1465603344,CAT006,heritage,historical,monument,True,osm_rule,high
OSM_way_1466713035,CAT006,heritage,historical,monument,True,osm_rule,high
OSM_way_1528708153,CAT013,recreation,park,public_park,True,osm_rule,high
OSM_way_1530303091,CAT013,recreation,park,public_park,True,osm_rule,high
OSM_way_1530303092,CAT013,recreation,park,public_park,True,osm_rule,high
OSM_way_1530313190,CAT013,recreation,park,public_park,True,osm_rule,high
OSM_way_1536798942,CAT006,heritage,historical,monument,True,osm_rule,high
OSM_way_1545622602,CAT006,heritage,historical,monument,True,osm_rule,high
OSM_way_1545639452,CAT009,heritage,historical,historic_building,True,osm_rule,high
OSM_way_1545639453,CAT009,heritage,historical,historic_building,True,osm_rule,high
OSM_way_1545919861,CAT004,natural,coastal,beach,True,osm_rule,high
OSM_way_1546195288,CAT004,natural,coastal,beach,True,osm_rule,high
OSM_way_1546195305,CAT006,heritage,historical,monument,True,osm_rule,high
OSM_way_1549316592,CAT013,recreation,park,public_park,True,osm_rule,high
OSM_relation_15662995,CAT011,culture,museum,museum,True,osm_rule,high
OSM_relation_19053289,CAT004,natural,coastal,beach,True,osm_rule,high
OSM_relation_19053291,CAT004,natural,coastal,beach,True,osm_rule,high
OSM_relation_19053292,CAT004,natural,coastal,beach,True,osm_rule,high
OSM_relation_19280388,CAT013,recreation,park,public_park,True,osm_rule,high
OSM_node_491537831,CAT017,scenic,viewpoint,viewpoint,True,osm_rule,high
OSM_node_491586801,CAT006,heritage,historical,monument,True,osm_rule,high
OSM_node_491586802,CAT007,heritage,historical,ruins,True,osm_rule,high
OSM_node_491586866,CAT006,heritage,historical,monument,True,osm_rule,high
OSM_node_491586906,CAT006,heritage,historical,monument,True,osm_rule,high
OSM_node_491587036,CAT018,other,attraction,general_attraction,True,osm_rule,high
OSM_node_1152345096,CAT006,heritage,historical,monument,True,osm_rule,high
OSM_node_1152350875,CAT011,culture,museum,museum,True,osm_rule,high
OSM_node_1160978742,CAT017,scenic,viewpoint,viewpoint,True,osm_rule,high
OSM_node_1164597191,CAT018,other,attraction,general_attraction,True,osm_rule,high
OSM_node_1276258120,CAT017,scenic,viewpoint,viewpoint,True,osm_rule,high
OSM_node_1276258348,CAT018,other,attraction,general_attraction,True,osm_rule,high
OSM_node_1276315588,CAT006,heritage,historical,monument,True,osm_rule,high
OSM_node_1336459889,CAT005,natural,coastal,cape,True,osm_rule,high
OSM_node_1727508950,CAT018,other,attraction,general_attraction,True,osm_rule,high
OSM_node_1727559891,CAT006,heritage,historical,monument,True,osm_rule,high
OSM_node_1727560435,CAT001,natural,landscape,mountain,True,osm_rule,high
OSM_node_1730221108,CAT006,heritage,historical,monument,True,osm_rule,high
OSM_node_1730268393,CAT006,heritage,historical,monument,True,osm_rule,high
OSM_node_1738828485,CAT018,other,attraction,general_attraction,True,osm_rule,high
OSM_node_1738893059,CAT018,other,attraction,general_attraction,True,osm_rule,high
OSM_node_1765142229,CAT017,scenic,viewpoint,viewpoint,True,osm_rule,high
OSM_node_2090212777,CAT001,natural,landscape,mountain,True,osm_rule,high
OSM_node_2273284563,CAT017,scenic,viewpoint,viewpoint,True,osm_rule,high
OSM_node_2502128466,CAT015,recreation,amusement,water_park,True,osm_rule,high
OSM_node_2673080246,CAT011,culture,museum,museum,True,osm_rule,high
OSM_node_2673080246,CAT006,heritage,historical,monument,False,osm_rule,high
OSM_node_2673095809,CAT011,culture,museum,museum,True,osm_rule,high
OSM_node_2673097160,CAT011,culture,museum,museum,True,osm_rule,high
OSM_node_2673139139,CAT006,heritage,historical,monument,True,osm_rule,high
OSM_node_2688028631,CAT001,natural,landscape,mountain,True,osm_rule,high
OSM_node_2706917665,CAT018,other,attraction,general_attraction,True,osm_rule,high
OSM_node_3094058858,CAT017,scenic,viewpoint,viewpoint,True,osm_rule,high
OSM_node_3303979417,CAT006,heritage,historical,monument,True,osm_rule,high
OSM_node_3304098646,CAT006,heritage,historical,monument,True,osm_rule,high
OSM_node_3304120004,CAT006,heritage,historical,monument,True,osm_rule,high
OSM_node_3377407366,CAT007,heritage,historical,ruins,True,osm_rule,high
OSM_node_3852310928,CAT016,recreation,amusement,zoo,True,osm_rule,high
OSM_node_4096525696,CAT018,other,attraction,general_attraction,True,osm_rule,high
OSM_node_4135863789,CAT011,culture,museum,museum,True,osm_rule,high
OSM_node_4144220200,CAT017,scenic,viewpoint,viewpoint,True,osm_rule,high
OSM_node_4155758293,CAT018,other,attraction,general_attraction,True,osm_rule,high
OSM_node_4172519489,CAT018,other,attraction,general_attraction,True,osm_rule,high
OSM_node_4180811902,CAT006,heritage,historical,monument,True,osm_rule,high
OSM_node_4210802590,CAT018,other,attraction,general_attraction,True,osm_rule,high
OSM_node_4290667290,CAT018,other,attraction,general_attraction,True,osm_rule,high
OSM_node_4299365893,CAT018,other,attraction,general_attraction,True,osm_rule,high
OSM_node_4368051989,CAT018,other,attraction,general_attraction,True,osm_rule,high
OSM_node_4380328291,CAT011,culture,museum,museum,True,osm_rule,high
OSM_node_4380328692,CAT011,culture,museum,museum,True,osm_rule,high
OSM_node_4398735890,CAT006,heritage,historical,monument,True,osm_rule,high
OSM_node_4400532289,CAT005,natural,coastal,cape,True,osm_rule,high
OSM_node_4438550789,CAT011,culture,museum,museum,True,osm_rule,high
OSM_node_4494173589,CAT018,other,attraction,general_attraction,True,osm_rule,high
OSM_node_4551100291,CAT017,scenic,viewpoint,viewpoint,True,osm_rule,high
OSM_node_4551100293,CAT006,heritage,historical,monument,True,osm_rule,high
OSM_node_4564900090,CAT018,other,attraction,general_attraction,True,osm_rule,high
OSM_node_4564921289,CAT006,heritage,historical,monument,True,osm_rule,high
OSM_node_4589456390,CAT018,other,attraction,general_attraction,True,osm_rule,high
OSM_node_4599933336,CAT018,other,attraction,general_attraction,True,osm_rule,high
OSM_node_4601224690,CAT006,heritage,historical,monument,True,osm_rule,high
OSM_node_4609021390,CAT018,other,attraction,general_attraction,True,osm_rule,high
OSM_node_4624128289,CAT018,other,attraction,general_attraction,True,osm_rule,high
OSM_node_4644382089,CAT018,other,attraction,general_attraction,True,osm_rule,high
OSM_node_4661082495,CAT011,culture,museum,museum,True,osm_rule,high
OSM_node_4661290789,CAT011,culture,museum,museum,True,osm_rule,high
OSM_node_4670435890,CAT006,heritage,historical,monument,True,osm_rule,high
OSM_node_4696601293,CAT017,scenic,viewpoint,viewpoint,True,osm_rule,high
OSM_node_4708186090,CAT007,heritage,historical,ruins,True,osm_rule,high
OSM_node_4715192091,CAT006,heritage,historical,monument,True,osm_rule,high
OSM_node_4741482682,CAT001,natural,landscape,mountain,True,osm_rule,high
OSM_node_4742476776,CAT001,natural,landscape,mountain,True,osm_rule,high
OSM_node_4742626484,CAT001,natural,landscape,mountain,True,osm_rule,high
OSM_node_4742669985,CAT001,natural,landscape,mountain,True,osm_rule,high
OSM_node_4743138056,CAT001,natural,landscape,mountain,True,osm_rule,high
OSM_node_4743506391,CAT001,natural,landscape,mountain,True,osm_rule,high
OSM_node_4743611953,CAT001,natural,landscape,mountain,True,osm_rule,high
OSM_node_4743612004,CAT001,natural,landscape,mountain,True,osm_rule,high
OSM_node_4743612242,CAT001,natural,landscape,mountain,True,osm_rule,high
OSM_node_4752378024,CAT018,other,attraction,general_attraction,True,osm_rule,high
OSM_node_4782847667,CAT001,natural,landscape,mountain,True,osm_rule,high
OSM_node_4789617892,CAT001,natural,landscape,mountain,True,osm_rule,high
OSM_node_4790035231,CAT001,natural,landscape,mountain,True,osm_rule,high
OSM_node_4830024121,CAT006,heritage,historical,monument,True,osm_rule,high
OSM_node_4839879521,CAT018,other,attraction,general_attraction,True,osm_rule,high
OSM_node_4843739738,CAT011,culture,museum,museum,True,osm_rule,high
OSM_node_4912364521,CAT018,other,attraction,general_attraction,True,osm_rule,high
OSM_node_4926652121,CAT013,recreation,park,public_park,True,osm_rule,high
OSM_node_4956621222,CAT011,culture,museum,museum,True,osm_rule,high
OSM_node_4961718824,CAT011,culture,museum,museum,True,osm_rule,high
OSM_node_4961718922,CAT011,culture,museum,museum,True,osm_rule,high
OSM_node_5043949621,CAT018,other,attraction,general_attraction,True,osm_rule,high
OSM_node_5063378727,CAT017,scenic,viewpoint,viewpoint,True,osm_rule,high
OSM_node_5064283723,CAT006,heritage,historical,monument,True,osm_rule,high
OSM_node_5072875722,CAT018,other,attraction,general_attraction,True,osm_rule,high
OSM_node_5104295621,CAT017,scenic,viewpoint,viewpoint,True,osm_rule,high
OSM_node_5147403125,CAT018,other,attraction,general_attraction,True,osm_rule,high
OSM_node_5274759821,CAT018,other,attraction,general_attraction,True,osm_rule,high
OSM_node_5276928222,CAT018,other,attraction,general_attraction,True,osm_rule,high
OSM_node_5365980122,CAT018,other,attraction,general_attraction,True,osm_rule,high
OSM_node_5419832526,CAT018,other,attraction,general_attraction,True,osm_rule,high
OSM_node_5421575823,CAT018,other,attraction,general_attraction,True,osm_rule,high
OSM_node_5421708024,CAT018,other,attraction,general_attraction,True,osm_rule,high
OSM_node_5437425449,CAT006,heritage,historical,monument,True,osm_rule,high
OSM_node_5449920722,CAT018,other,attraction,general_attraction,True,osm_rule,high
OSM_node_5450092725,CAT018,other,attraction,general_attraction,True,osm_rule,high
OSM_node_5477741024,CAT017,scenic,viewpoint,viewpoint,True,osm_rule,high
OSM_node_5482783810,CAT006,heritage,historical,monument,True,osm_rule,high
OSM_node_5503133625,CAT018,other,attraction,general_attraction,True,osm_rule,high
OSM_node_5504714222,CAT018,other,attraction,general_attraction,True,osm_rule,high
OSM_node_5507108924,CAT018,other,attraction,general_attraction,True,osm_rule,high
OSM_node_5507108925,CAT012,culture,arts,gallery,True,osm_rule,high
OSM_node_5516432963,CAT006,heritage,historical,monument,True,osm_rule,high
OSM_node_5522545750,CAT001,natural,landscape,mountain,True,osm_rule,high
OSM_node_5522545751,CAT001,natural,landscape,mountain,True,osm_rule,high
OSM_node_5564560226,CAT017,scenic,viewpoint,viewpoint,True,osm_rule,high
OSM_node_5564560256,CAT017,scenic,viewpoint,viewpoint,True,osm_rule,high
OSM_node_5661470624,CAT018,other,attraction,general_attraction,True,osm_rule,high
OSM_node_5661583321,CAT018,other,attraction,general_attraction,True,osm_rule,high
OSM_node_5663001622,CAT017,scenic,viewpoint,viewpoint,True,osm_rule,high
OSM_node_5666385422,CAT018,other,attraction,general_attraction,True,osm_rule,high
OSM_node_5666385423,CAT017,scenic,viewpoint,viewpoint,True,osm_rule,high
OSM_node_5666387521,CAT017,scenic,viewpoint,viewpoint,True,osm_rule,high
OSM_node_5708359582,CAT001,natural,landscape,mountain,True,osm_rule,high
OSM_node_5720441945,CAT001,natural,landscape,mountain,True,osm_rule,high
OSM_node_5736659006,CAT004,natural,coastal,beach,True,osm_rule,high
OSM_node_5805971053,CAT006,heritage,historical,monument,True,osm_rule,high
OSM_node_5918762286,CAT018,other,attraction,general_attraction,True,osm_rule,high
OSM_node_5918784290,CAT018,other,attraction,general_attraction,True,osm_rule,high
OSM_node_5924017558,CAT006,heritage,historical,monument,True,osm_rule,high
OSM_node_5933150585,CAT018,other,attraction,general_attraction,True,osm_rule,high
OSM_node_5933175885,CAT004,natural,coastal,beach,True,osm_rule,high
OSM_node_5933185485,CAT004,natural,coastal,beach,True,osm_rule,high
OSM_node_6076276485,CAT017,scenic,viewpoint,viewpoint,True,osm_rule,high
OSM_node_6145233586,CAT018,other,attraction,general_attraction,True,osm_rule,high
OSM_node_6170864944,CAT006,heritage,historical,monument,True,osm_rule,high
OSM_node_6193892886,CAT018,other,attraction,general_attraction,True,osm_rule,high
OSM_node_6259080085,CAT018,other,attraction,general_attraction,True,osm_rule,high
OSM_node_6267330581,CAT001,natural,landscape,mountain,True,osm_rule,high
OSM_node_6268959985,CAT018,other,attraction,general_attraction,True,osm_rule,high
OSM_node_6271586785,CAT018,other,attraction,general_attraction,True,osm_rule,high
OSM_node_6322222686,CAT018,other,attraction,general_attraction,True,osm_rule,high
OSM_node_6330011030,CAT001,natural,landscape,mountain,True,osm_rule,high
OSM_node_6341135085,CAT018,other,attraction,general_attraction,True,osm_rule,high
OSM_node_6398597585,CAT018,other,attraction,general_attraction,True,osm_rule,high
OSM_node_6485816287,CAT001,natural,landscape,mountain,True,osm_rule,high
OSM_node_6612876595,CAT018,other,attraction,general_attraction,True,osm_rule,high
OSM_node_6618208585,CAT017,scenic,viewpoint,viewpoint,True,osm_rule,high
OSM_node_6720485186,CAT018,other,attraction,general_attraction,True,osm_rule,high
OSM_node_6813485169,CAT001,natural,landscape,mountain,True,osm_rule,high
OSM_node_6813485170,CAT001,natural,landscape,mountain,True,osm_rule,high
OSM_node_6816764807,CAT006,heritage,historical,monument,True,osm_rule,high
OSM_node_6816894511,CAT006,heritage,historical,monument,True,osm_rule,high
OSM_node_6816894516,CAT013,recreation,park,public_park,True,osm_rule,high
OSM_node_6816994344,CAT006,heritage,historical,monument,True,osm_rule,high
OSM_node_6816994370,CAT013,recreation,park,public_park,True,osm_rule,high
OSM_node_6822744346,CAT001,natural,landscape,mountain,True,osm_rule,high
OSM_node_6830750948,CAT006,heritage,historical,monument,True,osm_rule,high
OSM_node_6833787171,CAT006,heritage,historical,monument,True,osm_rule,high
OSM_node_6833787172,CAT006,heritage,historical,monument,True,osm_rule,high
OSM_node_6840818518,CAT001,natural,landscape,mountain,True,osm_rule,high
OSM_node_6844803400,CAT001,natural,landscape,mountain,True,osm_rule,high
OSM_node_6847562485,CAT006,heritage,historical,monument,True,osm_rule,high
OSM_node_6854623691,CAT001,natural,landscape,mountain,True,osm_rule,high
OSM_node_6860391193,CAT006,heritage,historical,monument,True,osm_rule,high
OSM_node_6861462287,CAT018,other,attraction,general_attraction,True,osm_rule,high
OSM_node_6863729884,CAT001,natural,landscape,mountain,True,osm_rule,high
OSM_node_6924662682,CAT001,natural,landscape,mountain,True,osm_rule,high
OSM_node_6924662683,CAT001,natural,landscape,mountain,True,osm_rule,high
OSM_node_6924662684,CAT001,natural,landscape,mountain,True,osm_rule,high
OSM_node_6924690885,CAT001,natural,landscape,mountain,True,osm_rule,high
OSM_node_6939086685,CAT017,scenic,viewpoint,viewpoint,True,osm_rule,high
OSM_node_6939086785,CAT017,scenic,viewpoint,viewpoint,True,osm_rule,high
OSM_node_6939086885,CAT017,scenic,viewpoint,viewpoint,True,osm_rule,high
OSM_node_6961182025,CAT001,natural,landscape,mountain,True,osm_rule,high
OSM_node_6961182026,CAT001,natural,landscape,mountain,True,osm_rule,high
OSM_node_6975273586,CAT017,scenic,viewpoint,viewpoint,True,osm_rule,high
OSM_node_7004037185,CAT017,scenic,viewpoint,viewpoint,True,osm_rule,high
OSM_node_7004099836,CAT001,natural,landscape,mountain,True,osm_rule,high
OSM_node_7019446389,CAT017,scenic,viewpoint,viewpoint,True,osm_rule,high
OSM_node_7024678195,CAT017,scenic,viewpoint,viewpoint,True,osm_rule,high
OSM_node_7024678196,CAT017,scenic,viewpoint,viewpoint,True,osm_rule,high
OSM_node_7024709290,CAT018,other,attraction,general_attraction,True,osm_rule,high
OSM_node_7081523185,CAT011,culture,museum,museum,True,osm_rule,high
OSM_node_7081523186,CAT011,culture,museum,museum,True,osm_rule,high
OSM_node_7081709185,CAT018,other,attraction,general_attraction,True,osm_rule,high
OSM_node_7108799702,CAT006,heritage,historical,monument,True,osm_rule,high
OSM_node_7108856813,CAT006,heritage,historical,monument,True,osm_rule,high
OSM_node_7123701586,CAT017,scenic,viewpoint,viewpoint,True,osm_rule,high
OSM_node_7152911385,CAT011,culture,museum,museum,True,osm_rule,high
OSM_node_7156369085,CAT017,scenic,viewpoint,viewpoint,True,osm_rule,high
OSM_node_7176626885,CAT005,natural,coastal,cape,True,osm_rule,high
OSM_node_7182961142,CAT003,natural,landscape,cave,True,osm_rule,high
OSM_node_7182981999,CAT003,natural,landscape,cave,True,osm_rule,high
OSM_node_7202547685,CAT001,natural,landscape,mountain,True,osm_rule,high
OSM_node_7229023085,CAT018,other,attraction,general_attraction,True,osm_rule,high
OSM_node_7283959585,CAT017,scenic,viewpoint,viewpoint,True,osm_rule,high
OSM_node_7799474568,CAT001,natural,landscape,mountain,True,osm_rule,high
OSM_node_7836973986,CAT017,scenic,viewpoint,viewpoint,True,osm_rule,high
OSM_node_7839616686,CAT017,scenic,viewpoint,viewpoint,True,osm_rule,high
OSM_node_7839619685,CAT017,scenic,viewpoint,viewpoint,True,osm_rule,high
OSM_node_7883592585,CAT017,scenic,viewpoint,viewpoint,True,osm_rule,high
OSM_node_7935166285,CAT018,other,attraction,general_attraction,True,osm_rule,high
OSM_node_7947189485,CAT017,scenic,viewpoint,viewpoint,True,osm_rule,high
OSM_node_7947189585,CAT017,scenic,viewpoint,viewpoint,True,osm_rule,high
OSM_node_7947339485,CAT017,scenic,viewpoint,viewpoint,True,osm_rule,high
OSM_node_7949434289,CAT017,scenic,viewpoint,viewpoint,True,osm_rule,high
OSM_node_7950397085,CAT017,scenic,viewpoint,viewpoint,True,osm_rule,high
OSM_node_7950397185,CAT017,scenic,viewpoint,viewpoint,True,osm_rule,high
OSM_node_7951465598,CAT017,scenic,viewpoint,viewpoint,True,osm_rule,high
OSM_node_7954051085,CAT017,scenic,viewpoint,viewpoint,True,osm_rule,high
OSM_node_7954051285,CAT017,scenic,viewpoint,viewpoint,True,osm_rule,high
OSM_node_7959462165,CAT017,scenic,viewpoint,viewpoint,True,osm_rule,high
OSM_node_8292065603,CAT001,natural,landscape,mountain,True,osm_rule,high
OSM_node_8292065727,CAT001,natural,landscape,mountain,True,osm_rule,high
OSM_node_8292065728,CAT001,natural,landscape,mountain,True,osm_rule,high
OSM_node_8491110117,CAT017,scenic,viewpoint,viewpoint,True,osm_rule,high
OSM_node_8579400781,CAT001,natural,landscape,mountain,True,osm_rule,high
OSM_node_8693352417,CAT018,other,attraction,general_attraction,True,osm_rule,high
OSM_node_9398517553,CAT006,heritage,historical,monument,True,osm_rule,high
OSM_node_9398517554,CAT006,heritage,historical,monument,True,osm_rule,high
OSM_node_9633116697,CAT018,other,attraction,general_attraction,True,osm_rule,high
OSM_node_9644488565,CAT011,culture,museum,museum,True,osm_rule,high
OSM_node_9974267816,CAT018,other,attraction,general_attraction,True,osm_rule,high
OSM_node_10285606509,CAT018,other,attraction,general_attraction,True,osm_rule,high
OSM_node_10314905409,CAT018,other,attraction,general_attraction,True,osm_rule,high
OSM_node_10729928005,CAT018,other,attraction,general_attraction,True,osm_rule,high
OSM_node_10828803976,CAT017,scenic,viewpoint,viewpoint,True,osm_rule,high
OSM_node_10831348406,CAT013,recreation,park,public_park,True,osm_rule,high
OSM_node_10989649005,CAT018,other,attraction,general_attraction,True,osm_rule,high
OSM_node_11047634305,CAT011,culture,museum,museum,True,osm_rule,high
OSM_node_11048038005,CAT018,other,attraction,general_attraction,True,osm_rule,high
OSM_node_11048391402,CAT001,natural,landscape,mountain,True,osm_rule,high
OSM_node_11052012805,CAT018,other,attraction,general_attraction,True,osm_rule,high
OSM_node_11242515549,CAT001,natural,landscape,mountain,True,osm_rule,high
OSM_node_11301313717,CAT001,natural,landscape,mountain,True,osm_rule,high
OSM_node_11301317180,CAT001,natural,landscape,mountain,True,osm_rule,high
OSM_node_11306736523,CAT001,natural,landscape,mountain,True,osm_rule,high
OSM_node_11306736524,CAT001,natural,landscape,mountain,True,osm_rule,high
OSM_node_11306736525,CAT001,natural,landscape,mountain,True,osm_rule,high
OSM_node_11336032629,CAT001,natural,landscape,mountain,True,osm_rule,high
OSM_node_11365555079,CAT018,other,attraction,general_attraction,True,osm_rule,high
OSM_node_11387673021,CAT001,natural,landscape,mountain,True,osm_rule,high
OSM_node_11387673758,CAT001,natural,landscape,mountain,True,osm_rule,high
OSM_node_11404441479,CAT001,natural,landscape,mountain,True,osm_rule,high
OSM_node_11404441780,CAT001,natural,landscape,mountain,True,osm_rule,high
OSM_node_11425582714,CAT017,scenic,viewpoint,viewpoint,True,osm_rule,high
OSM_node_11431634432,CAT001,natural,landscape,mountain,True,osm_rule,high
OSM_node_11431634462,CAT001,natural,landscape,mountain,True,osm_rule,high
OSM_node_11431658755,CAT001,natural,landscape,mountain,True,osm_rule,high
OSM_node_11482920048,CAT001,natural,landscape,mountain,True,osm_rule,high
OSM_node_11483110059,CAT001,natural,landscape,mountain,True,osm_rule,high
OSM_node_11483110060,CAT001,natural,landscape,mountain,True,osm_rule,high
OSM_node_11483110061,CAT001,natural,landscape,mountain,True,osm_rule,high
OSM_node_11483110062,CAT001,natural,landscape,mountain,True,osm_rule,high
OSM_node_11495857319,CAT001,natural,landscape,mountain,True,osm_rule,high
OSM_node_11505397854,CAT006,heritage,historical,monument,True,osm_rule,high
OSM_node_11508368683,CAT001,natural,landscape,mountain,True,osm_rule,high
OSM_node_11508370408,CAT001,natural,landscape,mountain,True,osm_rule,high
OSM_node_11508371211,CAT001,natural,landscape,mountain,True,osm_rule,high
OSM_node_11510497263,CAT001,natural,landscape,mountain,True,osm_rule,high
OSM_node_11511444619,CAT001,natural,landscape,mountain,True,osm_rule,high
OSM_node_11511638626,CAT001,natural,landscape,mountain,True,osm_rule,high
OSM_node_11511638692,CAT001,natural,landscape,mountain,True,osm_rule,high
OSM_node_11518610704,CAT001,natural,landscape,mountain,True,osm_rule,high
OSM_node_11522290600,CAT001,natural,landscape,mountain,True,osm_rule,high
OSM_node_11522302609,CAT001,natural,landscape,mountain,True,osm_rule,high
OSM_node_11523792533,CAT001,natural,landscape,mountain,True,osm_rule,high
OSM_node_11524554936,CAT001,natural,landscape,mountain,True,osm_rule,high
OSM_node_11526102913,CAT001,natural,landscape,mountain,True,osm_rule,high
OSM_node_11526119183,CAT001,natural,landscape,mountain,True,osm_rule,high
OSM_node_11526119647,CAT001,natural,landscape,mountain,True,osm_rule,high
OSM_node_11526119650,CAT001,natural,landscape,mountain,True,osm_rule,high
OSM_node_11526119752,CAT001,natural,landscape,mountain,True,osm_rule,high
OSM_node_11527241558,CAT001,natural,landscape,mountain,True,osm_rule,high
OSM_node_11533451398,CAT001,natural,landscape,mountain,True,osm_rule,high
OSM_node_11539056300,CAT001,natural,landscape,mountain,True,osm_rule,high
OSM_node_11542212858,CAT001,natural,landscape,mountain,True,osm_rule,high
OSM_node_11545858745,CAT001,natural,landscape,mountain,True,osm_rule,high
OSM_node_11546152999,CAT001,natural,landscape,mountain,True,osm_rule,high
OSM_node_11548484960,CAT001,natural,landscape,mountain,True,osm_rule,high
OSM_node_11553285168,CAT001,natural,landscape,mountain,True,osm_rule,high
OSM_node_11553317869,CAT001,natural,landscape,mountain,True,osm_rule,high
OSM_node_11553317870,CAT001,natural,landscape,mountain,True,osm_rule,high
OSM_node_11553317872,CAT001,natural,landscape,mountain,True,osm_rule,high
OSM_node_11553317873,CAT001,natural,landscape,mountain,True,osm_rule,high
OSM_node_11553317878,CAT001,natural,landscape,mountain,True,osm_rule,high
OSM_node_11553317889,CAT001,natural,landscape,mountain,True,osm_rule,high
OSM_node_11553317914,CAT001,natural,landscape,mountain,True,osm_rule,high
OSM_node_11553317916,CAT001,natural,landscape,mountain,True,osm_rule,high
OSM_node_11553317917,CAT001,natural,landscape,mountain,True,osm_rule,high
OSM_node_11553317926,CAT001,natural,landscape,mountain,True,osm_rule,high
OSM_node_11553317937,CAT001,natural,landscape,mountain,True,osm_rule,high
OSM_node_11553317938,CAT001,natural,landscape,mountain,True,osm_rule,high
OSM_node_11553317944,CAT001,natural,landscape,mountain,True,osm_rule,high
OSM_node_11553317945,CAT001,natural,landscape,mountain,True,osm_rule,high
OSM_node_11553317967,CAT001,natural,landscape,mountain,True,osm_rule,high
OSM_node_11555846929,CAT001,natural,landscape,mountain,True,osm_rule,high
OSM_node_11556130792,CAT001,natural,landscape,mountain,True,osm_rule,high
OSM_node_11556190869,CAT001,natural,landscape,mountain,True,osm_rule,high
OSM_node_11556190870,CAT001,natural,landscape,mountain,True,osm_rule,high
OSM_node_11556190871,CAT001,natural,landscape,mountain,True,osm_rule,high
OSM_node_11567697350,CAT001,natural,landscape,mountain,True,osm_rule,high
OSM_node_11576781955,CAT001,natural,landscape,mountain,True,osm_rule,high
OSM_node_11576782828,CAT001,natural,landscape,mountain,True,osm_rule,high
OSM_node_11577567570,CAT001,natural,landscape,mountain,True,osm_rule,high
OSM_node_11578034514,CAT001,natural,landscape,mountain,True,osm_rule,high
OSM_node_11586114071,CAT001,natural,landscape,mountain,True,osm_rule,high
OSM_node_11586114225,CAT001,natural,landscape,mountain,True,osm_rule,high
OSM_node_11586117176,CAT001,natural,landscape,mountain,True,osm_rule,high
OSM_node_11586117795,CAT001,natural,landscape,mountain,True,osm_rule,high
OSM_node_11598941137,CAT017,scenic,viewpoint,viewpoint,True,osm_rule,high
OSM_node_11610354755,CAT001,natural,landscape,mountain,True,osm_rule,high
OSM_node_11610356653,CAT001,natural,landscape,mountain,True,osm_rule,high
OSM_node_11610359102,CAT001,natural,landscape,mountain,True,osm_rule,high
OSM_node_11610359156,CAT001,natural,landscape,mountain,True,osm_rule,high
OSM_node_11611489393,CAT001,natural,landscape,mountain,True,osm_rule,high
OSM_node_11611489394,CAT001,natural,landscape,mountain,True,osm_rule,high
OSM_node_11612233781,CAT001,natural,landscape,mountain,True,osm_rule,high
OSM_node_11612707034,CAT001,natural,landscape,mountain,True,osm_rule,high
OSM_node_11612707035,CAT001,natural,landscape,mountain,True,osm_rule,high
OSM_node_11612707036,CAT001,natural,landscape,mountain,True,osm_rule,high
OSM_node_11612707037,CAT001,natural,landscape,mountain,True,osm_rule,high
OSM_node_11651212795,CAT001,natural,landscape,mountain,True,osm_rule,high
OSM_node_11651239446,CAT001,natural,landscape,mountain,True,osm_rule,high
OSM_node_11652627332,CAT001,natural,landscape,mountain,True,osm_rule,high
OSM_node_11652627333,CAT001,natural,landscape,mountain,True,osm_rule,high
OSM_node_11652627334,CAT001,natural,landscape,mountain,True,osm_rule,high
OSM_node_11652629540,CAT001,natural,landscape,mountain,True,osm_rule,high
OSM_node_11652629770,CAT001,natural,landscape,mountain,True,osm_rule,high
OSM_node_11655567997,CAT001,natural,landscape,mountain,True,osm_rule,high
OSM_node_11664116667,CAT001,natural,landscape,mountain,True,osm_rule,high
OSM_node_11664117501,CAT001,natural,landscape,mountain,True,osm_rule,high
OSM_node_11664119021,CAT001,natural,landscape,mountain,True,osm_rule,high
OSM_node_11664123216,CAT001,natural,landscape,mountain,True,osm_rule,high
OSM_node_11670719092,CAT006,heritage,historical,monument,True,osm_rule,high
OSM_node_11693514773,CAT001,natural,landscape,mountain,True,osm_rule,high
OSM_node_11695043264,CAT001,natural,landscape,mountain,True,osm_rule,high
OSM_node_11695729876,CAT001,natural,landscape,mountain,True,osm_rule,high
OSM_node_11725921033,CAT001,natural,landscape,mountain,True,osm_rule,high
OSM_node_11729872196,CAT017,scenic,viewpoint,viewpoint,True,osm_rule,high
OSM_node_11757653650,CAT001,natural,landscape,mountain,True,osm_rule,high
OSM_node_11758957657,CAT001,natural,landscape,mountain,True,osm_rule,high
OSM_node_11759198345,CAT001,natural,landscape,mountain,True,osm_rule,high
OSM_node_11759450784,CAT001,natural,landscape,mountain,True,osm_rule,high
OSM_node_11760688967,CAT001,natural,landscape,mountain,True,osm_rule,high
OSM_node_11760688968,CAT001,natural,landscape,mountain,True,osm_rule,high
OSM_node_11760706769,CAT001,natural,landscape,mountain,True,osm_rule,high
OSM_node_11760706770,CAT001,natural,landscape,mountain,True,osm_rule,high
OSM_node_11760706771,CAT001,natural,landscape,mountain,True,osm_rule,high
OSM_node_11760706772,CAT001,natural,landscape,mountain,True,osm_rule,high
OSM_node_11768473309,CAT001,natural,landscape,mountain,True,osm_rule,high
OSM_node_11768542835,CAT001,natural,landscape,mountain,True,osm_rule,high
OSM_node_11770705388,CAT001,natural,landscape,mountain,True,osm_rule,high
OSM_node_11770705390,CAT001,natural,landscape,mountain,True,osm_rule,high
OSM_node_11770705391,CAT001,natural,landscape,mountain,True,osm_rule,high
OSM_node_11772115864,CAT001,natural,landscape,mountain,True,osm_rule,high
OSM_node_11772115865,CAT001,natural,landscape,mountain,True,osm_rule,high
OSM_node_11772739291,CAT001,natural,landscape,mountain,True,osm_rule,high
OSM_node_11773124246,CAT001,natural,landscape,mountain,True,osm_rule,high
OSM_node_11773124248,CAT001,natural,landscape,mountain,True,osm_rule,high
OSM_node_11777211219,CAT001,natural,landscape,mountain,True,osm_rule,high
OSM_node_11777211316,CAT001,natural,landscape,mountain,True,osm_rule,high
OSM_node_11777212888,CAT001,natural,landscape,mountain,True,osm_rule,high
OSM_node_11779204901,CAT001,natural,landscape,mountain,True,osm_rule,high
OSM_node_11779204902,CAT001,natural,landscape,mountain,True,osm_rule,high
OSM_node_11779204910,CAT001,natural,landscape,mountain,True,osm_rule,high
OSM_node_11779204911,CAT001,natural,landscape,mountain,True,osm_rule,high
OSM_node_11789417242,CAT001,natural,landscape,mountain,True,osm_rule,high
OSM_node_11789417243,CAT001,natural,landscape,mountain,True,osm_rule,high
OSM_node_11789417244,CAT001,natural,landscape,mountain,True,osm_rule,high
OSM_node_11789417245,CAT001,natural,landscape,mountain,True,osm_rule,high
OSM_node_11789417246,CAT001,natural,landscape,mountain,True,osm_rule,high
OSM_node_11789417247,CAT001,natural,landscape,mountain,True,osm_rule,high
OSM_node_11789417248,CAT001,natural,landscape,mountain,True,osm_rule,high
OSM_node_11801201163,CAT001,natural,landscape,mountain,True,osm_rule,high
OSM_node_11807586402,CAT001,natural,landscape,mountain,True,osm_rule,high
OSM_node_11810221807,CAT001,natural,landscape,mountain,True,osm_rule,high
OSM_node_11815338447,CAT001,natural,landscape,mountain,True,osm_rule,high
OSM_node_11822379488,CAT001,natural,landscape,mountain,True,osm_rule,high
OSM_node_11847033202,CAT018,other,attraction,general_attraction,True,osm_rule,high
OSM_node_11847045481,CAT018,other,attraction,general_attraction,True,osm_rule,high
OSM_node_11856893767,CAT001,natural,landscape,mountain,True,osm_rule,high
OSM_node_11863889401,CAT001,natural,landscape,mountain,True,osm_rule,high
OSM_node_11863889402,CAT001,natural,landscape,mountain,True,osm_rule,high
OSM_node_11863889403,CAT001,natural,landscape,mountain,True,osm_rule,high
OSM_node_11863889408,CAT001,natural,landscape,mountain,True,osm_rule,high
OSM_node_11863889409,CAT001,natural,landscape,mountain,True,osm_rule,high
OSM_node_11863889410,CAT001,natural,landscape,mountain,True,osm_rule,high
OSM_node_11863902806,CAT001,natural,landscape,mountain,True,osm_rule,high
OSM_node_11879649108,CAT001,natural,landscape,mountain,True,osm_rule,high
OSM_node_11889802982,CAT001,natural,landscape,mountain,True,osm_rule,high
OSM_node_11892143447,CAT001,natural,landscape,mountain,True,osm_rule,high
OSM_node_11892143541,CAT001,natural,landscape,mountain,True,osm_rule,high
OSM_node_11895146919,CAT001,natural,landscape,mountain,True,osm_rule,high
OSM_node_11901451996,CAT001,natural,landscape,mountain,True,osm_rule,high
OSM_node_11906834440,CAT006,heritage,historical,monument,True,osm_rule,high
OSM_node_11916349146,CAT013,recreation,park,public_park,True,osm_rule,high
OSM_node_11918260737,CAT013,recreation,park,public_park,True,osm_rule,high
OSM_node_11936804000,CAT001,natural,landscape,mountain,True,osm_rule,high
OSM_node_11937282818,CAT001,natural,landscape,mountain,True,osm_rule,high
OSM_node_11943206423,CAT001,natural,landscape,mountain,True,osm_rule,high
OSM_node_11943206424,CAT001,natural,landscape,mountain,True,osm_rule,high
OSM_node_12045514195,CAT001,natural,landscape,mountain,True,osm_rule,high
OSM_node_12045516520,CAT001,natural,landscape,mountain,True,osm_rule,high
OSM_node_12045518866,CAT001,natural,landscape,mountain,True,osm_rule,high
OSM_node_12045520653,CAT001,natural,landscape,mountain,True,osm_rule,high
OSM_node_12045520770,CAT001,natural,landscape,mountain,True,osm_rule,high
OSM_node_12045520959,CAT001,natural,landscape,mountain,True,osm_rule,high
OSM_node_12045521350,CAT001,natural,landscape,mountain,True,osm_rule,high
OSM_node_12045521589,CAT001,natural,landscape,mountain,True,osm_rule,high
OSM_node_12050880294,CAT001,natural,landscape,mountain,True,osm_rule,high
OSM_node_12050880295,CAT001,natural,landscape,mountain,True,osm_rule,high
OSM_node_12050880296,CAT001,natural,landscape,mountain,True,osm_rule,high
OSM_node_12050880297,CAT001,natural,landscape,mountain,True,osm_rule,high
OSM_node_12050880298,CAT001,natural,landscape,mountain,True,osm_rule,high
OSM_node_12050880299,CAT001,natural,landscape,mountain,True,osm_rule,high
OSM_node_12050880300,CAT001,natural,landscape,mountain,True,osm_rule,high
OSM_node_12050880301,CAT001,natural,landscape,mountain,True,osm_rule,high
OSM_node_12050880302,CAT001,natural,landscape,mountain,True,osm_rule,high
OSM_node_12050880303,CAT001,natural,landscape,mountain,True,osm_rule,high
OSM_node_12050880304,CAT001,natural,landscape,mountain,True,osm_rule,high
OSM_node_12050880305,CAT001,natural,landscape,mountain,True,osm_rule,high
OSM_node_12050880306,CAT001,natural,landscape,mountain,True,osm_rule,high
OSM_node_12050880307,CAT001,natural,landscape,mountain,True,osm_rule,high
OSM_node_12050880308,CAT001,natural,landscape,mountain,True,osm_rule,high
OSM_node_12050880309,CAT001,natural,landscape,mountain,True,osm_rule,high
OSM_node_12050880310,CAT001,natural,landscape,mountain,True,osm_rule,high
OSM_node_12050880311,CAT001,natural,landscape,mountain,True,osm_rule,high
OSM_node_12050880314,CAT001,natural,landscape,mountain,True,osm_rule,high
OSM_node_12050880315,CAT001,natural,landscape,mountain,True,osm_rule,high
OSM_node_12050880316,CAT001,natural,landscape,mountain,True,osm_rule,high
OSM_node_12050880317,CAT001,natural,landscape,mountain,True,osm_rule,high
OSM_node_12050880318,CAT001,natural,landscape,mountain,True,osm_rule,high
OSM_node_12050880319,CAT001,natural,landscape,mountain,True,osm_rule,high
OSM_node_12050880320,CAT001,natural,landscape,mountain,True,osm_rule,high
OSM_node_12050880321,CAT001,natural,landscape,mountain,True,osm_rule,high
OSM_node_12050880322,CAT001,natural,landscape,mountain,True,osm_rule,high
OSM_node_12050880323,CAT001,natural,landscape,mountain,True,osm_rule,high
OSM_node_12050880324,CAT001,natural,landscape,mountain,True,osm_rule,high
OSM_node_12111909829,CAT001,natural,landscape,mountain,True,osm_rule,high
OSM_node_12111911383,CAT001,natural,landscape,mountain,True,osm_rule,high
OSM_node_12111911763,CAT001,natural,landscape,mountain,True,osm_rule,high
OSM_node_12111912210,CAT001,natural,landscape,mountain,True,osm_rule,high
OSM_node_12111913602,CAT001,natural,landscape,mountain,True,osm_rule,high
OSM_node_12115474965,CAT001,natural,landscape,mountain,True,osm_rule,high
OSM_node_12115474966,CAT001,natural,landscape,mountain,True,osm_rule,high
OSM_node_12115474967,CAT001,natural,landscape,mountain,True,osm_rule,high
OSM_node_12115474968,CAT001,natural,landscape,mountain,True,osm_rule,high
OSM_node_12115474969,CAT001,natural,landscape,mountain,True,osm_rule,high
OSM_node_12115474970,CAT001,natural,landscape,mountain,True,osm_rule,high
OSM_node_12115474971,CAT001,natural,landscape,mountain,True,osm_rule,high
OSM_node_12115474972,CAT001,natural,landscape,mountain,True,osm_rule,high
OSM_node_12115474973,CAT001,natural,landscape,mountain,True,osm_rule,high
OSM_node_12133285307,CAT001,natural,landscape,mountain,True,osm_rule,high
OSM_node_12613087809,CAT017,scenic,viewpoint,viewpoint,True,osm_rule,high
OSM_node_12646957834,CAT018,other,attraction,general_attraction,True,osm_rule,high
OSM_node_12670465925,CAT017,scenic,viewpoint,viewpoint,True,osm_rule,high
OSM_node_12677849873,CAT016,recreation,amusement,zoo,True,osm_rule,high
OSM_node_12846371536,CAT006,heritage,historical,monument,True,osm_rule,high
OSM_node_12846999690,CAT006,heritage,historical,monument,True,osm_rule,high
OSM_node_12878563601,CAT018,other,attraction,general_attraction,True,osm_rule,high
OSM_node_12953584121,CAT018,other,attraction,general_attraction,True,osm_rule,high
OSM_node_12990302236,CAT018,other,attraction,general_attraction,True,osm_rule,high
OSM_node_13027082984,CAT001,natural,landscape,mountain,True,osm_rule,high
OSM_node_13027088834,CAT001,natural,landscape,mountain,True,osm_rule,high
OSM_node_13057480901,CAT013,recreation,park,public_park,True,osm_rule,high
OSM_node_13057481001,CAT006,heritage,historical,monument,True,osm_rule,high
OSM_node_13057481101,CAT018,other,attraction,general_attraction,True,osm_rule,high
OSM_node_13059586149,CAT014,recreation,amusement,theme_park,True,osm_rule,high
OSM_node_13072770501,CAT018,other,attraction,general_attraction,True,osm_rule,high
OSM_node_13114679227,CAT018,other,attraction,general_attraction,True,osm_rule,high
OSM_node_13587216603,CAT018,other,attraction,general_attraction,True,osm_rule,high
OSM_node_13601118101,CAT018,other,attraction,general_attraction,True,osm_rule,high
OSM_node_13624635101,CAT017,scenic,viewpoint,viewpoint,True,osm_rule,high
OSM_node_13624993822,CAT006,heritage,historical,monument,True,osm_rule,high
OSM_node_13657735001,CAT017,scenic,viewpoint,viewpoint,True,osm_rule,high
OSM_node_13805820449,CAT017,scenic,viewpoint,viewpoint,True,osm_rule,high
OSM_node_13809493954,CAT017,scenic,viewpoint,viewpoint,True,osm_rule,high
OSM_node_13844412324,CAT018,other,attraction,general_attraction,True,osm_rule,high
OSM_node_13906102601,CAT014,recreation,amusement,theme_park,True,osm_rule,high
OSM_node_13953793101,CAT012,culture,arts,gallery,True,osm_rule,high
OSM_node_13980047479,CAT003,natural,landscape,cave,True,osm_rule,high
OSM_node_14063041500,CAT017,scenic,viewpoint,viewpoint,True,osm_rule,high
OSM_node_14063080338,CAT018,other,attraction,general_attraction,True,osm_rule,high
OSM_node_14063081089,CAT001,natural,landscape,mountain,True,osm_rule,high
OSM_way_52823719,CAT018,other,attraction,general_attraction,True,osm_rule,high
OSM_way_75065375,CAT004,natural,coastal,beach,True,osm_rule,high
OSM_way_99660966,CAT013,recreation,park,public_park,True,osm_rule,high
OSM_way_99661160,CAT013,recreation,park,public_park,True,osm_rule,high
OSM_way_99661190,CAT013,recreation,park,public_park,True,osm_rule,high
OSM_way_112232819,CAT018,other,attraction,general_attraction,True,osm_rule,high
OSM_way_129952058,CAT006,heritage,historical,monument,True,osm_rule,high
OSM_way_148033217,CAT013,recreation,park,public_park,True,osm_rule,high
OSM_way_148033228,CAT013,recreation,park,public_park,True,osm_rule,high
OSM_way_148033230,CAT013,recreation,park,public_park,True,osm_rule,high
OSM_way_148033232,CAT013,recreation,park,public_park,True,osm_rule,high
OSM_way_160717138,CAT013,recreation,park,public_park,True,osm_rule,high
OSM_way_168964517,CAT013,recreation,park,public_park,True,osm_rule,high
OSM_way_168964519,CAT013,recreation,park,public_park,True,osm_rule,high
OSM_way_182811878,CAT018,other,attraction,general_attraction,True,osm_rule,high
OSM_way_218688456,CAT006,heritage,historical,monument,True,osm_rule,high
OSM_way_228890322,CAT013,recreation,park,public_park,True,osm_rule,high
OSM_way_238544471,CAT013,recreation,park,public_park,True,osm_rule,high
OSM_way_239763861,CAT013,recreation,park,public_park,True,osm_rule,high
OSM_way_239788935,CAT013,recreation,park,public_park,True,osm_rule,high
OSM_way_239927901,CAT013,recreation,park,public_park,True,osm_rule,high
OSM_way_239932350,CAT011,culture,museum,museum,True,osm_rule,high
OSM_way_241733912,CAT013,recreation,park,public_park,True,osm_rule,high
OSM_way_241753821,CAT013,recreation,park,public_park,True,osm_rule,high
OSM_way_254983237,CAT013,recreation,park,public_park,True,osm_rule,high
OSM_way_259046004,CAT013,recreation,park,public_park,True,osm_rule,high
OSM_way_261042873,CAT013,recreation,park,public_park,True,osm_rule,high
OSM_way_261181197,CAT013,recreation,park,public_park,True,osm_rule,high
OSM_way_261182804,CAT013,recreation,park,public_park,True,osm_rule,high
OSM_way_261183132,CAT013,recreation,park,public_park,True,osm_rule,high
OSM_way_261710309,CAT011,culture,museum,museum,True,osm_rule,high
OSM_way_261710309,CAT006,heritage,historical,monument,False,osm_rule,high
OSM_way_261719783,CAT013,recreation,park,public_park,True,osm_rule,high
OSM_way_261881984,CAT013,recreation,park,public_park,True,osm_rule,high
OSM_way_271697181,CAT006,heritage,historical,monument,True,osm_rule,high
OSM_way_321991607,CAT013,recreation,park,public_park,True,osm_rule,high
OSM_way_361692317,CAT011,culture,museum,museum,True,osm_rule,high
OSM_way_366645177,CAT013,recreation,park,public_park,True,osm_rule,high
OSM_way_407601487,CAT018,other,attraction,general_attraction,True,osm_rule,high
OSM_way_407604909,CAT013,recreation,park,public_park,True,osm_rule,high
OSM_way_407607923,CAT018,other,attraction,general_attraction,True,osm_rule,high
OSM_way_410573820,CAT006,heritage,historical,monument,True,osm_rule,high
OSM_way_473088090,CAT011,culture,museum,museum,True,osm_rule,high
OSM_way_473540518,CAT013,recreation,park,public_park,True,osm_rule,high
OSM_way_473771564,CAT013,recreation,park,public_park,True,osm_rule,high
OSM_way_521243530,CAT015,recreation,amusement,water_park,True,osm_rule,high
OSM_way_521301155,CAT013,recreation,park,public_park,True,osm_rule,high
OSM_way_521598336,CAT013,recreation,park,public_park,True,osm_rule,high
OSM_way_530247697,CAT013,recreation,park,public_park,True,osm_rule,high
OSM_way_541543831,CAT018,other,attraction,general_attraction,True,osm_rule,high
OSM_way_541543834,CAT006,heritage,historical,monument,True,osm_rule,high
OSM_way_541543856,CAT011,culture,museum,museum,True,osm_rule,high
OSM_way_541543886,CAT011,culture,museum,museum,True,osm_rule,high
OSM_way_550599831,CAT013,recreation,park,public_park,True,osm_rule,high
OSM_way_569352552,CAT011,culture,museum,museum,True,osm_rule,high
OSM_way_594236772,CAT013,recreation,park,public_park,True,osm_rule,high
OSM_way_600922907,CAT013,recreation,park,public_park,True,osm_rule,high
OSM_way_654251642,CAT011,culture,museum,museum,True,osm_rule,high
OSM_way_656501377,CAT013,recreation,park,public_park,True,osm_rule,high
OSM_way_659079714,CAT013,recreation,park,public_park,True,osm_rule,high
OSM_way_669630370,CAT013,recreation,park,public_park,True,osm_rule,high
OSM_way_675609183,CAT013,recreation,park,public_park,True,osm_rule,high
OSM_way_675609191,CAT013,recreation,park,public_park,True,osm_rule,high
OSM_way_675609192,CAT013,recreation,park,public_park,True,osm_rule,high
OSM_way_675609211,CAT013,recreation,park,public_park,True,osm_rule,high
OSM_way_675609214,CAT013,recreation,park,public_park,True,osm_rule,high
OSM_way_675609220,CAT013,recreation,park,public_park,True,osm_rule,high
OSM_way_675609221,CAT013,recreation,park,public_park,True,osm_rule,high
OSM_way_675609227,CAT013,recreation,park,public_park,True,osm_rule,high
OSM_way_675609228,CAT013,recreation,park,public_park,True,osm_rule,high
OSM_way_688382470,CAT006,heritage,historical,monument,True,osm_rule,high
OSM_way_692595884,CAT013,recreation,park,public_park,True,osm_rule,high
OSM_way_717517497,CAT013,recreation,park,public_park,True,osm_rule,high
OSM_way_727012680,CAT013,recreation,park,public_park,True,osm_rule,high
OSM_way_727261667,CAT013,recreation,park,public_park,True,osm_rule,high
OSM_way_728076205,CAT013,recreation,park,public_park,True,osm_rule,high
OSM_way_737864972,CAT013,recreation,park,public_park,True,osm_rule,high
OSM_way_739799915,CAT006,heritage,historical,monument,True,osm_rule,high
OSM_way_739799960,CAT008,heritage,historical,archaeological_site,True,osm_rule,high
OSM_way_741239551,CAT013,recreation,park,public_park,True,osm_rule,high
OSM_way_741239559,CAT011,culture,museum,museum,True,osm_rule,high
OSM_way_741239603,CAT013,recreation,park,public_park,True,osm_rule,high
OSM_way_741239642,CAT013,recreation,park,public_park,True,osm_rule,high
OSM_way_747789979,CAT006,heritage,historical,monument,True,osm_rule,high
OSM_way_748981309,CAT013,recreation,park,public_park,True,osm_rule,high
OSM_way_775773134,CAT004,natural,coastal,beach,True,osm_rule,high
OSM_way_777438901,CAT006,heritage,historical,monument,True,osm_rule,high
OSM_way_1168494152,CAT013,recreation,park,public_park,True,osm_rule,high
OSM_way_1195398460,CAT013,recreation,park,public_park,True,osm_rule,high
OSM_way_1202801991,CAT006,heritage,historical,monument,True,osm_rule,high
OSM_way_1202801992,CAT013,recreation,park,public_park,True,osm_rule,high
OSM_way_1235353536,CAT013,recreation,park,public_park,True,osm_rule,high
OSM_way_1235362860,CAT013,recreation,park,public_park,True,osm_rule,high
OSM_way_1237254137,CAT013,recreation,park,public_park,True,osm_rule,high
OSM_way_1248090394,CAT013,recreation,park,public_park,True,osm_rule,high
OSM_way_1330850745,CAT013,recreation,park,public_park,True,osm_rule,high
OSM_way_1344741012,CAT013,recreation,park,public_park,True,osm_rule,high
OSM_way_1344741687,CAT006,heritage,historical,monument,True,osm_rule,high
OSM_way_1346875867,CAT013,recreation,park,public_park,True,osm_rule,high
OSM_way_1346875988,CAT006,heritage,historical,monument,True,osm_rule,high
OSM_way_1355659863,CAT013,recreation,park,public_park,True,osm_rule,high
OSM_way_1355661170,CAT013,recreation,park,public_park,True,osm_rule,high
OSM_way_1372258701,CAT015,recreation,amusement,water_park,True,osm_rule,high
OSM_way_1380840715,CAT013,recreation,park,public_park,True,osm_rule,high
OSM_way_1380860787,CAT013,recreation,park,public_park,True,osm_rule,high
OSM_way_1385735633,CAT006,heritage,historical,monument,True,osm_rule,high
OSM_way_1387727617,CAT013,recreation,park,public_park,True,osm_rule,high
OSM_way_1390263058,CAT013,recreation,park,public_park,True,osm_rule,high
OSM_way_1395902559,CAT013,recreation,park,public_park,True,osm_rule,high
OSM_way_1409964975,CAT013,recreation,park,public_park,True,osm_rule,high
OSM_way_1411817932,CAT013,recreation,park,public_park,True,osm_rule,high
OSM_way_1411817945,CAT013,recreation,park,public_park,True,osm_rule,high
OSM_way_1416944806,CAT013,recreation,park,public_park,True,osm_rule,high
OSM_way_1417489002,CAT018,other,attraction,general_attraction,True,osm_rule,high
OSM_way_1418616745,CAT018,other,attraction,general_attraction,True,osm_rule,high
OSM_way_1421081176,CAT013,recreation,park,public_park,True,osm_rule,high
OSM_way_1427020840,CAT013,recreation,park,public_park,True,osm_rule,high
OSM_way_1427022861,CAT013,recreation,park,public_park,True,osm_rule,high
OSM_way_1453744510,CAT018,other,attraction,general_attraction,True,osm_rule,high
OSM_way_1460713728,CAT013,recreation,park,public_park,True,osm_rule,high
OSM_way_1486332120,CAT018,other,attraction,general_attraction,True,osm_rule,high
OSM_way_1486336890,CAT018,other,attraction,general_attraction,True,osm_rule,high
OSM_way_1501823354,CAT013,recreation,park,public_park,True,osm_rule,high
OSM_way_1509937793,CAT013,recreation,park,public_park,True,osm_rule,high
OSM_way_1515399859,CAT018,other,attraction,general_attraction,True,osm_rule,high
OSM_way_1524706757,CAT013,recreation,park,public_park,True,osm_rule,high
OSM_way_1545026830,CAT011,culture,museum,museum,True,osm_rule,high
OSM_relation_7758125,CAT011,culture,museum,museum,True,osm_rule,high
OSM_relation_17877171,CAT018,other,attraction,general_attraction,True,osm_rule,high
OSM_relation_18470801,CAT013,recreation,park,public_park,True,osm_rule,high
OSM_relation_18478694,CAT006,heritage,historical,monument,True,osm_rule,high
OSM_relation_20594897,CAT013,recreation,park,public_park,True,osm_rule,high
OSM_relation_20657435,CAT011,culture,museum,museum,True,osm_rule,high
OSM_node_411926448,CAT006,heritage,historical,monument,True,osm_rule,high
OSM_node_1001114513,CAT011,culture,museum,museum,True,osm_rule,high
OSM_node_1270298420,CAT008,heritage,historical,archaeological_site,True,osm_rule,high
OSM_node_1270298492,CAT006,heritage,historical,monument,True,osm_rule,high
OSM_node_1274620669,CAT006,heritage,historical,monument,True,osm_rule,high
OSM_node_1276258153,CAT018,other,attraction,general_attraction,True,osm_rule,high
OSM_node_1276258233,CAT018,other,attraction,general_attraction,True,osm_rule,high
OSM_node_1357552699,CAT006,heritage,historical,monument,True,osm_rule,high
OSM_node_1388480068,CAT018,other,attraction,general_attraction,True,osm_rule,high
OSM_node_1770193818,CAT011,culture,museum,museum,True,osm_rule,high
OSM_node_1770193841,CAT006,heritage,historical,monument,True,osm_rule,high
OSM_node_1771088897,CAT006,heritage,historical,monument,True,osm_rule,high
OSM_node_2230447361,CAT011,culture,museum,museum,True,osm_rule,high
OSM_node_2267874377,CAT006,heritage,historical,monument,True,osm_rule,high
OSM_node_2296759171,CAT018,other,attraction,general_attraction,True,osm_rule,high
OSM_node_2297147235,CAT006,heritage,historical,monument,True,osm_rule,high
OSM_node_2297794195,CAT011,culture,museum,museum,True,osm_rule,high
OSM_node_2307554577,CAT005,natural,coastal,cape,True,osm_rule,high
OSM_node_2410639584,CAT006,heritage,historical,monument,True,osm_rule,high
OSM_node_2435353682,CAT005,natural,coastal,cape,True,osm_rule,high
OSM_node_2447278570,CAT001,natural,landscape,mountain,True,osm_rule,high
OSM_node_2452682527,CAT001,natural,landscape,mountain,True,osm_rule,high
OSM_node_2452692940,CAT001,natural,landscape,mountain,True,osm_rule,high
OSM_node_2523265964,CAT001,natural,landscape,mountain,True,osm_rule,high
OSM_node_2653846762,CAT018,other,attraction,general_attraction,True,osm_rule,high
OSM_node_2653846777,CAT005,natural,coastal,cape,True,osm_rule,high
OSM_node_2725071624,CAT006,heritage,historical,monument,True,osm_rule,high
OSM_node_2741379610,CAT006,heritage,historical,monument,True,osm_rule,high
OSM_node_2755891979,CAT006,heritage,historical,monument,True,osm_rule,high
OSM_node_2891024263,CAT006,heritage,historical,monument,True,osm_rule,high
OSM_node_2942308148,CAT006,heritage,historical,monument,True,osm_rule,high
OSM_node_3116339965,CAT007,heritage,historical,ruins,True,osm_rule,high
OSM_node_3208609061,CAT013,recreation,park,public_park,True,osm_rule,high
OSM_node_3339965902,CAT006,heritage,historical,monument,True,osm_rule,high
OSM_node_3812282642,CAT006,heritage,historical,monument,True,osm_rule,high
OSM_node_4110078089,CAT011,culture,museum,museum,True,osm_rule,high
OSM_node_4111509589,CAT018,other,attraction,general_attraction,True,osm_rule,high
OSM_node_4122275990,CAT006,heritage,historical,monument,True,osm_rule,high
OSM_node_4131348092,CAT011,culture,museum,museum,True,osm_rule,high
OSM_node_4131348295,CAT012,culture,arts,gallery,True,osm_rule,high
OSM_node_4131498489,CAT011,culture,museum,museum,True,osm_rule,high
OSM_node_4131725789,CAT018,other,attraction,general_attraction,True,osm_rule,high
OSM_node_4139573698,CAT018,other,attraction,general_attraction,True,osm_rule,high
OSM_node_4139586001,CAT018,other,attraction,general_attraction,True,osm_rule,high
OSM_node_4171787601,CAT011,culture,museum,museum,True,osm_rule,high
OSM_node_4171823889,CAT018,other,attraction,general_attraction,True,osm_rule,high
OSM_node_4187221190,CAT018,other,attraction,general_attraction,True,osm_rule,high
OSM_node_4196982091,CAT018,other,attraction,general_attraction,True,osm_rule,high
OSM_node_4220779696,CAT006,heritage,historical,monument,True,osm_rule,high
OSM_node_4223398172,CAT018,other,attraction,general_attraction,True,osm_rule,high
OSM_node_4223828694,CAT018,other,attraction,general_attraction,True,osm_rule,high
OSM_node_4261054307,CAT006,heritage,historical,monument,True,osm_rule,high
OSM_node_4314656617,CAT018,other,attraction,general_attraction,True,osm_rule,high
OSM_node_4339500392,CAT017,scenic,viewpoint,viewpoint,True,osm_rule,high
OSM_node_4340529798,CAT006,heritage,historical,monument,True,osm_rule,high
OSM_node_4340579090,CAT006,heritage,historical,monument,True,osm_rule,high
OSM_node_4355457194,CAT006,heritage,historical,monument,True,osm_rule,high
OSM_node_4374974795,CAT011,culture,museum,museum,True,osm_rule,high
OSM_node_4374995393,CAT011,culture,museum,museum,True,osm_rule,high
OSM_node_4384760684,CAT013,recreation,park,public_park,True,osm_rule,high
OSM_node_4428326591,CAT006,heritage,historical,monument,True,osm_rule,high
OSM_node_4432134392,CAT017,scenic,viewpoint,viewpoint,True,osm_rule,high
OSM_node_4452998291,CAT017,scenic,viewpoint,viewpoint,True,osm_rule,high
OSM_node_4469451589,CAT018,other,attraction,general_attraction,True,osm_rule,high
OSM_node_4469809893,CAT018,other,attraction,general_attraction,True,osm_rule,high
OSM_node_4472920894,CAT006,heritage,historical,monument,True,osm_rule,high
OSM_node_4566036694,CAT018,other,attraction,general_attraction,True,osm_rule,high
OSM_node_4588487990,CAT017,scenic,viewpoint,viewpoint,True,osm_rule,high
OSM_node_4588607089,CAT018,other,attraction,general_attraction,True,osm_rule,high
OSM_node_4596993489,CAT006,heritage,historical,monument,True,osm_rule,high
OSM_node_4601176590,CAT017,scenic,viewpoint,viewpoint,True,osm_rule,high
OSM_node_4623073689,CAT011,culture,museum,museum,True,osm_rule,high
OSM_node_4695553190,CAT018,other,attraction,general_attraction,True,osm_rule,high
OSM_node_4698526711,CAT018,other,attraction,general_attraction,True,osm_rule,high
OSM_node_4698973905,CAT018,other,attraction,general_attraction,True,osm_rule,high
OSM_node_4701562703,CAT018,other,attraction,general_attraction,True,osm_rule,high
OSM_node_4711251286,CAT018,other,attraction,general_attraction,True,osm_rule,high
OSM_node_4720321393,CAT018,other,attraction,general_attraction,True,osm_rule,high
OSM_node_4746301227,CAT018,other,attraction,general_attraction,True,osm_rule,high
OSM_node_4758031421,CAT018,other,attraction,general_attraction,True,osm_rule,high
OSM_node_4758804844,CAT011,culture,museum,museum,True,osm_rule,high
OSM_node_4758804846,CAT011,culture,museum,museum,True,osm_rule,high
OSM_node_4758804847,CAT011,culture,museum,museum,True,osm_rule,high
OSM_node_4758804848,CAT011,culture,museum,museum,True,osm_rule,high
OSM_node_4758804852,CAT011,culture,museum,museum,True,osm_rule,high
OSM_node_4758805131,CAT011,culture,museum,museum,True,osm_rule,high
OSM_node_4758805139,CAT011,culture,museum,museum,True,osm_rule,high
OSM_node_4758806821,CAT011,culture,museum,museum,True,osm_rule,high
OSM_node_4759000554,CAT011,culture,museum,museum,True,osm_rule,high
OSM_node_4765880121,CAT011,culture,museum,museum,True,osm_rule,high
OSM_node_4783009200,CAT001,natural,landscape,mountain,True,osm_rule,high
OSM_node_4783009202,CAT001,natural,landscape,mountain,True,osm_rule,high
OSM_node_4789726669,CAT001,natural,landscape,mountain,True,osm_rule,high
OSM_node_4789726675,CAT001,natural,landscape,mountain,True,osm_rule,high
OSM_node_4789726676,CAT001,natural,landscape,mountain,True,osm_rule,high
OSM_node_4802739923,CAT006,heritage,historical,monument,True,osm_rule,high
OSM_node_4813087459,CAT006,heritage,historical,monument,True,osm_rule,high
OSM_node_4828147520,CAT017,scenic,viewpoint,viewpoint,True,osm_rule,high
OSM_node_4841588841,CAT018,other,attraction,general_attraction,True,osm_rule,high
OSM_node_4865522503,CAT006,heritage,historical,monument,True,osm_rule,high
OSM_node_4898430958,CAT018,other,attraction,general_attraction,True,osm_rule,high
OSM_node_4960234435,CAT017,scenic,viewpoint,viewpoint,True,osm_rule,high
OSM_node_4960234436,CAT017,scenic,viewpoint,viewpoint,True,osm_rule,high
OSM_node_5027534021,CAT017,scenic,viewpoint,viewpoint,True,osm_rule,high
OSM_node_5059962424,CAT011,culture,museum,museum,True,osm_rule,high
OSM_node_5059984021,CAT011,culture,museum,museum,True,osm_rule,high
OSM_node_5118605121,CAT018,other,attraction,general_attraction,True,osm_rule,high
OSM_node_5136850121,CAT018,other,attraction,general_attraction,True,osm_rule,high
OSM_node_5137981655,CAT018,other,attraction,general_attraction,True,osm_rule,high
OSM_node_5179064421,CAT013,recreation,park,public_park,True,osm_rule,high
OSM_node_5211390921,CAT006,heritage,historical,monument,True,osm_rule,high
OSM_node_5300822921,CAT018,other,attraction,general_attraction,True,osm_rule,high
OSM_node_5302995921,CAT018,other,attraction,general_attraction,True,osm_rule,high
OSM_node_5309941724,CAT006,heritage,historical,monument,True,osm_rule,high
OSM_node_5355918921,CAT011,culture,museum,museum,True,osm_rule,high
OSM_node_5378089323,CAT018,other,attraction,general_attraction,True,osm_rule,high
OSM_node_5382283921,CAT011,culture,museum,museum,True,osm_rule,high
OSM_node_5388462723,CAT018,other,attraction,general_attraction,True,osm_rule,high
OSM_node_5397202421,CAT011,culture,museum,museum,True,osm_rule,high
OSM_node_5406943023,CAT018,other,attraction,general_attraction,True,osm_rule,high
OSM_node_5416326460,CAT018,other,attraction,general_attraction,True,osm_rule,high
OSM_node_5419821922,CAT018,other,attraction,general_attraction,True,osm_rule,high
OSM_node_5420576423,CAT011,culture,museum,museum,True,osm_rule,high
OSM_node_5422245644,CAT017,scenic,viewpoint,viewpoint,True,osm_rule,high
OSM_node_5433188023,CAT018,other,attraction,general_attraction,True,osm_rule,high
OSM_node_5475658676,CAT001,natural,landscape,mountain,True,osm_rule,high
OSM_node_5477035322,CAT011,culture,museum,museum,True,osm_rule,high
OSM_node_5477035524,CAT006,heritage,historical,monument,True,osm_rule,high
OSM_node_5537927332,CAT001,natural,landscape,mountain,True,osm_rule,high
OSM_node_5537927817,CAT006,heritage,historical,monument,True,osm_rule,high
OSM_node_5595862925,CAT006,heritage,historical,monument,True,osm_rule,high
OSM_node_5606336362,CAT011,culture,museum,museum,True,osm_rule,high
OSM_node_5659685522,CAT018,other,attraction,general_attraction,True,osm_rule,high
OSM_node_5661406822,CAT018,other,attraction,general_attraction,True,osm_rule,high
OSM_node_5661418822,CAT018,other,attraction,general_attraction,True,osm_rule,high
OSM_node_5666383122,CAT017,scenic,viewpoint,viewpoint,True,osm_rule,high
OSM_node_5680616724,CAT018,other,attraction,general_attraction,True,osm_rule,high
OSM_node_5743382521,CAT017,scenic,viewpoint,viewpoint,True,osm_rule,high
OSM_node_5747234522,CAT018,other,attraction,general_attraction,True,osm_rule,high
OSM_node_5788750953,CAT003,natural,landscape,cave,True,osm_rule,high
OSM_node_5825261704,CAT001,natural,landscape,mountain,True,osm_rule,high
OSM_node_5825261715,CAT001,natural,landscape,mountain,True,osm_rule,high
OSM_node_5825261726,CAT001,natural,landscape,mountain,True,osm_rule,high
OSM_node_5826207808,CAT005,natural,coastal,cape,True,osm_rule,high
OSM_node_5826260261,CAT005,natural,coastal,cape,True,osm_rule,high
OSM_node_5894538758,CAT013,recreation,park,public_park,True,osm_rule,high
OSM_node_5922616130,CAT018,other,attraction,general_attraction,True,osm_rule,high
OSM_node_5922616522,CAT018,other,attraction,general_attraction,True,osm_rule,high
OSM_node_5922616523,CAT018,other,attraction,general_attraction,True,osm_rule,high
OSM_node_5922616526,CAT018,other,attraction,general_attraction,True,osm_rule,high
OSM_node_5922616527,CAT018,other,attraction,general_attraction,True,osm_rule,high
OSM_node_5922616531,CAT018,other,attraction,general_attraction,True,osm_rule,high
OSM_node_5922616532,CAT018,other,attraction,general_attraction,True,osm_rule,high
OSM_node_5922616533,CAT018,other,attraction,general_attraction,True,osm_rule,high
OSM_node_5922616535,CAT018,other,attraction,general_attraction,True,osm_rule,high
OSM_node_5922616536,CAT018,other,attraction,general_attraction,True,osm_rule,high
OSM_node_6045632728,CAT018,other,attraction,general_attraction,True,osm_rule,high
OSM_node_6045633938,CAT018,other,attraction,general_attraction,True,osm_rule,high
OSM_node_6045633961,CAT018,other,attraction,general_attraction,True,osm_rule,high
OSM_node_6045634869,CAT018,other,attraction,general_attraction,True,osm_rule,high
OSM_node_6112086285,CAT018,other,attraction,general_attraction,True,osm_rule,high
OSM_node_6129854286,CAT018,other,attraction,general_attraction,True,osm_rule,high
OSM_node_6161003890,CAT018,other,attraction,general_attraction,True,osm_rule,high
OSM_node_6161305887,CAT018,other,attraction,general_attraction,True,osm_rule,high
OSM_node_6167967086,CAT018,other,attraction,general_attraction,True,osm_rule,high
OSM_node_6232490486,CAT017,scenic,viewpoint,viewpoint,True,osm_rule,high
OSM_node_6232490487,CAT017,scenic,viewpoint,viewpoint,True,osm_rule,high
OSM_node_6278872429,CAT006,heritage,historical,monument,True,osm_rule,high
OSM_node_6280137428,CAT013,recreation,park,public_park,True,osm_rule,high
OSM_node_6283705747,CAT006,heritage,historical,monument,True,osm_rule,high
OSM_node_6314254009,CAT017,scenic,viewpoint,viewpoint,True,osm_rule,high
OSM_node_6315671636,CAT006,heritage,historical,monument,True,osm_rule,high
OSM_node_6330011031,CAT001,natural,landscape,mountain,True,osm_rule,high
OSM_node_6330011032,CAT001,natural,landscape,mountain,True,osm_rule,high
OSM_node_6330011033,CAT001,natural,landscape,mountain,True,osm_rule,high
OSM_node_6330011034,CAT001,natural,landscape,mountain,True,osm_rule,high
OSM_node_6344633485,CAT018,other,attraction,general_attraction,True,osm_rule,high
OSM_node_6361818785,CAT006,heritage,historical,monument,True,osm_rule,high
OSM_node_6405781185,CAT017,scenic,viewpoint,viewpoint,True,osm_rule,high
OSM_node_6411577733,CAT007,heritage,historical,ruins,True,osm_rule,high
OSM_node_6460785287,CAT017,scenic,viewpoint,viewpoint,True,osm_rule,high
OSM_node_6522497649,CAT018,other,attraction,general_attraction,True,osm_rule,high
OSM_node_6539155592,CAT013,recreation,park,public_park,True,osm_rule,high
OSM_node_6621952885,CAT017,scenic,viewpoint,viewpoint,True,osm_rule,high
OSM_node_6632479640,CAT001,natural,landscape,mountain,True,osm_rule,high
OSM_node_6632479641,CAT001,natural,landscape,mountain,True,osm_rule,high
OSM_node_6657302657,CAT013,recreation,park,public_park,True,osm_rule,high
OSM_node_6788701449,CAT018,other,attraction,general_attraction,True,osm_rule,high
OSM_node_6794512017,CAT013,recreation,park,public_park,True,osm_rule,high
OSM_node_6830751275,CAT006,heritage,historical,monument,True,osm_rule,high
OSM_node_6892187773,CAT018,other,attraction,general_attraction,True,osm_rule,high
OSM_node_6895260942,CAT006,heritage,historical,monument,True,osm_rule,high
OSM_node_6895804352,CAT004,natural,coastal,beach,True,osm_rule,high
OSM_node_6897629528,CAT004,natural,coastal,beach,True,osm_rule,high
OSM_node_6899808319,CAT004,natural,coastal,beach,True,osm_rule,high
OSM_node_6900182559,CAT001,natural,landscape,mountain,True,osm_rule,high
OSM_node_6901123913,CAT001,natural,landscape,mountain,True,osm_rule,high
OSM_node_6908808043,CAT003,natural,landscape,cave,True,osm_rule,high
OSM_node_6909743958,CAT006,heritage,historical,monument,True,osm_rule,high
OSM_node_6920066786,CAT006,heritage,historical,monument,True,osm_rule,high
OSM_node_6920066882,CAT004,natural,coastal,beach,True,osm_rule,high
OSM_node_6936407400,CAT001,natural,landscape,mountain,True,osm_rule,high
OSM_node_6959954948,CAT006,heritage,historical,monument,True,osm_rule,high
OSM_node_6961186104,CAT008,heritage,historical,archaeological_site,True,osm_rule,high
OSM_node_6961186109,CAT001,natural,landscape,mountain,True,osm_rule,high
OSM_node_6961186110,CAT001,natural,landscape,mountain,True,osm_rule,high
OSM_node_6963028402,CAT006,heritage,historical,monument,True,osm_rule,high
OSM_node_6963032286,CAT017,scenic,viewpoint,viewpoint,True,osm_rule,high
OSM_node_6963032387,CAT017,scenic,viewpoint,viewpoint,True,osm_rule,high
OSM_node_6963032388,CAT017,scenic,viewpoint,viewpoint,True,osm_rule,high
OSM_node_6963032389,CAT017,scenic,viewpoint,viewpoint,True,osm_rule,high
OSM_node_6963035385,CAT017,scenic,viewpoint,viewpoint,True,osm_rule,high
OSM_node_6963035485,CAT017,scenic,viewpoint,viewpoint,True,osm_rule,high
OSM_node_6963035486,CAT017,scenic,viewpoint,viewpoint,True,osm_rule,high
OSM_node_6963035585,CAT017,scenic,viewpoint,viewpoint,True,osm_rule,high
OSM_node_6963263707,CAT001,natural,landscape,mountain,True,osm_rule,high
OSM_node_6963263709,CAT001,natural,landscape,mountain,True,osm_rule,high
OSM_node_6968740810,CAT006,heritage,historical,monument,True,osm_rule,high
OSM_node_6969093895,CAT006,heritage,historical,monument,True,osm_rule,high
OSM_node_6969105133,CAT001,natural,landscape,mountain,True,osm_rule,high
OSM_node_6969105315,CAT001,natural,landscape,mountain,True,osm_rule,high
OSM_node_6972642839,CAT001,natural,landscape,mountain,True,osm_rule,high
OSM_node_6984174632,CAT006,heritage,historical,monument,True,osm_rule,high
OSM_node_6984174670,CAT006,heritage,historical,monument,True,osm_rule,high
OSM_node_7003719189,CAT017,scenic,viewpoint,viewpoint,True,osm_rule,high
OSM_node_7013181685,CAT017,scenic,viewpoint,viewpoint,True,osm_rule,high
OSM_node_7019483652,CAT005,natural,coastal,cape,True,osm_rule,high
OSM_node_7021707094,CAT007,heritage,historical,ruins,True,osm_rule,high
OSM_node_7021707668,CAT006,heritage,historical,monument,True,osm_rule,high
OSM_node_7022951440,CAT006,heritage,historical,monument,True,osm_rule,high
OSM_node_7022987172,CAT001,natural,landscape,mountain,True,osm_rule,high
OSM_node_7023329193,CAT011,culture,museum,museum,True,osm_rule,high
OSM_node_7023329194,CAT011,culture,museum,museum,True,osm_rule,high
OSM_node_7023329195,CAT011,culture,museum,museum,True,osm_rule,high
OSM_node_7023329356,CAT006,heritage,historical,monument,True,osm_rule,high
OSM_node_7024795791,CAT011,culture,museum,museum,True,osm_rule,high
OSM_node_7024795791,CAT007,heritage,historical,ruins,False,osm_rule,high
OSM_node_7027893189,CAT001,natural,landscape,mountain,True,osm_rule,high
OSM_node_7027893190,CAT001,natural,landscape,mountain,True,osm_rule,high
OSM_node_7027893191,CAT001,natural,landscape,mountain,True,osm_rule,high
OSM_node_7028421382,CAT006,heritage,historical,monument,True,osm_rule,high
OSM_node_7028616805,CAT005,natural,coastal,cape,True,osm_rule,high
OSM_node_7028616806,CAT005,natural,coastal,cape,True,osm_rule,high
OSM_node_7028616807,CAT005,natural,coastal,cape,True,osm_rule,high
OSM_node_7028640653,CAT005,natural,coastal,cape,True,osm_rule,high
OSM_node_7028640881,CAT001,natural,landscape,mountain,True,osm_rule,high
OSM_node_7028640882,CAT001,natural,landscape,mountain,True,osm_rule,high
OSM_node_7031307885,CAT011,culture,museum,museum,True,osm_rule,high
OSM_node_7035924112,CAT005,natural,coastal,cape,True,osm_rule,high
OSM_node_7040229642,CAT018,other,attraction,general_attraction,True,osm_rule,high
OSM_node_7040443202,CAT006,heritage,historical,monument,True,osm_rule,high
OSM_node_7040461893,CAT005,natural,coastal,cape,True,osm_rule,high
OSM_node_7046704852,CAT006,heritage,historical,monument,True,osm_rule,high
OSM_node_7049373211,CAT006,heritage,historical,monument,True,osm_rule,high
OSM_node_7113815237,CAT004,natural,coastal,beach,True,osm_rule,high
OSM_node_7113815246,CAT004,natural,coastal,beach,True,osm_rule,high
OSM_node_7113815247,CAT004,natural,coastal,beach,True,osm_rule,high
OSM_node_7210267986,CAT018,other,attraction,general_attraction,True,osm_rule,high
OSM_node_7370659921,CAT018,other,attraction,general_attraction,True,osm_rule,high
OSM_node_7373769539,CAT005,natural,coastal,cape,True,osm_rule,high
OSM_node_7374257548,CAT005,natural,coastal,cape,True,osm_rule,high
OSM_node_7375958122,CAT006,heritage,historical,monument,True,osm_rule,high
OSM_node_7390435387,CAT006,heritage,historical,monument,True,osm_rule,high
OSM_node_7403730668,CAT014,recreation,amusement,theme_park,True,osm_rule,high
OSM_node_7406072979,CAT007,heritage,historical,ruins,True,osm_rule,high
OSM_node_7409782792,CAT018,other,attraction,general_attraction,True,osm_rule,high
OSM_node_7418509234,CAT006,heritage,historical,monument,True,osm_rule,high
OSM_node_7477724054,CAT001,natural,landscape,mountain,True,osm_rule,high
OSM_node_7501051345,CAT006,heritage,historical,monument,True,osm_rule,high
OSM_node_7501164417,CAT006,heritage,historical,monument,True,osm_rule,high
OSM_node_7508946685,CAT001,natural,landscape,mountain,True,osm_rule,high
OSM_node_7513022915,CAT007,heritage,historical,ruins,True,osm_rule,high
OSM_node_7532265269,CAT006,heritage,historical,monument,True,osm_rule,high
OSM_node_7720996586,CAT018,other,attraction,general_attraction,True,osm_rule,high
OSM_node_7809578885,CAT018,other,attraction,general_attraction,True,osm_rule,high
OSM_node_7809578985,CAT018,other,attraction,general_attraction,True,osm_rule,high
OSM_node_7857126188,CAT017,scenic,viewpoint,viewpoint,True,osm_rule,high
OSM_node_7857270585,CAT018,other,attraction,general_attraction,True,osm_rule,high
OSM_node_7864026785,CAT017,scenic,viewpoint,viewpoint,True,osm_rule,high
OSM_node_7868728186,CAT001,natural,landscape,mountain,True,osm_rule,high
OSM_node_7872240586,CAT017,scenic,viewpoint,viewpoint,True,osm_rule,high
OSM_node_7883495285,CAT017,scenic,viewpoint,viewpoint,True,osm_rule,high
OSM_node_7886290186,CAT018,other,attraction,general_attraction,True,osm_rule,high
OSM_node_7892873785,CAT017,scenic,viewpoint,viewpoint,True,osm_rule,high
OSM_node_7936181585,CAT017,scenic,viewpoint,viewpoint,True,osm_rule,high
OSM_node_7941788385,CAT017,scenic,viewpoint,viewpoint,True,osm_rule,high
OSM_node_7941812085,CAT017,scenic,viewpoint,viewpoint,True,osm_rule,high
OSM_node_7941814185,CAT017,scenic,viewpoint,viewpoint,True,osm_rule,high
OSM_node_7944769085,CAT017,scenic,viewpoint,viewpoint,True,osm_rule,high
OSM_node_7944769086,CAT017,scenic,viewpoint,viewpoint,True,osm_rule,high
OSM_node_7944769185,CAT017,scenic,viewpoint,viewpoint,True,osm_rule,high
OSM_node_7947189085,CAT017,scenic,viewpoint,viewpoint,True,osm_rule,high
OSM_node_7951452785,CAT017,scenic,viewpoint,viewpoint,True,osm_rule,high
OSM_node_8238962675,CAT001,natural,landscape,mountain,True,osm_rule,high
OSM_node_8336751917,CAT018,other,attraction,general_attraction,True,osm_rule,high
OSM_node_8581608679,CAT006,heritage,historical,monument,True,osm_rule,high
OSM_node_8591412033,CAT004,natural,coastal,beach,True,osm_rule,high
OSM_node_8712116018,CAT006,heritage,historical,monument,True,osm_rule,high
OSM_node_8757701375,CAT003,natural,landscape,cave,True,osm_rule,high
OSM_node_9186621717,CAT018,other,attraction,general_attraction,True,osm_rule,high
OSM_node_9197085831,CAT003,natural,landscape,cave,True,osm_rule,high
OSM_node_9587268685,CAT018,other,attraction,general_attraction,True,osm_rule,high
OSM_node_9587300720,CAT013,recreation,park,public_park,True,osm_rule,high
OSM_node_9587419906,CAT012,culture,arts,gallery,True,osm_rule,high
OSM_node_9587493574,CAT013,recreation,park,public_park,True,osm_rule,high
OSM_node_9587566623,CAT013,recreation,park,public_park,True,osm_rule,high
OSM_node_9587618724,CAT013,recreation,park,public_park,True,osm_rule,high
OSM_node_9593578331,CAT006,heritage,historical,monument,True,osm_rule,high
OSM_node_9608278917,CAT018,other,attraction,general_attraction,True,osm_rule,high
OSM_node_9751109563,CAT013,recreation,park,public_park,True,osm_rule,high
OSM_node_9911660993,CAT013,recreation,park,public_park,True,osm_rule,high
OSM_node_9960625533,CAT006,heritage,historical,monument,True,osm_rule,high
OSM_node_9960625535,CAT006,heritage,historical,monument,True,osm_rule,high
OSM_node_9960625536,CAT006,heritage,historical,monument,True,osm_rule,high
OSM_node_9960625537,CAT006,heritage,historical,monument,True,osm_rule,high
OSM_node_9960625538,CAT006,heritage,historical,monument,True,osm_rule,high
OSM_node_9960625539,CAT006,heritage,historical,monument,True,osm_rule,high
OSM_node_9960625540,CAT006,heritage,historical,monument,True,osm_rule,high
OSM_node_9960625544,CAT006,heritage,historical,monument,True,osm_rule,high
OSM_node_9979036684,CAT013,recreation,park,public_park,True,osm_rule,high
OSM_node_10223608917,CAT017,scenic,viewpoint,viewpoint,True,osm_rule,high
OSM_node_10259377070,CAT012,culture,arts,gallery,True,osm_rule,high
OSM_node_10291730841,CAT018,other,attraction,general_attraction,True,osm_rule,high
OSM_node_10311880271,CAT006,heritage,historical,monument,True,osm_rule,high
OSM_node_10311880272,CAT006,heritage,historical,monument,True,osm_rule,high
OSM_node_10311880273,CAT006,heritage,historical,monument,True,osm_rule,high
OSM_node_10311880274,CAT006,heritage,historical,monument,True,osm_rule,high
OSM_node_10311880275,CAT006,heritage,historical,monument,True,osm_rule,high
OSM_node_10311880276,CAT006,heritage,historical,monument,True,osm_rule,high
OSM_node_10311880277,CAT006,heritage,historical,monument,True,osm_rule,high
OSM_node_10311880278,CAT006,heritage,historical,monument,True,osm_rule,high
OSM_node_10574527141,CAT013,recreation,park,public_park,True,osm_rule,high
OSM_node_10574535587,CAT013,recreation,park,public_park,True,osm_rule,high
OSM_node_10574606584,CAT006,heritage,historical,monument,True,osm_rule,high
OSM_node_10574657689,CAT006,heritage,historical,monument,True,osm_rule,high
OSM_node_10579241729,CAT006,heritage,historical,monument,True,osm_rule,high
OSM_node_10608268024,CAT006,heritage,historical,monument,True,osm_rule,high
OSM_node_10686251942,CAT013,recreation,park,public_park,True,osm_rule,high
OSM_node_10759118855,CAT013,recreation,park,public_park,True,osm_rule,high
OSM_node_10771244591,CAT006,heritage,historical,monument,True,osm_rule,high
OSM_node_10771244668,CAT013,recreation,park,public_park,True,osm_rule,high
OSM_node_10780064931,CAT006,heritage,historical,monument,True,osm_rule,high
OSM_node_10800986234,CAT018,other,attraction,general_attraction,True,osm_rule,high
OSM_node_10992357078,CAT006,heritage,historical,monument,True,osm_rule,high
OSM_node_11025899805,CAT011,culture,museum,museum,True,osm_rule,high
OSM_node_11040495502,CAT012,culture,arts,gallery,True,osm_rule,high
OSM_node_11052113104,CAT013,recreation,park,public_park,True,osm_rule,high
OSM_node_11056012164,CAT013,recreation,park,public_park,True,osm_rule,high
OSM_node_11056363251,CAT006,heritage,historical,monument,True,osm_rule,high
OSM_node_11056491238,CAT006,heritage,historical,monument,True,osm_rule,high
OSM_node_11096450829,CAT011,culture,museum,museum,True,osm_rule,high
OSM_node_11097045304,CAT006,heritage,historical,monument,True,osm_rule,high
OSM_node_11111020884,CAT006,heritage,historical,monument,True,osm_rule,high
OSM_node_11217538773,CAT013,recreation,park,public_park,True,osm_rule,high
OSM_node_11274966991,CAT006,heritage,historical,monument,True,osm_rule,high
OSM_node_11341398688,CAT013,recreation,park,public_park,True,osm_rule,high
OSM_node_11341424942,CAT013,recreation,park,public_park,True,osm_rule,high
OSM_node_11343699081,CAT011,culture,museum,museum,True,osm_rule,high
OSM_node_11347697643,CAT013,recreation,park,public_park,True,osm_rule,high
OSM_node_11430381711,CAT018,other,attraction,general_attraction,True,osm_rule,high
OSM_node_11494544919,CAT006,heritage,historical,monument,True,osm_rule,high
OSM_node_11515859469,CAT018,other,attraction,general_attraction,True,osm_rule,high
OSM_node_11533140869,CAT018,other,attraction,general_attraction,True,osm_rule,high
OSM_node_11601268350,CAT013,recreation,park,public_park,True,osm_rule,high
OSM_node_11668400137,CAT001,natural,landscape,mountain,True,osm_rule,high
OSM_node_11700124145,CAT006,heritage,historical,monument,True,osm_rule,high
OSM_node_11708010270,CAT018,other,attraction,general_attraction,True,osm_rule,high
OSM_node_11733189469,CAT018,other,attraction,general_attraction,True,osm_rule,high
OSM_node_11759167033,CAT001,natural,landscape,mountain,True,osm_rule,high
OSM_node_11759167034,CAT001,natural,landscape,mountain,True,osm_rule,high
OSM_node_11768473310,CAT001,natural,landscape,mountain,True,osm_rule,high
OSM_node_11768473311,CAT001,natural,landscape,mountain,True,osm_rule,high
OSM_node_11817767979,CAT001,natural,landscape,mountain,True,osm_rule,high
OSM_node_11827013649,CAT018,other,attraction,general_attraction,True,osm_rule,high
OSM_node_11993142069,CAT006,heritage,historical,monument,True,osm_rule,high
OSM_node_12071058849,CAT004,natural,coastal,beach,True,osm_rule,high
OSM_node_12071094464,CAT004,natural,coastal,beach,True,osm_rule,high
OSM_node_12071560380,CAT004,natural,coastal,beach,True,osm_rule,high
OSM_node_12098937304,CAT006,heritage,historical,monument,True,osm_rule,high
OSM_node_12120437216,CAT013,recreation,park,public_park,True,osm_rule,high
OSM_node_12157256608,CAT006,heritage,historical,monument,True,osm_rule,high
OSM_node_12188528266,CAT011,culture,museum,museum,True,osm_rule,high
OSM_node_12196463120,CAT013,recreation,park,public_park,True,osm_rule,high
OSM_node_12288965901,CAT018,other,attraction,general_attraction,True,osm_rule,high
OSM_node_12326914066,CAT018,other,attraction,general_attraction,True,osm_rule,high
OSM_node_12336559101,CAT018,other,attraction,general_attraction,True,osm_rule,high
OSM_node_12337455901,CAT018,other,attraction,general_attraction,True,osm_rule,high
OSM_node_12351093402,CAT018,other,attraction,general_attraction,True,osm_rule,high
OSM_node_12378262524,CAT006,heritage,historical,monument,True,osm_rule,high
OSM_node_12450862520,CAT013,recreation,park,public_park,True,osm_rule,high
OSM_node_12495448277,CAT015,recreation,amusement,water_park,True,osm_rule,high
OSM_node_12505622801,CAT018,other,attraction,general_attraction,True,osm_rule,high
OSM_node_12505622803,CAT018,other,attraction,general_attraction,True,osm_rule,high
OSM_node_12505622901,CAT018,other,attraction,general_attraction,True,osm_rule,high
OSM_node_12505622902,CAT018,other,attraction,general_attraction,True,osm_rule,high
OSM_node_12505625301,CAT018,other,attraction,general_attraction,True,osm_rule,high
OSM_node_12568787480,CAT006,heritage,historical,monument,True,osm_rule,high
OSM_node_12647208019,CAT013,recreation,park,public_park,True,osm_rule,high
OSM_node_12777641246,CAT015,recreation,amusement,water_park,True,osm_rule,high
OSM_node_12805331433,CAT006,heritage,historical,monument,True,osm_rule,high
OSM_node_12848150025,CAT004,natural,coastal,beach,True,osm_rule,high
OSM_node_12893877361,CAT013,recreation,park,public_park,True,osm_rule,high
OSM_node_12901443422,CAT011,culture,museum,museum,True,osm_rule,high
OSM_node_12908570948,CAT013,recreation,park,public_park,True,osm_rule,high
OSM_node_12925494197,CAT006,heritage,historical,monument,True,osm_rule,high
OSM_node_13170603922,CAT008,heritage,historical,archaeological_site,True,osm_rule,high
OSM_node_13253059391,CAT017,scenic,viewpoint,viewpoint,True,osm_rule,high
OSM_node_13255497664,CAT004,natural,coastal,beach,True,osm_rule,high
OSM_node_13266256205,CAT005,natural,coastal,cape,True,osm_rule,high
OSM_node_13330165361,CAT003,natural,landscape,cave,True,osm_rule,high
OSM_node_13336584701,CAT011,culture,museum,museum,True,osm_rule,high
OSM_node_13417458222,CAT017,scenic,viewpoint,viewpoint,True,osm_rule,high
OSM_node_13420385690,CAT007,heritage,historical,ruins,True,osm_rule,high
OSM_node_13420414198,CAT017,scenic,viewpoint,viewpoint,True,osm_rule,high
OSM_node_13437582047,CAT018,other,attraction,general_attraction,True,osm_rule,high
OSM_node_13473750007,CAT003,natural,landscape,cave,True,osm_rule,high
OSM_node_13513720101,CAT015,recreation,amusement,water_park,True,osm_rule,high
OSM_node_13518301424,CAT018,other,attraction,general_attraction,True,osm_rule,high
OSM_node_13518301425,CAT017,scenic,viewpoint,viewpoint,True,osm_rule,high
OSM_node_13518301426,CAT017,scenic,viewpoint,viewpoint,True,osm_rule,high
OSM_node_13518302239,CAT018,other,attraction,general_attraction,True,osm_rule,high
OSM_node_13518302240,CAT017,scenic,viewpoint,viewpoint,True,osm_rule,high
OSM_node_13518302308,CAT017,scenic,viewpoint,viewpoint,True,osm_rule,high
OSM_node_13655067905,CAT018,other,attraction,general_attraction,True,osm_rule,high
OSM_node_13663839301,CAT006,heritage,historical,monument,True,osm_rule,high
OSM_node_13685861401,CAT017,scenic,viewpoint,viewpoint,True,osm_rule,high
OSM_node_13690101201,CAT017,scenic,viewpoint,viewpoint,True,osm_rule,high
OSM_node_13690260203,CAT017,scenic,viewpoint,viewpoint,True,osm_rule,high
OSM_node_14014006893,CAT013,recreation,park,public_park,True,osm_rule,high
OSM_node_14031447494,CAT006,heritage,historical,monument,True,osm_rule,high
OSM_node_14057583412,CAT003,natural,landscape,cave,True,osm_rule,high
OSM_way_32584486,CAT013,recreation,park,public_park,True,osm_rule,high
OSM_way_32735038,CAT013,recreation,park,public_park,True,osm_rule,high
OSM_way_32735042,CAT013,recreation,park,public_park,True,osm_rule,high
OSM_way_32735045,CAT013,recreation,park,public_park,True,osm_rule,high
OSM_way_32735046,CAT014,recreation,amusement,theme_park,True,osm_rule,high
OSM_way_32735082,CAT013,recreation,park,public_park,True,osm_rule,high
OSM_way_32735084,CAT013,recreation,park,public_park,True,osm_rule,high
OSM_way_32735087,CAT013,recreation,park,public_park,True,osm_rule,high
OSM_way_39513493,CAT013,recreation,park,public_park,True,osm_rule,high
OSM_way_39514793,CAT018,other,attraction,general_attraction,True,osm_rule,high
OSM_way_39514795,CAT018,other,attraction,general_attraction,True,osm_rule,high
OSM_way_39598493,CAT009,heritage,historical,historic_building,True,osm_rule,high
OSM_way_39619627,CAT018,other,attraction,general_attraction,True,osm_rule,high
OSM_way_55880135,CAT018,other,attraction,general_attraction,True,osm_rule,high
OSM_way_59986402,CAT013,recreation,park,public_park,True,osm_rule,high
OSM_way_77183584,CAT018,other,attraction,general_attraction,True,osm_rule,high
OSM_way_84276975,CAT013,recreation,park,public_park,True,osm_rule,high
OSM_way_118943765,CAT014,recreation,amusement,theme_park,True,osm_rule,high
OSM_way_118950663,CAT013,recreation,park,public_park,True,osm_rule,high
OSM_way_119409664,CAT013,recreation,park,public_park,True,osm_rule,high
OSM_way_130506886,CAT013,recreation,park,public_park,True,osm_rule,high
OSM_way_147614676,CAT014,recreation,amusement,theme_park,True,osm_rule,high
OSM_way_149904638,CAT013,recreation,park,public_park,True,osm_rule,high
OSM_way_164922736,CAT013,recreation,park,public_park,True,osm_rule,high
OSM_way_165271919,CAT013,recreation,park,public_park,True,osm_rule,high
OSM_way_165274629,CAT013,recreation,park,public_park,True,osm_rule,high
OSM_way_165398107,CAT013,recreation,park,public_park,True,osm_rule,high
OSM_way_165491103,CAT013,recreation,park,public_park,True,osm_rule,high
OSM_way_165491105,CAT013,recreation,park,public_park,True,osm_rule,high
OSM_way_165518961,CAT011,culture,museum,museum,True,osm_rule,high
OSM_way_165887838,CAT011,culture,museum,museum,True,osm_rule,high
OSM_way_186249226,CAT011,culture,museum,museum,True,osm_rule,high
OSM_way_186252167,CAT013,recreation,park,public_park,True,osm_rule,high
OSM_way_186545011,CAT013,recreation,park,public_park,True,osm_rule,high
OSM_way_187895174,CAT018,other,attraction,general_attraction,True,osm_rule,high
OSM_way_187895181,CAT013,recreation,park,public_park,True,osm_rule,high
OSM_way_188114203,CAT013,recreation,park,public_park,True,osm_rule,high
OSM_way_188169266,CAT013,recreation,park,public_park,True,osm_rule,high
OSM_way_189017103,CAT013,recreation,park,public_park,True,osm_rule,high
OSM_way_189027781,CAT013,recreation,park,public_park,True,osm_rule,high
OSM_way_189027784,CAT013,recreation,park,public_park,True,osm_rule,high
OSM_way_189027787,CAT013,recreation,park,public_park,True,osm_rule,high
OSM_way_189027797,CAT013,recreation,park,public_park,True,osm_rule,high
OSM_way_189082643,CAT013,recreation,park,public_park,True,osm_rule,high
OSM_way_189082652,CAT013,recreation,park,public_park,True,osm_rule,high
OSM_way_193085674,CAT013,recreation,park,public_park,True,osm_rule,high
OSM_way_193142040,CAT013,recreation,park,public_park,True,osm_rule,high
OSM_way_193942947,CAT013,recreation,park,public_park,True,osm_rule,high
OSM_way_197995330,CAT011,culture,museum,museum,True,osm_rule,high
OSM_way_198047406,CAT006,heritage,historical,monument,True,osm_rule,high
OSM_way_204015212,CAT013,recreation,park,public_park,True,osm_rule,high
OSM_way_207074801,CAT013,recreation,park,public_park,True,osm_rule,high
OSM_way_215166891,CAT013,recreation,park,public_park,True,osm_rule,high
OSM_way_220617816,CAT013,recreation,park,public_park,True,osm_rule,high
OSM_way_220617822,CAT013,recreation,park,public_park,True,osm_rule,high
OSM_way_220753345,CAT013,recreation,park,public_park,True,osm_rule,high
OSM_way_220753354,CAT018,other,attraction,general_attraction,True,osm_rule,high
OSM_way_220821647,CAT004,natural,coastal,beach,True,osm_rule,high
OSM_way_222004462,CAT013,recreation,park,public_park,True,osm_rule,high
OSM_way_222906164,CAT004,natural,coastal,beach,True,osm_rule,high
OSM_way_224451400,CAT013,recreation,park,public_park,True,osm_rule,high
OSM_way_225366637,CAT013,recreation,park,public_park,True,osm_rule,high
OSM_way_230395173,CAT013,recreation,park,public_park,True,osm_rule,high
OSM_way_230395519,CAT011,culture,museum,museum,True,osm_rule,high
OSM_way_230395981,CAT013,recreation,park,public_park,True,osm_rule,high
OSM_way_230805745,CAT013,recreation,park,public_park,True,osm_rule,high
OSM_way_231680733,CAT013,recreation,park,public_park,True,osm_rule,high
OSM_way_231685108,CAT013,recreation,park,public_park,True,osm_rule,high
OSM_way_232601234,CAT013,recreation,park,public_park,True,osm_rule,high
OSM_way_233875809,CAT004,natural,coastal,beach,True,osm_rule,high
OSM_way_234800751,CAT004,natural,coastal,beach,True,osm_rule,high
OSM_way_235006078,CAT004,natural,coastal,beach,True,osm_rule,high
OSM_way_235008112,CAT006,heritage,historical,monument,True,osm_rule,high
OSM_way_235097274,CAT013,recreation,park,public_park,True,osm_rule,high
OSM_way_235156180,CAT006,heritage,historical,monument,True,osm_rule,high
OSM_way_238164637,CAT013,recreation,park,public_park,True,osm_rule,high
OSM_way_238166771,CAT011,culture,museum,museum,True,osm_rule,high
OSM_way_242837487,CAT013,recreation,park,public_park,True,osm_rule,high
OSM_way_253054341,CAT013,recreation,park,public_park,True,osm_rule,high
OSM_way_253056195,CAT013,recreation,park,public_park,True,osm_rule,high
OSM_way_253631849,CAT011,culture,museum,museum,True,osm_rule,high
OSM_way_253631849,CAT013,recreation,park,public_park,False,osm_rule,high
OSM_way_254752637,CAT018,other,attraction,general_attraction,True,osm_rule,high
OSM_way_254754595,CAT013,recreation,park,public_park,True,osm_rule,high
OSM_way_256321929,CAT013,recreation,park,public_park,True,osm_rule,high
OSM_way_259097818,CAT013,recreation,park,public_park,True,osm_rule,high
OSM_way_259198631,CAT018,other,attraction,general_attraction,True,osm_rule,high
OSM_way_259198642,CAT004,natural,coastal,beach,True,osm_rule,high
OSM_way_259375905,CAT014,recreation,amusement,theme_park,True,osm_rule,high
OSM_way_259518443,CAT018,other,attraction,general_attraction,True,osm_rule,high
OSM_way_262963870,CAT013,recreation,park,public_park,True,osm_rule,high
OSM_way_264294895,CAT013,recreation,park,public_park,True,osm_rule,high
OSM_way_264451918,CAT013,recreation,park,public_park,True,osm_rule,high
OSM_way_265244998,CAT011,culture,museum,museum,True,osm_rule,high
OSM_way_266573330,CAT013,recreation,park,public_park,True,osm_rule,high
OSM_way_266761436,CAT013,recreation,park,public_park,True,osm_rule,high
OSM_way_273715918,CAT013,recreation,park,public_park,True,osm_rule,high
OSM_way_286293879,CAT007,heritage,historical,ruins,True,osm_rule,high
OSM_way_286297477,CAT018,other,attraction,general_attraction,True,osm_rule,high
OSM_way_288512239,CAT013,recreation,park,public_park,True,osm_rule,high
OSM_way_288574342,CAT013,recreation,park,public_park,True,osm_rule,high
OSM_way_288585293,CAT007,heritage,historical,ruins,True,osm_rule,high
OSM_way_290307115,CAT013,recreation,park,public_park,True,osm_rule,high
OSM_way_290487269,CAT006,heritage,historical,monument,True,osm_rule,high
OSM_way_294127405,CAT013,recreation,park,public_park,True,osm_rule,high
OSM_way_294557192,CAT013,recreation,park,public_park,True,osm_rule,high
OSM_way_294557197,CAT013,recreation,park,public_park,True,osm_rule,high
OSM_way_303966869,CAT013,recreation,park,public_park,True,osm_rule,high
OSM_way_304958182,CAT013,recreation,park,public_park,True,osm_rule,high
OSM_way_306214079,CAT013,recreation,park,public_park,True,osm_rule,high
OSM_way_306704217,CAT013,recreation,park,public_park,True,osm_rule,high
OSM_way_307668924,CAT013,recreation,park,public_park,True,osm_rule,high
OSM_way_309564018,CAT013,recreation,park,public_park,True,osm_rule,high
OSM_way_317064945,CAT013,recreation,park,public_park,True,osm_rule,high
OSM_way_321072591,CAT013,recreation,park,public_park,True,osm_rule,high
OSM_way_321611637,CAT013,recreation,park,public_park,True,osm_rule,high
OSM_way_322170776,CAT013,recreation,park,public_park,True,osm_rule,high
OSM_way_322692842,CAT013,recreation,park,public_park,True,osm_rule,high
OSM_way_323059492,CAT013,recreation,park,public_park,True,osm_rule,high
OSM_way_327243239,CAT013,recreation,park,public_park,True,osm_rule,high
OSM_way_327266215,CAT011,culture,museum,museum,True,osm_rule,high
OSM_way_328191705,CAT006,heritage,historical,monument,True,osm_rule,high
OSM_way_336071225,CAT013,recreation,park,public_park,True,osm_rule,high
OSM_way_341504305,CAT018,other,attraction,general_attraction,True,osm_rule,high
OSM_way_358154692,CAT013,recreation,park,public_park,True,osm_rule,high
OSM_way_366105823,CAT013,recreation,park,public_park,True,osm_rule,high
OSM_way_366651482,CAT013,recreation,park,public_park,True,osm_rule,high
OSM_way_368245997,CAT013,recreation,park,public_park,True,osm_rule,high
OSM_way_368246000,CAT013,recreation,park,public_park,True,osm_rule,high
OSM_way_372306543,CAT006,heritage,historical,monument,True,osm_rule,high
OSM_way_376923094,CAT011,culture,museum,museum,True,osm_rule,high
OSM_way_377308558,CAT015,recreation,amusement,water_park,True,osm_rule,high
OSM_way_407427149,CAT013,recreation,park,public_park,True,osm_rule,high
OSM_way_408079972,CAT013,recreation,park,public_park,True,osm_rule,high
OSM_way_410990540,CAT013,recreation,park,public_park,True,osm_rule,high
OSM_way_410990541,CAT013,recreation,park,public_park,True,osm_rule,high
OSM_way_419464708,CAT013,recreation,park,public_park,True,osm_rule,high
OSM_way_420032377,CAT013,recreation,park,public_park,True,osm_rule,high
OSM_way_421603553,CAT013,recreation,park,public_park,True,osm_rule,high
OSM_way_421603554,CAT013,recreation,park,public_park,True,osm_rule,high
OSM_way_421970915,CAT013,recreation,park,public_park,True,osm_rule,high
OSM_way_425861154,CAT013,recreation,park,public_park,True,osm_rule,high
OSM_way_425862222,CAT011,culture,museum,museum,True,osm_rule,high
OSM_way_427344882,CAT006,heritage,historical,monument,True,osm_rule,high
OSM_way_448497275,CAT006,heritage,historical,monument,True,osm_rule,high
OSM_way_456799189,CAT013,recreation,park,public_park,True,osm_rule,high
OSM_way_457601645,CAT013,recreation,park,public_park,True,osm_rule,high
OSM_way_460352585,CAT013,recreation,park,public_park,True,osm_rule,high
OSM_way_463548000,CAT014,recreation,amusement,theme_park,True,osm_rule,high
OSM_way_469802902,CAT011,culture,museum,museum,True,osm_rule,high
OSM_way_472074784,CAT013,recreation,park,public_park,True,osm_rule,high
OSM_way_479699398,CAT013,recreation,park,public_park,True,osm_rule,high
OSM_way_493155210,CAT013,recreation,park,public_park,True,osm_rule,high
OSM_way_493157646,CAT013,recreation,park,public_park,True,osm_rule,high
OSM_way_493251141,CAT013,recreation,park,public_park,True,osm_rule,high
OSM_way_494789263,CAT013,recreation,park,public_park,True,osm_rule,high
OSM_way_494796956,CAT013,recreation,park,public_park,True,osm_rule,high
OSM_way_494796971,CAT013,recreation,park,public_park,True,osm_rule,high
OSM_way_494799489,CAT013,recreation,park,public_park,True,osm_rule,high
OSM_way_494806821,CAT013,recreation,park,public_park,True,osm_rule,high
OSM_way_495698510,CAT013,recreation,park,public_park,True,osm_rule,high
OSM_way_500888743,CAT013,recreation,park,public_park,True,osm_rule,high
OSM_way_502252357,CAT013,recreation,park,public_park,True,osm_rule,high
OSM_way_503015601,CAT013,recreation,park,public_park,True,osm_rule,high
OSM_way_504571792,CAT013,recreation,park,public_park,True,osm_rule,high
OSM_way_507538757,CAT013,recreation,park,public_park,True,osm_rule,high
OSM_way_508741138,CAT013,recreation,park,public_park,True,osm_rule,high
OSM_way_513005952,CAT013,recreation,park,public_park,True,osm_rule,high
OSM_way_513119727,CAT013,recreation,park,public_park,True,osm_rule,high
OSM_way_516639140,CAT006,heritage,historical,monument,True,osm_rule,high
OSM_way_519123488,CAT004,natural,coastal,beach,True,osm_rule,high
OSM_way_519123489,CAT004,natural,coastal,beach,True,osm_rule,high
OSM_way_520723351,CAT013,recreation,park,public_park,True,osm_rule,high
OSM_way_527470174,CAT013,recreation,park,public_park,True,osm_rule,high
OSM_way_527470176,CAT013,recreation,park,public_park,True,osm_rule,high
OSM_way_528947997,CAT013,recreation,park,public_park,True,osm_rule,high
OSM_way_529144428,CAT013,recreation,park,public_park,True,osm_rule,high
OSM_way_530247665,CAT013,recreation,park,public_park,True,osm_rule,high
OSM_way_532651475,CAT013,recreation,park,public_park,True,osm_rule,high
OSM_way_534060477,CAT013,recreation,park,public_park,True,osm_rule,high
OSM_way_548990999,CAT013,recreation,park,public_park,True,osm_rule,high
OSM_way_550384196,CAT006,heritage,historical,monument,True,osm_rule,high
OSM_way_556396336,CAT013,recreation,park,public_park,True,osm_rule,high
OSM_way_557281596,CAT013,recreation,park,public_park,True,osm_rule,high
OSM_way_564325039,CAT006,heritage,historical,monument,True,osm_rule,high
OSM_way_566035999,CAT013,recreation,park,public_park,True,osm_rule,high
OSM_way_567825928,CAT013,recreation,park,public_park,True,osm_rule,high
OSM_way_568058255,CAT013,recreation,park,public_park,True,osm_rule,high
OSM_way_570670599,CAT013,recreation,park,public_park,True,osm_rule,high
OSM_way_576360484,CAT013,recreation,park,public_park,True,osm_rule,high
OSM_way_576360493,CAT013,recreation,park,public_park,True,osm_rule,high
OSM_way_576709083,CAT013,recreation,park,public_park,True,osm_rule,high
OSM_way_577760667,CAT011,culture,museum,museum,True,osm_rule,high
OSM_way_577760733,CAT018,other,attraction,general_attraction,True,osm_rule,high
OSM_way_580493839,CAT013,recreation,park,public_park,True,osm_rule,high
OSM_way_580493869,CAT011,culture,museum,museum,True,osm_rule,high
OSM_way_583265510,CAT013,recreation,park,public_park,True,osm_rule,high
OSM_way_596819406,CAT013,recreation,park,public_park,True,osm_rule,high
OSM_way_604579700,CAT006,heritage,historical,monument,True,osm_rule,high
OSM_way_607050054,CAT013,recreation,park,public_park,True,osm_rule,high
OSM_way_609967448,CAT013,recreation,park,public_park,True,osm_rule,high
OSM_way_610240418,CAT013,recreation,park,public_park,True,osm_rule,high
OSM_way_612890930,CAT013,recreation,park,public_park,True,osm_rule,high
OSM_way_614449966,CAT011,culture,museum,museum,True,osm_rule,high
OSM_way_617580819,CAT013,recreation,park,public_park,True,osm_rule,high
OSM_way_624223367,CAT013,recreation,park,public_park,True,osm_rule,high
OSM_way_638537793,CAT013,recreation,park,public_park,True,osm_rule,high
OSM_way_653733528,CAT013,recreation,park,public_park,True,osm_rule,high
OSM_way_657897369,CAT006,heritage,historical,monument,True,osm_rule,high
OSM_way_672383346,CAT013,recreation,park,public_park,True,osm_rule,high
OSM_way_672383386,CAT013,recreation,park,public_park,True,osm_rule,high
OSM_way_675085867,CAT013,recreation,park,public_park,True,osm_rule,high
OSM_way_675089668,CAT013,recreation,park,public_park,True,osm_rule,high
OSM_way_675751078,CAT013,recreation,park,public_park,True,osm_rule,high
OSM_way_675751079,CAT013,recreation,park,public_park,True,osm_rule,high
OSM_way_675751080,CAT013,recreation,park,public_park,True,osm_rule,high
OSM_way_675945696,CAT006,heritage,historical,monument,True,osm_rule,high
OSM_way_681334918,CAT013,recreation,park,public_park,True,osm_rule,high
OSM_way_682412572,CAT013,recreation,park,public_park,True,osm_rule,high
OSM_way_683113614,CAT007,heritage,historical,ruins,True,osm_rule,high
OSM_way_683910660,CAT013,recreation,park,public_park,True,osm_rule,high
OSM_way_692145121,CAT013,recreation,park,public_park,True,osm_rule,high
OSM_way_695895029,CAT013,recreation,park,public_park,True,osm_rule,high
OSM_way_695895031,CAT006,heritage,historical,monument,True,osm_rule,high
OSM_way_696791453,CAT013,recreation,park,public_park,True,osm_rule,high
OSM_way_701756977,CAT013,recreation,park,public_park,True,osm_rule,high
OSM_way_701756978,CAT013,recreation,park,public_park,True,osm_rule,high
OSM_way_712514474,CAT013,recreation,park,public_park,True,osm_rule,high
OSM_way_715000260,CAT013,recreation,park,public_park,True,osm_rule,high
OSM_way_715077456,CAT011,culture,museum,museum,True,osm_rule,high
OSM_way_721492603,CAT013,recreation,park,public_park,True,osm_rule,high
OSM_way_724654960,CAT013,recreation,park,public_park,True,osm_rule,high
OSM_way_724836443,CAT013,recreation,park,public_park,True,osm_rule,high
OSM_way_727362148,CAT013,recreation,park,public_park,True,osm_rule,high
OSM_way_727388351,CAT011,culture,museum,museum,True,osm_rule,high
OSM_way_736723391,CAT004,natural,coastal,beach,True,osm_rule,high
OSM_way_736945163,CAT006,heritage,historical,monument,True,osm_rule,high
OSM_way_737793388,CAT013,recreation,park,public_park,True,osm_rule,high
OSM_way_739078469,CAT013,recreation,park,public_park,True,osm_rule,high
OSM_way_740715594,CAT006,heritage,historical,monument,True,osm_rule,high
OSM_way_741547860,CAT013,recreation,park,public_park,True,osm_rule,high
OSM_way_743778551,CAT013,recreation,park,public_park,True,osm_rule,high
OSM_way_743798641,CAT013,recreation,park,public_park,True,osm_rule,high
OSM_way_744059371,CAT011,culture,museum,museum,True,osm_rule,high
OSM_way_745694317,CAT013,recreation,park,public_park,True,osm_rule,high
OSM_way_746297233,CAT013,recreation,park,public_park,True,osm_rule,high
OSM_way_750745981,CAT004,natural,coastal,beach,True,osm_rule,high
OSM_way_751029497,CAT013,recreation,park,public_park,True,osm_rule,high
OSM_way_751042594,CAT013,recreation,park,public_park,True,osm_rule,high
OSM_way_751042595,CAT013,recreation,park,public_park,True,osm_rule,high
OSM_way_751042596,CAT013,recreation,park,public_park,True,osm_rule,high
OSM_way_751042597,CAT013,recreation,park,public_park,True,osm_rule,high
OSM_way_751056506,CAT004,natural,coastal,beach,True,osm_rule,high
OSM_way_751056510,CAT007,heritage,historical,ruins,True,osm_rule,high
OSM_way_751056520,CAT007,heritage,historical,ruins,True,osm_rule,high
OSM_way_751056562,CAT013,recreation,park,public_park,True,osm_rule,high
OSM_way_751056573,CAT011,culture,museum,museum,True,osm_rule,high
OSM_way_751056576,CAT011,culture,museum,museum,True,osm_rule,high
OSM_way_751056577,CAT011,culture,museum,museum,True,osm_rule,high
OSM_way_751056578,CAT011,culture,museum,museum,True,osm_rule,high
OSM_way_751056604,CAT013,recreation,park,public_park,True,osm_rule,high
OSM_way_751056607,CAT011,culture,museum,museum,True,osm_rule,high
OSM_way_751056610,CAT013,recreation,park,public_park,True,osm_rule,high
OSM_way_751261585,CAT004,natural,coastal,beach,True,osm_rule,high
OSM_way_751836548,CAT013,recreation,park,public_park,True,osm_rule,high
OSM_way_751858952,CAT004,natural,coastal,beach,True,osm_rule,high
OSM_way_751858953,CAT004,natural,coastal,beach,True,osm_rule,high
OSM_way_752991343,CAT004,natural,coastal,beach,True,osm_rule,high
OSM_way_752991350,CAT004,natural,coastal,beach,True,osm_rule,high
OSM_way_753491821,CAT004,natural,coastal,beach,True,osm_rule,high
OSM_way_753491822,CAT004,natural,coastal,beach,True,osm_rule,high
OSM_way_753491824,CAT004,natural,coastal,beach,True,osm_rule,high
OSM_way_753518096,CAT004,natural,coastal,beach,True,osm_rule,high
OSM_way_753518100,CAT004,natural,coastal,beach,True,osm_rule,high
OSM_way_756879229,CAT013,recreation,park,public_park,True,osm_rule,high
OSM_way_757341497,CAT013,recreation,park,public_park,True,osm_rule,high
OSM_way_764092577,CAT013,recreation,park,public_park,True,osm_rule,high
OSM_way_764092578,CAT013,recreation,park,public_park,True,osm_rule,high
OSM_way_764092579,CAT013,recreation,park,public_park,True,osm_rule,high
OSM_way_769111901,CAT013,recreation,park,public_park,True,osm_rule,high
OSM_way_780121232,CAT013,recreation,park,public_park,True,osm_rule,high
OSM_way_780127467,CAT013,recreation,park,public_park,True,osm_rule,high
OSM_way_788324533,CAT004,natural,coastal,beach,True,osm_rule,high
OSM_way_788721493,CAT013,recreation,park,public_park,True,osm_rule,high
OSM_way_788741938,CAT013,recreation,park,public_park,True,osm_rule,high
OSM_way_790529433,CAT006,heritage,historical,monument,True,osm_rule,high
OSM_way_790787185,CAT013,recreation,park,public_park,True,osm_rule,high
OSM_way_791795169,CAT018,other,attraction,general_attraction,True,osm_rule,high
OSM_way_796474958,CAT013,recreation,park,public_park,True,osm_rule,high
OSM_way_796758309,CAT013,recreation,park,public_park,True,osm_rule,high
OSM_way_799110618,CAT013,recreation,park,public_park,True,osm_rule,high
OSM_way_799119118,CAT013,recreation,park,public_park,True,osm_rule,high
OSM_way_799120128,CAT013,recreation,park,public_park,True,osm_rule,high
OSM_way_799120658,CAT013,recreation,park,public_park,True,osm_rule,high
OSM_way_800425961,CAT013,recreation,park,public_park,True,osm_rule,high
OSM_way_801519774,CAT013,recreation,park,public_park,True,osm_rule,high
OSM_way_801710792,CAT018,other,attraction,general_attraction,True,osm_rule,high
OSM_way_801710837,CAT013,recreation,park,public_park,True,osm_rule,high
OSM_way_801950766,CAT018,other,attraction,general_attraction,True,osm_rule,high
OSM_way_802105071,CAT011,culture,museum,museum,True,osm_rule,high
OSM_way_802157425,CAT011,culture,museum,museum,True,osm_rule,high
OSM_way_806860791,CAT018,other,attraction,general_attraction,True,osm_rule,high
OSM_way_806928814,CAT013,recreation,park,public_park,True,osm_rule,high
OSM_way_808022726,CAT011,culture,museum,museum,True,osm_rule,high
OSM_way_809399808,CAT013,recreation,park,public_park,True,osm_rule,high
OSM_way_813563184,CAT013,recreation,park,public_park,True,osm_rule,high
OSM_way_815719908,CAT013,recreation,park,public_park,True,osm_rule,high
OSM_way_815719909,CAT013,recreation,park,public_park,True,osm_rule,high
OSM_way_815719910,CAT013,recreation,park,public_park,True,osm_rule,high
OSM_way_816401592,CAT018,other,attraction,general_attraction,True,osm_rule,high
OSM_way_821391269,CAT013,recreation,park,public_park,True,osm_rule,high
OSM_way_823872338,CAT013,recreation,park,public_park,True,osm_rule,high
OSM_way_833733606,CAT013,recreation,park,public_park,True,osm_rule,high
OSM_way_842688454,CAT013,recreation,park,public_park,True,osm_rule,high
OSM_way_842707445,CAT013,recreation,park,public_park,True,osm_rule,high
OSM_way_843094659,CAT013,recreation,park,public_park,True,osm_rule,high
OSM_way_845522929,CAT013,recreation,park,public_park,True,osm_rule,high
OSM_way_856441663,CAT013,recreation,park,public_park,True,osm_rule,high
OSM_way_856441719,CAT013,recreation,park,public_park,True,osm_rule,high
OSM_way_874946718,CAT013,recreation,park,public_park,True,osm_rule,high
OSM_way_875196271,CAT013,recreation,park,public_park,True,osm_rule,high
OSM_way_879519246,CAT013,recreation,park,public_park,True,osm_rule,high
OSM_way_895209247,CAT013,recreation,park,public_park,True,osm_rule,high
OSM_way_895756059,CAT004,natural,coastal,beach,True,osm_rule,high
OSM_way_946871159,CAT013,recreation,park,public_park,True,osm_rule,high
OSM_way_961031437,CAT013,recreation,park,public_park,True,osm_rule,high
OSM_way_961031462,CAT013,recreation,park,public_park,True,osm_rule,high
OSM_way_961184057,CAT013,recreation,park,public_park,True,osm_rule,high
OSM_way_972503643,CAT013,recreation,park,public_park,True,osm_rule,high
OSM_way_972604563,CAT013,recreation,park,public_park,True,osm_rule,high
OSM_way_972604572,CAT006,heritage,historical,monument,True,osm_rule,high
OSM_way_973258391,CAT013,recreation,park,public_park,True,osm_rule,high
OSM_way_974020821,CAT013,recreation,park,public_park,True,osm_rule,high
OSM_way_974991933,CAT013,recreation,park,public_park,True,osm_rule,high
OSM_way_975203350,CAT013,recreation,park,public_park,True,osm_rule,high
OSM_way_979806169,CAT013,recreation,park,public_park,True,osm_rule,high
OSM_way_981161888,CAT011,culture,museum,museum,True,osm_rule,high
OSM_way_996829064,CAT013,recreation,park,public_park,True,osm_rule,high
OSM_way_1010843998,CAT013,recreation,park,public_park,True,osm_rule,high
OSM_way_1011719927,CAT013,recreation,park,public_park,True,osm_rule,high
OSM_way_1012107577,CAT013,recreation,park,public_park,True,osm_rule,high
OSM_way_1019040791,CAT011,culture,museum,museum,True,osm_rule,high
OSM_way_1023126419,CAT014,recreation,amusement,theme_park,True,osm_rule,high
OSM_way_1023704926,CAT011,culture,museum,museum,True,osm_rule,high
OSM_way_1024130334,CAT013,recreation,park,public_park,True,osm_rule,high
OSM_way_1025088295,CAT013,recreation,park,public_park,True,osm_rule,high
OSM_way_1025088296,CAT013,recreation,park,public_park,True,osm_rule,high
OSM_way_1031412596,CAT013,recreation,park,public_park,True,osm_rule,high
OSM_way_1035921543,CAT013,recreation,park,public_park,True,osm_rule,high
OSM_way_1035921606,CAT013,recreation,park,public_park,True,osm_rule,high
OSM_way_1035921618,CAT006,heritage,historical,monument,True,osm_rule,high
OSM_way_1036018818,CAT013,recreation,park,public_park,True,osm_rule,high
OSM_way_1036030790,CAT013,recreation,park,public_park,True,osm_rule,high
OSM_way_1036030791,CAT013,recreation,park,public_park,True,osm_rule,high
OSM_way_1037121078,CAT013,recreation,park,public_park,True,osm_rule,high
OSM_way_1037121093,CAT013,recreation,park,public_park,True,osm_rule,high
OSM_way_1037121097,CAT013,recreation,park,public_park,True,osm_rule,high
OSM_way_1046197467,CAT013,recreation,park,public_park,True,osm_rule,high
OSM_way_1050501089,CAT003,natural,landscape,cave,True,osm_rule,high
OSM_way_1056572948,CAT013,recreation,park,public_park,True,osm_rule,high
OSM_way_1078097938,CAT013,recreation,park,public_park,True,osm_rule,high
OSM_way_1081337937,CAT013,recreation,park,public_park,True,osm_rule,high
OSM_way_1081410188,CAT013,recreation,park,public_park,True,osm_rule,high
OSM_way_1084373313,CAT013,recreation,park,public_park,True,osm_rule,high
OSM_way_1084373317,CAT013,recreation,park,public_park,True,osm_rule,high
OSM_way_1092256296,CAT013,recreation,park,public_park,True,osm_rule,high
OSM_way_1104047677,CAT013,recreation,park,public_park,True,osm_rule,high
OSM_way_1116582922,CAT011,culture,museum,museum,True,osm_rule,high
OSM_way_1123529137,CAT013,recreation,park,public_park,True,osm_rule,high
OSM_way_1127558971,CAT006,heritage,historical,monument,True,osm_rule,high
OSM_way_1134520817,CAT006,heritage,historical,monument,True,osm_rule,high
OSM_way_1134555860,CAT013,recreation,park,public_park,True,osm_rule,high
OSM_way_1134556127,CAT013,recreation,park,public_park,True,osm_rule,high
OSM_way_1137989915,CAT013,recreation,park,public_park,True,osm_rule,high
OSM_way_1138068421,CAT013,recreation,park,public_park,True,osm_rule,high
OSM_way_1139091053,CAT011,culture,museum,museum,True,osm_rule,high
OSM_way_1144380319,CAT013,recreation,park,public_park,True,osm_rule,high
OSM_way_1145090864,CAT013,recreation,park,public_park,True,osm_rule,high
OSM_way_1152451319,CAT013,recreation,park,public_park,True,osm_rule,high
OSM_way_1154164257,CAT013,recreation,park,public_park,True,osm_rule,high
OSM_way_1159206296,CAT018,other,attraction,general_attraction,True,osm_rule,high
OSM_way_1159206318,CAT013,recreation,park,public_park,True,osm_rule,high
OSM_way_1160394249,CAT013,recreation,park,public_park,True,osm_rule,high
OSM_way_1160394250,CAT013,recreation,park,public_park,True,osm_rule,high
OSM_way_1163348358,CAT015,recreation,amusement,water_park,True,osm_rule,high
OSM_way_1165928304,CAT015,recreation,amusement,water_park,True,osm_rule,high
OSM_way_1167526791,CAT013,recreation,park,public_park,True,osm_rule,high
OSM_way_1168222900,CAT013,recreation,park,public_park,True,osm_rule,high
OSM_way_1168427916,CAT013,recreation,park,public_park,True,osm_rule,high
OSM_way_1181428811,CAT013,recreation,park,public_park,True,osm_rule,high
OSM_way_1183721989,CAT011,culture,museum,museum,True,osm_rule,high
OSM_way_1188107810,CAT013,recreation,park,public_park,True,osm_rule,high
OSM_way_1188107819,CAT013,recreation,park,public_park,True,osm_rule,high
OSM_way_1188107822,CAT013,recreation,park,public_park,True,osm_rule,high
OSM_way_1211031817,CAT013,recreation,park,public_park,True,osm_rule,high
OSM_way_1211625239,CAT013,recreation,park,public_park,True,osm_rule,high
OSM_way_1214273251,CAT013,recreation,park,public_park,True,osm_rule,high
OSM_way_1216845867,CAT013,recreation,park,public_park,True,osm_rule,high
OSM_way_1216969595,CAT006,heritage,historical,monument,True,osm_rule,high
OSM_way_1217731200,CAT013,recreation,park,public_park,True,osm_rule,high
OSM_way_1218075300,CAT013,recreation,park,public_park,True,osm_rule,high
OSM_way_1221231567,CAT013,recreation,park,public_park,True,osm_rule,high
OSM_way_1221493476,CAT013,recreation,park,public_park,True,osm_rule,high
OSM_way_1222703225,CAT013,recreation,park,public_park,True,osm_rule,high
OSM_way_1222753570,CAT013,recreation,park,public_park,True,osm_rule,high
OSM_way_1224026989,CAT013,recreation,park,public_park,True,osm_rule,high
OSM_way_1224027738,CAT013,recreation,park,public_park,True,osm_rule,high
OSM_way_1229027471,CAT013,recreation,park,public_park,True,osm_rule,high
OSM_way_1229027637,CAT013,recreation,park,public_park,True,osm_rule,high
OSM_way_1230637669,CAT006,heritage,historical,monument,True,osm_rule,high
OSM_way_1244777179,CAT006,heritage,historical,monument,True,osm_rule,high
OSM_way_1252174959,CAT013,recreation,park,public_park,True,osm_rule,high
OSM_way_1252772822,CAT018,other,attraction,general_attraction,True,osm_rule,high
OSM_way_1261863635,CAT013,recreation,park,public_park,True,osm_rule,high
OSM_way_1265945865,CAT018,other,attraction,general_attraction,True,osm_rule,high
OSM_way_1271043476,CAT013,recreation,park,public_park,True,osm_rule,high
OSM_way_1272644423,CAT006,heritage,historical,monument,True,osm_rule,high
OSM_way_1272943371,CAT014,recreation,amusement,theme_park,True,osm_rule,high
OSM_way_1272943371,CAT015,recreation,amusement,water_park,False,osm_rule,high
OSM_way_1275969816,CAT018,other,attraction,general_attraction,True,osm_rule,high
OSM_way_1303838285,CAT014,recreation,amusement,theme_park,True,osm_rule,high
OSM_way_1306108989,CAT013,recreation,park,public_park,True,osm_rule,high
OSM_way_1306372763,CAT013,recreation,park,public_park,True,osm_rule,high
OSM_way_1307726692,CAT013,recreation,park,public_park,True,osm_rule,high
OSM_way_1308395559,CAT013,recreation,park,public_park,True,osm_rule,high
OSM_way_1308470660,CAT013,recreation,park,public_park,True,osm_rule,high
OSM_way_1308470661,CAT013,recreation,park,public_park,True,osm_rule,high
OSM_way_1308559978,CAT013,recreation,park,public_park,True,osm_rule,high
OSM_way_1308615149,CAT013,recreation,park,public_park,True,osm_rule,high
OSM_way_1308835021,CAT013,recreation,park,public_park,True,osm_rule,high
OSM_way_1313270534,CAT006,heritage,historical,monument,True,osm_rule,high
OSM_way_1313270569,CAT006,heritage,historical,monument,True,osm_rule,high
OSM_way_1313432455,CAT011,culture,museum,museum,True,osm_rule,high
OSM_way_1313688027,CAT013,recreation,park,public_park,True,osm_rule,high
OSM_way_1314190858,CAT006,heritage,historical,monument,True,osm_rule,high
OSM_way_1322063205,CAT013,recreation,park,public_park,True,osm_rule,high
OSM_way_1331225473,CAT013,recreation,park,public_park,True,osm_rule,high
OSM_way_1338225804,CAT013,recreation,park,public_park,True,osm_rule,high
OSM_way_1338507840,CAT013,recreation,park,public_park,True,osm_rule,high
OSM_way_1339366707,CAT013,recreation,park,public_park,True,osm_rule,high
OSM_way_1345399343,CAT013,recreation,park,public_park,True,osm_rule,high
OSM_way_1358149649,CAT013,recreation,park,public_park,True,osm_rule,high
OSM_way_1369532952,CAT013,recreation,park,public_park,True,osm_rule,high
OSM_way_1373562349,CAT013,recreation,park,public_park,True,osm_rule,high
OSM_way_1380599078,CAT013,recreation,park,public_park,True,osm_rule,high
OSM_way_1381739672,CAT016,recreation,amusement,zoo,True,osm_rule,high
OSM_way_1383011682,CAT014,recreation,amusement,theme_park,True,osm_rule,high
OSM_way_1389997951,CAT013,recreation,park,public_park,True,osm_rule,high
OSM_way_1389997952,CAT013,recreation,park,public_park,True,osm_rule,high
OSM_way_1390955195,CAT013,recreation,park,public_park,True,osm_rule,high
OSM_way_1390963277,CAT013,recreation,park,public_park,True,osm_rule,high
OSM_way_1390987664,CAT013,recreation,park,public_park,True,osm_rule,high
OSM_way_1395672672,CAT013,recreation,park,public_park,True,osm_rule,high
OSM_way_1396540142,CAT006,heritage,historical,monument,True,osm_rule,high
OSM_way_1413014729,CAT009,heritage,historical,historic_building,True,osm_rule,high
OSM_way_1422943451,CAT013,recreation,park,public_park,True,osm_rule,high
OSM_way_1424699773,CAT013,recreation,park,public_park,True,osm_rule,high
OSM_way_1424745074,CAT013,recreation,park,public_park,True,osm_rule,high
OSM_way_1429659971,CAT006,heritage,historical,monument,True,osm_rule,high
OSM_way_1431226292,CAT006,heritage,historical,monument,True,osm_rule,high
OSM_way_1442745696,CAT013,recreation,park,public_park,True,osm_rule,high
OSM_way_1457808651,CAT007,heritage,historical,ruins,True,osm_rule,high
OSM_way_1465263824,CAT013,recreation,park,public_park,True,osm_rule,high
OSM_way_1471699219,CAT009,heritage,historical,historic_building,True,osm_rule,high
OSM_way_1481026700,CAT018,other,attraction,general_attraction,True,osm_rule,high
OSM_way_1486770750,CAT013,recreation,park,public_park,True,osm_rule,high
OSM_way_1486770762,CAT013,recreation,park,public_park,True,osm_rule,high
OSM_way_1491439860,CAT014,recreation,amusement,theme_park,True,osm_rule,high
OSM_way_1498100984,CAT013,recreation,park,public_park,True,osm_rule,high
OSM_way_1498101012,CAT013,recreation,park,public_park,True,osm_rule,high
OSM_way_1498101013,CAT013,recreation,park,public_park,True,osm_rule,high
OSM_way_1498101027,CAT013,recreation,park,public_park,True,osm_rule,high
OSM_way_1498116337,CAT013,recreation,park,public_park,True,osm_rule,high
OSM_way_1498161013,CAT011,culture,museum,museum,True,osm_rule,high
OSM_way_1511017351,CAT013,recreation,park,public_park,True,osm_rule,high
OSM_way_1518080727,CAT011,culture,museum,museum,True,osm_rule,high
OSM_way_1518107504,CAT011,culture,museum,museum,True,osm_rule,high
OSM_way_1540771314,CAT018,other,attraction,general_attraction,True,osm_rule,high
OSM_way_1544591079,CAT013,recreation,park,public_park,True,osm_rule,high
OSM_way_1544591082,CAT006,heritage,historical,monument,True,osm_rule,high
OSM_way_1545639457,CAT006,heritage,historical,monument,True,osm_rule,high
OSM_way_1545696508,CAT013,recreation,park,public_park,True,osm_rule,high
OSM_relation_2552505,CAT018,other,attraction,general_attraction,True,osm_rule,high
OSM_relation_4589744,CAT006,heritage,historical,monument,True,osm_rule,high
OSM_relation_10353979,CAT013,recreation,park,public_park,True,osm_rule,high
OSM_relation_10356027,CAT004,natural,coastal,beach,True,osm_rule,high
OSM_relation_10377306,CAT004,natural,coastal,beach,True,osm_rule,high
OSM_relation_11000387,CAT013,recreation,park,public_park,True,osm_rule,high
OSM_relation_11084516,CAT013,recreation,park,public_park,True,osm_rule,high
OSM_relation_14468360,CAT013,recreation,park,public_park,True,osm_rule,high
OSM_relation_14939719,CAT013,recreation,park,public_park,True,osm_rule,high
OSM_relation_15999853,CAT006,heritage,historical,monument,True,osm_rule,high
OSM_relation_17524765,CAT013,recreation,park,public_park,True,osm_rule,high
OSM_relation_17583696,CAT013,recreation,park,public_park,True,osm_rule,high
OSM_relation_17583697,CAT013,recreation,park,public_park,True,osm_rule,high
OSM_relation_17758150,CAT011,culture,museum,museum,True,osm_rule,high
OSM_relation_18050732,CAT013,recreation,park,public_park,True,osm_rule,high
OSM_relation_18360640,CAT013,recreation,park,public_park,True,osm_rule,high
OSM_node_2905672920,CAT006,heritage,historical,monument,True,osm_rule,high
OSM_node_3431148154,CAT006,heritage,historical,monument,True,osm_rule,high
OSM_node_3690166359,CAT018,other,attraction,general_attraction,True,osm_rule,high
OSM_node_3763530581,CAT013,recreation,park,public_park,True,osm_rule,high
OSM_node_3763530582,CAT013,recreation,park,public_park,True,osm_rule,high
OSM_node_3763545372,CAT013,recreation,park,public_park,True,osm_rule,high
OSM_node_4416019793,CAT018,other,attraction,general_attraction,True,osm_rule,high
OSM_node_4416131389,CAT018,other,attraction,general_attraction,True,osm_rule,high
OSM_node_4417074190,CAT018,other,attraction,general_attraction,True,osm_rule,high
OSM_node_4657198090,CAT006,heritage,historical,monument,True,osm_rule,high
OSM_node_4758804853,CAT011,culture,museum,museum,True,osm_rule,high
OSM_node_4758805141,CAT011,culture,museum,museum,True,osm_rule,high
OSM_node_4763674621,CAT011,culture,museum,museum,True,osm_rule,high
OSM_node_5140991321,CAT011,culture,museum,museum,True,osm_rule,high
OSM_node_5575773758,CAT018,other,attraction,general_attraction,True,osm_rule,high
OSM_node_6221020242,CAT006,heritage,historical,monument,True,osm_rule,high
OSM_node_6237731397,CAT006,heritage,historical,monument,True,osm_rule,high
OSM_node_6239152659,CAT003,natural,landscape,cave,True,osm_rule,high
OSM_node_6239153123,CAT006,heritage,historical,monument,True,osm_rule,high
OSM_node_6430972695,CAT006,heritage,historical,monument,True,osm_rule,high
OSM_node_6544912028,CAT013,recreation,park,public_park,True,osm_rule,high
OSM_node_6958985795,CAT013,recreation,park,public_park,True,osm_rule,high
OSM_node_7927261285,CAT018,other,attraction,general_attraction,True,osm_rule,high
OSM_node_7927762885,CAT017,scenic,viewpoint,viewpoint,True,osm_rule,high
OSM_node_8459780109,CAT008,heritage,historical,archaeological_site,True,osm_rule,high
OSM_node_8995689738,CAT013,recreation,park,public_park,True,osm_rule,high
OSM_node_10718504505,CAT006,heritage,historical,monument,True,osm_rule,high
OSM_node_10743134758,CAT018,other,attraction,general_attraction,True,osm_rule,high
OSM_node_10750215115,CAT006,heritage,historical,monument,True,osm_rule,high
OSM_node_10796591857,CAT018,other,attraction,general_attraction,True,osm_rule,high
OSM_node_10796648604,CAT018,other,attraction,general_attraction,True,osm_rule,high
OSM_node_10820819105,CAT018,other,attraction,general_attraction,True,osm_rule,high
OSM_node_10830817805,CAT018,other,attraction,general_attraction,True,osm_rule,high
OSM_node_10833873535,CAT008,heritage,historical,archaeological_site,True,osm_rule,high
OSM_node_10969478979,CAT011,culture,museum,museum,True,osm_rule,high
OSM_node_11817767980,CAT001,natural,landscape,mountain,True,osm_rule,high
OSM_node_11817767981,CAT001,natural,landscape,mountain,True,osm_rule,high
OSM_way_169406235,CAT011,culture,museum,museum,True,osm_rule,high
OSM_way_169423043,CAT013,recreation,park,public_park,True,osm_rule,high
OSM_way_307748437,CAT013,recreation,park,public_park,True,osm_rule,high
OSM_way_334515083,CAT013,recreation,park,public_park,True,osm_rule,high
OSM_way_335039126,CAT013,recreation,park,public_park,True,osm_rule,high
OSM_way_336022282,CAT013,recreation,park,public_park,True,osm_rule,high
OSM_way_336030481,CAT013,recreation,park,public_park,True,osm_rule,high
OSM_way_336053457,CAT013,recreation,park,public_park,True,osm_rule,high
OSM_way_336053458,CAT013,recreation,park,public_park,True,osm_rule,high
OSM_way_336053459,CAT013,recreation,park,public_park,True,osm_rule,high
OSM_way_337703872,CAT018,other,attraction,general_attraction,True,osm_rule,high
OSM_way_373167327,CAT013,recreation,park,public_park,True,osm_rule,high
OSM_way_374223819,CAT013,recreation,park,public_park,True,osm_rule,high
OSM_way_381143561,CAT006,heritage,historical,monument,True,osm_rule,high
OSM_way_381143562,CAT006,heritage,historical,monument,True,osm_rule,high
OSM_way_381143563,CAT006,heritage,historical,monument,True,osm_rule,high
OSM_way_381143715,CAT006,heritage,historical,monument,True,osm_rule,high
OSM_way_381143716,CAT006,heritage,historical,monument,True,osm_rule,high
OSM_way_381143980,CAT006,heritage,historical,monument,True,osm_rule,high
OSM_way_481742175,CAT018,other,attraction,general_attraction,True,osm_rule,high
OSM_way_529113219,CAT013,recreation,park,public_park,True,osm_rule,high
OSM_way_530234457,CAT013,recreation,park,public_park,True,osm_rule,high
OSM_way_533542616,CAT013,recreation,park,public_park,True,osm_rule,high
OSM_way_664557312,CAT011,culture,museum,museum,True,osm_rule,high
OSM_way_664573950,CAT011,culture,museum,museum,True,osm_rule,high
OSM_way_666404226,CAT011,culture,museum,museum,True,osm_rule,high
OSM_way_666455934,CAT006,heritage,historical,monument,True,osm_rule,high
OSM_way_666456055,CAT013,recreation,park,public_park,True,osm_rule,high
OSM_way_666658987,CAT013,recreation,park,public_park,True,osm_rule,high
OSM_way_992642704,CAT013,recreation,park,public_park,True,osm_rule,high
OSM_way_1062070363,CAT013,recreation,park,public_park,True,osm_rule,high
OSM_way_1062070364,CAT013,recreation,park,public_park,True,osm_rule,high
OSM_way_1062070365,CAT013,recreation,park,public_park,True,osm_rule,high
OSM_way_1062070366,CAT013,recreation,park,public_park,True,osm_rule,high
OSM_way_1062070367,CAT013,recreation,park,public_park,True,osm_rule,high
OSM_way_1160002195,CAT011,culture,museum,museum,True,osm_rule,high
OSM_way_1160002197,CAT006,heritage,historical,monument,True,osm_rule,high
OSM_way_1162904824,CAT014,recreation,amusement,theme_park,True,osm_rule,high
OSM_way_1164606537,CAT018,other,attraction,general_attraction,True,osm_rule,high
OSM_way_1165380353,CAT018,other,attraction,general_attraction,True,osm_rule,high
OSM_way_1169561166,CAT018,other,attraction,general_attraction,True,osm_rule,high
OSM_way_1175388059,CAT013,recreation,park,public_park,True,osm_rule,high
OSM_way_1175724274,CAT013,recreation,park,public_park,True,osm_rule,high
OSM_way_1180996208,CAT013,recreation,park,public_park,True,osm_rule,high
OSM_way_1181158069,CAT011,culture,museum,museum,True,osm_rule,high
OSM_way_1244769154,CAT013,recreation,park,public_park,True,osm_rule,high
OSM_way_1257321872,CAT006,heritage,historical,monument,True,osm_rule,high
OSM_way_1531317236,CAT006,heritage,historical,monument,True,osm_rule,high
OSM_relation_2673356,CAT013,recreation,park,public_park,True,osm_rule,high
OSM_node_951963161,CAT018,other,attraction,general_attraction,True,osm_rule,high
OSM_node_1797968016,CAT008,heritage,historical,archaeological_site,True,osm_rule,high
OSM_node_1805719444,CAT006,heritage,historical,monument,True,osm_rule,high
OSM_node_2334067501,CAT013,recreation,park,public_park,True,osm_rule,high
OSM_node_2341499069,CAT006,heritage,historical,monument,True,osm_rule,high
OSM_node_2343949336,CAT013,recreation,park,public_park,True,osm_rule,high
OSM_node_2722754966,CAT013,recreation,park,public_park,True,osm_rule,high
OSM_node_3918120668,CAT018,other,attraction,general_attraction,True,osm_rule,high
OSM_node_4299949764,CAT006,heritage,historical,monument,True,osm_rule,high
OSM_node_4374993693,CAT011,culture,museum,museum,True,osm_rule,high
OSM_node_4375003793,CAT018,other,attraction,general_attraction,True,osm_rule,high
OSM_node_4382930892,CAT018,other,attraction,general_attraction,True,osm_rule,high
OSM_node_4382930990,CAT018,other,attraction,general_attraction,True,osm_rule,high
OSM_node_4382933791,CAT018,other,attraction,general_attraction,True,osm_rule,high
OSM_node_4382934891,CAT018,other,attraction,general_attraction,True,osm_rule,high
OSM_node_4382934994,CAT018,other,attraction,general_attraction,True,osm_rule,high
OSM_node_4382935090,CAT018,other,attraction,general_attraction,True,osm_rule,high
OSM_node_4382935091,CAT018,other,attraction,general_attraction,True,osm_rule,high
OSM_node_4382942389,CAT018,other,attraction,general_attraction,True,osm_rule,high
OSM_node_4460594789,CAT018,other,attraction,general_attraction,True,osm_rule,high
OSM_node_4465710189,CAT018,other,attraction,general_attraction,True,osm_rule,high
OSM_node_4524319889,CAT018,other,attraction,general_attraction,True,osm_rule,high
OSM_node_4578718792,CAT018,other,attraction,general_attraction,True,osm_rule,high
OSM_node_4620101689,CAT018,other,attraction,general_attraction,True,osm_rule,high
OSM_node_4644080489,CAT018,other,attraction,general_attraction,True,osm_rule,high
OSM_node_4682930989,CAT018,other,attraction,general_attraction,True,osm_rule,high
OSM_node_4730514522,CAT018,other,attraction,general_attraction,True,osm_rule,high
OSM_node_4752799025,CAT017,scenic,viewpoint,viewpoint,True,osm_rule,high
OSM_node_4758805136,CAT011,culture,museum,museum,True,osm_rule,high
OSM_node_4784836884,CAT001,natural,landscape,mountain,True,osm_rule,high
OSM_node_5027460821,CAT018,other,attraction,general_attraction,True,osm_rule,high
OSM_node_5177612395,CAT014,recreation,amusement,theme_park,True,osm_rule,high
OSM_node_5179321726,CAT011,culture,museum,museum,True,osm_rule,high
OSM_node_5211512490,CAT014,recreation,amusement,theme_park,True,osm_rule,high
OSM_node_5227610721,CAT018,other,attraction,general_attraction,True,osm_rule,high
OSM_node_5256962158,CAT006,heritage,historical,monument,True,osm_rule,high
OSM_node_5257696126,CAT018,other,attraction,general_attraction,True,osm_rule,high
OSM_node_5316455021,CAT004,natural,coastal,beach,True,osm_rule,high
OSM_node_5346561555,CAT013,recreation,park,public_park,True,osm_rule,high
OSM_node_5351083643,CAT014,recreation,amusement,theme_park,True,osm_rule,high
OSM_node_5427950221,CAT018,other,attraction,general_attraction,True,osm_rule,high
OSM_node_5482813523,CAT018,other,attraction,general_attraction,True,osm_rule,high
OSM_node_5517955825,CAT018,other,attraction,general_attraction,True,osm_rule,high
OSM_node_5541489521,CAT018,other,attraction,general_attraction,True,osm_rule,high
OSM_node_6065205886,CAT017,scenic,viewpoint,viewpoint,True,osm_rule,high
OSM_node_6071945585,CAT017,scenic,viewpoint,viewpoint,True,osm_rule,high
OSM_node_6191483685,CAT018,other,attraction,general_attraction,True,osm_rule,high
OSM_node_6251472272,CAT006,heritage,historical,monument,True,osm_rule,high
OSM_node_6265868720,CAT006,heritage,historical,monument,True,osm_rule,high
OSM_node_6274061387,CAT017,scenic,viewpoint,viewpoint,True,osm_rule,high
OSM_node_6274092945,CAT018,other,attraction,general_attraction,True,osm_rule,high
OSM_node_6278214586,CAT011,culture,museum,museum,True,osm_rule,high
OSM_node_6284154242,CAT006,heritage,historical,monument,True,osm_rule,high
OSM_node_6285930895,CAT018,other,attraction,general_attraction,True,osm_rule,high
OSM_node_6308020518,CAT018,other,attraction,general_attraction,True,osm_rule,high
OSM_node_6360684989,CAT017,scenic,viewpoint,viewpoint,True,osm_rule,high
OSM_node_6373589879,CAT018,other,attraction,general_attraction,True,osm_rule,high
OSM_node_6430875438,CAT006,heritage,historical,monument,True,osm_rule,high
OSM_node_6516450285,CAT018,other,attraction,general_attraction,True,osm_rule,high
OSM_node_6734226988,CAT017,scenic,viewpoint,viewpoint,True,osm_rule,high
OSM_node_7010796085,CAT017,scenic,viewpoint,viewpoint,True,osm_rule,high
OSM_node_7016393892,CAT018,other,attraction,general_attraction,True,osm_rule,high
OSM_node_7016393893,CAT018,other,attraction,general_attraction,True,osm_rule,high
OSM_node_7216676187,CAT018,other,attraction,general_attraction,True,osm_rule,high
OSM_node_7216677286,CAT018,other,attraction,general_attraction,True,osm_rule,high
OSM_node_7227055203,CAT018,other,attraction,general_attraction,True,osm_rule,high
OSM_node_7409232409,CAT013,recreation,park,public_park,True,osm_rule,high
OSM_node_7409232410,CAT013,recreation,park,public_park,True,osm_rule,high
OSM_node_7896019885,CAT017,scenic,viewpoint,viewpoint,True,osm_rule,high
OSM_node_7933912985,CAT017,scenic,viewpoint,viewpoint,True,osm_rule,high
OSM_node_8422578271,CAT006,heritage,historical,monument,True,osm_rule,high
OSM_node_9236847138,CAT011,culture,museum,museum,True,osm_rule,high
OSM_node_9921294673,CAT018,other,attraction,general_attraction,True,osm_rule,high
OSM_node_10277216343,CAT006,heritage,historical,monument,True,osm_rule,high
OSM_node_11263075942,CAT013,recreation,park,public_park,True,osm_rule,high
OSM_node_11449076782,CAT018,other,attraction,general_attraction,True,osm_rule,high
OSM_node_11617175975,CAT018,other,attraction,general_attraction,True,osm_rule,high
OSM_node_11630422969,CAT018,other,attraction,general_attraction,True,osm_rule,high
OSM_node_11816341852,CAT001,natural,landscape,mountain,True,osm_rule,high
OSM_node_12143156601,CAT006,heritage,historical,monument,True,osm_rule,high
OSM_node_12331134801,CAT018,other,attraction,general_attraction,True,osm_rule,high
OSM_node_12334098401,CAT018,other,attraction,general_attraction,True,osm_rule,high
OSM_node_12603963091,CAT018,other,attraction,general_attraction,True,osm_rule,high
OSM_node_12839265101,CAT018,other,attraction,general_attraction,True,osm_rule,high
OSM_node_13274327665,CAT013,recreation,park,public_park,True,osm_rule,high
OSM_node_13518301419,CAT018,other,attraction,general_attraction,True,osm_rule,high
OSM_node_13518302230,CAT018,other,attraction,general_attraction,True,osm_rule,high
OSM_node_13542306322,CAT013,recreation,park,public_park,True,osm_rule,high
OSM_way_89608604,CAT011,culture,museum,museum,True,osm_rule,high
OSM_way_89748554,CAT013,recreation,park,public_park,True,osm_rule,high
OSM_way_90071490,CAT011,culture,museum,museum,True,osm_rule,high
OSM_way_90080529,CAT013,recreation,park,public_park,True,osm_rule,high
OSM_way_90080614,CAT013,recreation,park,public_park,True,osm_rule,high
OSM_way_119276185,CAT013,recreation,park,public_park,True,osm_rule,high
OSM_way_119276473,CAT013,recreation,park,public_park,True,osm_rule,high
OSM_way_165794325,CAT013,recreation,park,public_park,True,osm_rule,high
OSM_way_166905353,CAT018,other,attraction,general_attraction,True,osm_rule,high
OSM_way_168524339,CAT013,recreation,park,public_park,True,osm_rule,high
OSM_way_168967660,CAT013,recreation,park,public_park,True,osm_rule,high
OSM_way_169088723,CAT018,other,attraction,general_attraction,True,osm_rule,high
OSM_way_209302273,CAT006,heritage,historical,monument,True,osm_rule,high
OSM_way_225364158,CAT013,recreation,park,public_park,True,osm_rule,high
OSM_way_225364159,CAT011,culture,museum,museum,True,osm_rule,high
OSM_way_225364185,CAT013,recreation,park,public_park,True,osm_rule,high
OSM_way_225364186,CAT013,recreation,park,public_park,True,osm_rule,high
OSM_way_225364319,CAT013,recreation,park,public_park,True,osm_rule,high
OSM_way_225364906,CAT013,recreation,park,public_park,True,osm_rule,high
OSM_way_225386267,CAT013,recreation,park,public_park,True,osm_rule,high
OSM_way_225518604,CAT013,recreation,park,public_park,True,osm_rule,high
OSM_way_254021408,CAT013,recreation,park,public_park,True,osm_rule,high
OSM_way_455035897,CAT013,recreation,park,public_park,True,osm_rule,high
OSM_way_455038118,CAT013,recreation,park,public_park,True,osm_rule,high
OSM_way_532654804,CAT013,recreation,park,public_park,True,osm_rule,high
OSM_way_532654813,CAT013,recreation,park,public_park,True,osm_rule,high
OSM_way_533290595,CAT013,recreation,park,public_park,True,osm_rule,high
OSM_way_539954305,CAT013,recreation,park,public_park,True,osm_rule,high
OSM_way_541655273,CAT006,heritage,historical,monument,True,osm_rule,high
OSM_way_542682506,CAT013,recreation,park,public_park,True,osm_rule,high
OSM_way_543238430,CAT013,recreation,park,public_park,True,osm_rule,high
OSM_way_543238431,CAT013,recreation,park,public_park,True,osm_rule,high
OSM_way_543243102,CAT013,recreation,park,public_park,True,osm_rule,high
OSM_way_653726077,CAT014,recreation,amusement,theme_park,True,osm_rule,high
OSM_way_659304563,CAT013,recreation,park,public_park,True,osm_rule,high
OSM_way_659304582,CAT013,recreation,park,public_park,True,osm_rule,high
OSM_way_667222148,CAT013,recreation,park,public_park,True,osm_rule,high
OSM_way_667222149,CAT006,heritage,historical,monument,True,osm_rule,high
OSM_way_668231185,CAT013,recreation,park,public_park,True,osm_rule,high
OSM_way_668869842,CAT007,heritage,historical,ruins,True,osm_rule,high
OSM_way_669125218,CAT018,other,attraction,general_attraction,True,osm_rule,high
OSM_way_671060406,CAT013,recreation,park,public_park,True,osm_rule,high
OSM_way_681362195,CAT018,other,attraction,general_attraction,True,osm_rule,high
OSM_way_686288578,CAT013,recreation,park,public_park,True,osm_rule,high
OSM_way_690682596,CAT013,recreation,park,public_park,True,osm_rule,high
OSM_way_702175355,CAT013,recreation,park,public_park,True,osm_rule,high
OSM_way_702380379,CAT018,other,attraction,general_attraction,True,osm_rule,high
OSM_way_708390239,CAT013,recreation,park,public_park,True,osm_rule,high
OSM_way_769028650,CAT013,recreation,park,public_park,True,osm_rule,high
OSM_way_769188151,CAT013,recreation,park,public_park,True,osm_rule,high
OSM_way_777888642,CAT013,recreation,park,public_park,True,osm_rule,high
OSM_way_777888643,CAT013,recreation,park,public_park,True,osm_rule,high
OSM_way_777891299,CAT013,recreation,park,public_park,True,osm_rule,high
OSM_way_777891300,CAT013,recreation,park,public_park,True,osm_rule,high
OSM_way_790939026,CAT013,recreation,park,public_park,True,osm_rule,high
OSM_way_837372445,CAT006,heritage,historical,monument,True,osm_rule,high
OSM_way_852019595,CAT006,heritage,historical,monument,True,osm_rule,high
OSM_way_854573822,CAT013,recreation,park,public_park,True,osm_rule,high
OSM_way_914641554,CAT006,heritage,historical,monument,True,osm_rule,high
OSM_way_922816142,CAT013,recreation,park,public_park,True,osm_rule,high
OSM_way_962628994,CAT009,heritage,historical,historic_building,True,osm_rule,high
OSM_way_1000681700,CAT011,culture,museum,museum,True,osm_rule,high
OSM_way_1030368611,CAT013,recreation,park,public_park,True,osm_rule,high
OSM_way_1061579248,CAT013,recreation,park,public_park,True,osm_rule,high
OSM_way_1061941524,CAT013,recreation,park,public_park,True,osm_rule,high
OSM_way_1062498633,CAT013,recreation,park,public_park,True,osm_rule,high
OSM_way_1062498634,CAT013,recreation,park,public_park,True,osm_rule,high
OSM_way_1107303481,CAT013,recreation,park,public_park,True,osm_rule,high
OSM_way_1107303963,CAT013,recreation,park,public_park,True,osm_rule,high
OSM_way_1107305573,CAT013,recreation,park,public_park,True,osm_rule,high
OSM_way_1107305751,CAT013,recreation,park,public_park,True,osm_rule,high
OSM_way_1107306335,CAT013,recreation,park,public_park,True,osm_rule,high
OSM_way_1107308686,CAT013,recreation,park,public_park,True,osm_rule,high
OSM_way_1107308896,CAT013,recreation,park,public_park,True,osm_rule,high
OSM_way_1110288163,CAT013,recreation,park,public_park,True,osm_rule,high
OSM_way_1110288264,CAT013,recreation,park,public_park,True,osm_rule,high
OSM_way_1110288520,CAT013,recreation,park,public_park,True,osm_rule,high
OSM_way_1110289142,CAT013,recreation,park,public_park,True,osm_rule,high
OSM_way_1110289298,CAT013,recreation,park,public_park,True,osm_rule,high
OSM_way_1110289610,CAT013,recreation,park,public_park,True,osm_rule,high
OSM_way_1110290157,CAT013,recreation,park,public_park,True,osm_rule,high
OSM_way_1110290268,CAT013,recreation,park,public_park,True,osm_rule,high
OSM_way_1110290511,CAT013,recreation,park,public_park,True,osm_rule,high
OSM_way_1110290646,CAT013,recreation,park,public_park,True,osm_rule,high
OSM_way_1126965453,CAT013,recreation,park,public_park,True,osm_rule,high
OSM_way_1153689641,CAT013,recreation,park,public_park,True,osm_rule,high
OSM_way_1158936961,CAT013,recreation,park,public_park,True,osm_rule,high
OSM_way_1158936962,CAT013,recreation,park,public_park,True,osm_rule,high
OSM_way_1212216289,CAT013,recreation,park,public_park,True,osm_rule,high
OSM_way_1227132982,CAT018,other,attraction,general_attraction,True,osm_rule,high
OSM_way_1227132983,CAT018,other,attraction,general_attraction,True,osm_rule,high
OSM_way_1235955980,CAT006,heritage,historical,monument,True,osm_rule,high
OSM_way_1237761658,CAT006,heritage,historical,monument,True,osm_rule,high
OSM_way_1311401922,CAT013,recreation,park,public_park,True,osm_rule,high
OSM_way_1378828314,CAT006,heritage,historical,monument,True,osm_rule,high
OSM_way_1380165844,CAT013,recreation,park,public_park,True,osm_rule,high
OSM_way_1414054480,CAT013,recreation,park,public_park,True,osm_rule,high
OSM_way_1418855655,CAT013,recreation,park,public_park,True,osm_rule,high
OSM_way_1429684808,CAT018,other,attraction,general_attraction,True,osm_rule,high
OSM_way_1430586858,CAT018,other,attraction,general_attraction,True,osm_rule,high
OSM_way_1455066447,CAT018,other,attraction,general_attraction,True,osm_rule,high
OSM_way_1455066448,CAT018,other,attraction,general_attraction,True,osm_rule,high
OSM_way_1456627367,CAT006,heritage,historical,monument,True,osm_rule,high
OSM_way_1461692261,CAT013,recreation,park,public_park,True,osm_rule,high
OSM_way_1461692541,CAT013,recreation,park,public_park,True,osm_rule,high
OSM_way_1466431647,CAT013,recreation,park,public_park,True,osm_rule,high
OSM_way_1491714685,CAT006,heritage,historical,monument,True,osm_rule,high
OSM_way_1497701700,CAT006,heritage,historical,monument,True,osm_rule,high
OSM_relation_1326051,CAT011,culture,museum,museum,True,osm_rule,high
OSM_relation_16911656,CAT013,recreation,park,public_park,True,osm_rule,high
OSM_node_1803526098,CAT006,heritage,historical,monument,True,osm_rule,high
OSM_node_3716461923,CAT005,natural,coastal,cape,True,osm_rule,high
OSM_node_5251674991,CAT017,scenic,viewpoint,viewpoint,True,osm_rule,high
OSM_node_5302720388,CAT006,heritage,historical,monument,True,osm_rule,high
OSM_node_5435416824,CAT018,other,attraction,general_attraction,True,osm_rule,high
OSM_node_5436562625,CAT018,other,attraction,general_attraction,True,osm_rule,high
OSM_node_5436568122,CAT018,other,attraction,general_attraction,True,osm_rule,high
OSM_node_6274203261,CAT006,heritage,historical,monument,True,osm_rule,high
OSM_node_6274203277,CAT017,scenic,viewpoint,viewpoint,True,osm_rule,high
OSM_node_6274203280,CAT006,heritage,historical,monument,True,osm_rule,high
OSM_node_7899161785,CAT018,other,attraction,general_attraction,True,osm_rule,high
OSM_node_7899798785,CAT017,scenic,viewpoint,viewpoint,True,osm_rule,high
OSM_node_7899798786,CAT017,scenic,viewpoint,viewpoint,True,osm_rule,high
OSM_node_7902288585,CAT018,other,attraction,general_attraction,True,osm_rule,high
OSM_node_7902288686,CAT018,other,attraction,general_attraction,True,osm_rule,high
OSM_node_7902616585,CAT017,scenic,viewpoint,viewpoint,True,osm_rule,high
OSM_node_7902616586,CAT017,scenic,viewpoint,viewpoint,True,osm_rule,high
OSM_node_7902616685,CAT017,scenic,viewpoint,viewpoint,True,osm_rule,high
OSM_node_8093354617,CAT017,scenic,viewpoint,viewpoint,True,osm_rule,high
OSM_node_12193933204,CAT006,heritage,historical,monument,True,osm_rule,high
OSM_node_12766802559,CAT018,other,attraction,general_attraction,True,osm_rule,high
OSM_way_441106932,CAT013,recreation,park,public_park,True,osm_rule,high
OSM_way_541656717,CAT013,recreation,park,public_park,True,osm_rule,high
OSM_way_669955460,CAT004,natural,coastal,beach,True,osm_rule,high
OSM_way_1024328493,CAT013,recreation,park,public_park,True,osm_rule,high
OSM_way_1024350670,CAT013,recreation,park,public_park,True,osm_rule,high
OSM_way_1024350674,CAT013,recreation,park,public_park,True,osm_rule,high
OSM_way_1176900004,CAT013,recreation,park,public_park,True,osm_rule,high
OSM_way_1228650506,CAT018,other,attraction,general_attraction,True,osm_rule,high
OSM_way_1228794103,CAT017,scenic,viewpoint,viewpoint,True,osm_rule,high
OSM_way_1417127962,CAT013,recreation,park,public_park,True,osm_rule,high
OSM_node_264318945,CAT017,scenic,viewpoint,viewpoint,True,osm_rule,high
OSM_node_1501618940,CAT001,natural,landscape,mountain,True,osm_rule,high
OSM_node_2124743207,CAT001,natural,landscape,mountain,True,osm_rule,high
OSM_node_2887623693,CAT001,natural,landscape,mountain,True,osm_rule,high
OSM_node_3107970172,CAT017,scenic,viewpoint,viewpoint,True,osm_rule,high
OSM_node_3108058417,CAT017,scenic,viewpoint,viewpoint,True,osm_rule,high
OSM_node_3282165789,CAT017,scenic,viewpoint,viewpoint,True,osm_rule,high
OSM_node_3282296720,CAT017,scenic,viewpoint,viewpoint,True,osm_rule,high
OSM_node_3844119611,CAT017,scenic,viewpoint,viewpoint,True,osm_rule,high
OSM_node_3844119737,CAT003,natural,landscape,cave,True,osm_rule,high
OSM_node_3844119985,CAT003,natural,landscape,cave,True,osm_rule,high
OSM_node_3844120594,CAT017,scenic,viewpoint,viewpoint,True,osm_rule,high
OSM_node_4305620000,CAT006,heritage,historical,monument,True,osm_rule,high
OSM_node_4305631603,CAT007,heritage,historical,ruins,True,osm_rule,high
OSM_node_4333176791,CAT017,scenic,viewpoint,viewpoint,True,osm_rule,high
OSM_node_4350488089,CAT017,scenic,viewpoint,viewpoint,True,osm_rule,high
OSM_node_4425904493,CAT017,scenic,viewpoint,viewpoint,True,osm_rule,high
OSM_node_4427121492,CAT017,scenic,viewpoint,viewpoint,True,osm_rule,high
OSM_node_4427130789,CAT017,scenic,viewpoint,viewpoint,True,osm_rule,high
OSM_node_4518601444,CAT003,natural,landscape,cave,True,osm_rule,high
OSM_node_4556557890,CAT018,other,attraction,general_attraction,True,osm_rule,high
OSM_node_4564778689,CAT018,other,attraction,general_attraction,True,osm_rule,high
OSM_node_4566037389,CAT017,scenic,viewpoint,viewpoint,True,osm_rule,high
OSM_node_4566037589,CAT003,natural,landscape,cave,True,osm_rule,high
OSM_node_4750689857,CAT001,natural,landscape,mountain,True,osm_rule,high
OSM_node_4759462126,CAT018,other,attraction,general_attraction,True,osm_rule,high
OSM_node_4771127826,CAT018,other,attraction,general_attraction,True,osm_rule,high
OSM_node_4948016990,CAT017,scenic,viewpoint,viewpoint,True,osm_rule,high
OSM_node_5177481926,CAT001,natural,landscape,mountain,True,osm_rule,high
OSM_node_5177481930,CAT001,natural,landscape,mountain,True,osm_rule,high
OSM_node_5177481931,CAT001,natural,landscape,mountain,True,osm_rule,high
OSM_node_5382522823,CAT017,scenic,viewpoint,viewpoint,True,osm_rule,high
OSM_node_5385207625,CAT017,scenic,viewpoint,viewpoint,True,osm_rule,high
OSM_node_5385207627,CAT017,scenic,viewpoint,viewpoint,True,osm_rule,high
OSM_node_5385210723,CAT017,scenic,viewpoint,viewpoint,True,osm_rule,high
OSM_node_5385662421,CAT018,other,attraction,general_attraction,True,osm_rule,high
OSM_node_5385698521,CAT018,other,attraction,general_attraction,True,osm_rule,high
OSM_node_5388518822,CAT017,scenic,viewpoint,viewpoint,True,osm_rule,high
OSM_node_5388518824,CAT018,other,attraction,general_attraction,True,osm_rule,high
OSM_node_5388531822,CAT017,scenic,viewpoint,viewpoint,True,osm_rule,high
OSM_node_5388531824,CAT017,scenic,viewpoint,viewpoint,True,osm_rule,high
OSM_node_5388532921,CAT018,other,attraction,general_attraction,True,osm_rule,high
OSM_node_5417771221,CAT018,other,attraction,general_attraction,True,osm_rule,high
OSM_node_5469199021,CAT017,scenic,viewpoint,viewpoint,True,osm_rule,high
OSM_node_5483839925,CAT018,other,attraction,general_attraction,True,osm_rule,high
OSM_node_5516812423,CAT017,scenic,viewpoint,viewpoint,True,osm_rule,high
OSM_node_5516818522,CAT017,scenic,viewpoint,viewpoint,True,osm_rule,high
OSM_node_5516823721,CAT017,scenic,viewpoint,viewpoint,True,osm_rule,high
OSM_node_5522520324,CAT017,scenic,viewpoint,viewpoint,True,osm_rule,high
OSM_node_5522559821,CAT017,scenic,viewpoint,viewpoint,True,osm_rule,high
OSM_node_5559489868,CAT017,scenic,viewpoint,viewpoint,True,osm_rule,high
OSM_node_5582045526,CAT018,other,attraction,general_attraction,True,osm_rule,high
OSM_node_5599691222,CAT018,other,attraction,general_attraction,True,osm_rule,high
OSM_node_5639603321,CAT017,scenic,viewpoint,viewpoint,True,osm_rule,high
OSM_node_5645342080,CAT017,scenic,viewpoint,viewpoint,True,osm_rule,high
OSM_node_5711360922,CAT017,scenic,viewpoint,viewpoint,True,osm_rule,high
OSM_node_5711381422,CAT018,other,attraction,general_attraction,True,osm_rule,high
OSM_node_5711391521,CAT018,other,attraction,general_attraction,True,osm_rule,high
OSM_node_5724377221,CAT017,scenic,viewpoint,viewpoint,True,osm_rule,high
OSM_node_5793799454,CAT003,natural,landscape,cave,True,osm_rule,high
OSM_node_5793805253,CAT017,scenic,viewpoint,viewpoint,True,osm_rule,high
OSM_node_5844904987,CAT017,scenic,viewpoint,viewpoint,True,osm_rule,high
OSM_node_5847428685,CAT017,scenic,viewpoint,viewpoint,True,osm_rule,high
OSM_node_5881088985,CAT017,scenic,viewpoint,viewpoint,True,osm_rule,high
OSM_node_5881595985,CAT017,scenic,viewpoint,viewpoint,True,osm_rule,high
OSM_node_5890159104,CAT017,scenic,viewpoint,viewpoint,True,osm_rule,high
OSM_node_5895722488,CAT018,other,attraction,general_attraction,True,osm_rule,high
OSM_node_5951663886,CAT018,other,attraction,general_attraction,True,osm_rule,high
OSM_node_6053606399,CAT017,scenic,viewpoint,viewpoint,True,osm_rule,high
OSM_node_6057950186,CAT018,other,attraction,general_attraction,True,osm_rule,high
OSM_node_6062123688,CAT017,scenic,viewpoint,viewpoint,True,osm_rule,high
OSM_node_6108938585,CAT017,scenic,viewpoint,viewpoint,True,osm_rule,high
OSM_node_6202400185,CAT018,other,attraction,general_attraction,True,osm_rule,high
OSM_node_6202400186,CAT018,other,attraction,general_attraction,True,osm_rule,high
OSM_node_6324482053,CAT001,natural,landscape,mountain,True,osm_rule,high
OSM_node_6327856585,CAT017,scenic,viewpoint,viewpoint,True,osm_rule,high
OSM_node_6387095285,CAT018,other,attraction,general_attraction,True,osm_rule,high
OSM_node_6467259386,CAT017,scenic,viewpoint,viewpoint,True,osm_rule,high
OSM_node_6469546885,CAT018,other,attraction,general_attraction,True,osm_rule,high
OSM_node_6512533785,CAT017,scenic,viewpoint,viewpoint,True,osm_rule,high
OSM_node_6700274890,CAT018,other,attraction,general_attraction,True,osm_rule,high
OSM_node_6856783085,CAT017,scenic,viewpoint,viewpoint,True,osm_rule,high
OSM_node_6899543085,CAT017,scenic,viewpoint,viewpoint,True,osm_rule,high
OSM_node_6950942686,CAT017,scenic,viewpoint,viewpoint,True,osm_rule,high
OSM_node_6956747385,CAT017,scenic,viewpoint,viewpoint,True,osm_rule,high
OSM_node_7048241985,CAT018,other,attraction,general_attraction,True,osm_rule,high
OSM_node_7241491385,CAT017,scenic,viewpoint,viewpoint,True,osm_rule,high
OSM_node_7254774985,CAT011,culture,museum,museum,True,osm_rule,high
OSM_node_7961606192,CAT018,other,attraction,general_attraction,True,osm_rule,high
OSM_node_7968147349,CAT006,heritage,historical,monument,True,osm_rule,high
OSM_node_7968148655,CAT001,natural,landscape,mountain,True,osm_rule,high
OSM_node_7972607486,CAT001,natural,landscape,mountain,True,osm_rule,high
OSM_node_7972607505,CAT001,natural,landscape,mountain,True,osm_rule,high
OSM_node_7972609031,CAT003,natural,landscape,cave,True,osm_rule,high
OSM_node_7975480036,CAT006,heritage,historical,monument,True,osm_rule,high
OSM_node_7975480068,CAT018,other,attraction,general_attraction,True,osm_rule,high
OSM_node_7975480069,CAT018,other,attraction,general_attraction,True,osm_rule,high
OSM_node_7975480092,CAT018,other,attraction,general_attraction,True,osm_rule,high
OSM_node_7975480093,CAT018,other,attraction,general_attraction,True,osm_rule,high
OSM_node_7975480201,CAT011,culture,museum,museum,True,osm_rule,high
OSM_node_7975480201,CAT006,heritage,historical,monument,False,osm_rule,high
OSM_node_7976954456,CAT001,natural,landscape,mountain,True,osm_rule,high
OSM_node_8019707806,CAT001,natural,landscape,mountain,True,osm_rule,high
OSM_node_8025398912,CAT001,natural,landscape,mountain,True,osm_rule,high
OSM_node_8036452173,CAT001,natural,landscape,mountain,True,osm_rule,high
OSM_node_8043969236,CAT001,natural,landscape,mountain,True,osm_rule,high
OSM_node_8043969237,CAT001,natural,landscape,mountain,True,osm_rule,high
OSM_node_8043969238,CAT001,natural,landscape,mountain,True,osm_rule,high
OSM_node_8043969240,CAT001,natural,landscape,mountain,True,osm_rule,high
OSM_node_8322238172,CAT006,heritage,historical,monument,True,osm_rule,high
OSM_node_8524858568,CAT001,natural,landscape,mountain,True,osm_rule,high
OSM_node_8588745817,CAT018,other,attraction,general_attraction,True,osm_rule,high
OSM_node_9166788371,CAT001,natural,landscape,mountain,True,osm_rule,high
OSM_node_10314270710,CAT017,scenic,viewpoint,viewpoint,True,osm_rule,high
OSM_node_10967397901,CAT001,natural,landscape,mountain,True,osm_rule,high
OSM_node_11056586805,CAT017,scenic,viewpoint,viewpoint,True,osm_rule,high
OSM_node_11176414838,CAT017,scenic,viewpoint,viewpoint,True,osm_rule,high
OSM_node_11443490229,CAT001,natural,landscape,mountain,True,osm_rule,high
OSM_node_11443712079,CAT001,natural,landscape,mountain,True,osm_rule,high
OSM_node_11443712080,CAT001,natural,landscape,mountain,True,osm_rule,high
OSM_node_11648852469,CAT017,scenic,viewpoint,viewpoint,True,osm_rule,high
OSM_node_12291548401,CAT017,scenic,viewpoint,viewpoint,True,osm_rule,high
OSM_node_12293440501,CAT017,scenic,viewpoint,viewpoint,True,osm_rule,high
OSM_node_12529009501,CAT017,scenic,viewpoint,viewpoint,True,osm_rule,high
OSM_node_12529300901,CAT017,scenic,viewpoint,viewpoint,True,osm_rule,high
OSM_node_12529301003,CAT017,scenic,viewpoint,viewpoint,True,osm_rule,high
OSM_node_13231768659,CAT001,natural,landscape,mountain,True,osm_rule,high
OSM_node_13332787877,CAT018,other,attraction,general_attraction,True,osm_rule,high
OSM_node_13634036101,CAT017,scenic,viewpoint,viewpoint,True,osm_rule,high
OSM_node_13845438496,CAT001,natural,landscape,mountain,True,osm_rule,high
OSM_node_13845438497,CAT001,natural,landscape,mountain,True,osm_rule,high
OSM_way_504649258,CAT006,heritage,historical,monument,True,osm_rule,high
OSM_way_808298848,CAT014,recreation,amusement,theme_park,True,osm_rule,high
OSM_way_853584050,CAT013,recreation,park,public_park,True,osm_rule,high
OSM_way_853584056,CAT018,other,attraction,general_attraction,True,osm_rule,high
OSM_way_854829776,CAT018,other,attraction,general_attraction,True,osm_rule,high
OSM_way_855231817,CAT018,other,attraction,general_attraction,True,osm_rule,high
OSM_way_855231823,CAT018,other,attraction,general_attraction,True,osm_rule,high
OSM_way_920925177,CAT011,culture,museum,museum,True,osm_rule,high
OSM_way_920925178,CAT006,heritage,historical,monument,True,osm_rule,high
OSM_way_1060469886,CAT013,recreation,park,public_park,True,osm_rule,high
OSM_way_1155364288,CAT017,scenic,viewpoint,viewpoint,True,osm_rule,high
OSM_way_1180919589,CAT006,heritage,historical,monument,True,osm_rule,high
OSM_way_1180919591,CAT006,heritage,historical,monument,True,osm_rule,high
OSM_way_1180919594,CAT006,heritage,historical,monument,True,osm_rule,high
OSM_way_1183371525,CAT013,recreation,park,public_park,True,osm_rule,high
OSM_way_1183371526,CAT013,recreation,park,public_park,True,osm_rule,high
OSM_way_1183371527,CAT013,recreation,park,public_park,True,osm_rule,high
OSM_way_1291950403,CAT006,heritage,historical,monument,True,osm_rule,high
OSM_node_560066486,CAT001,natural,landscape,mountain,True,osm_rule,high
OSM_node_560066487,CAT001,natural,landscape,mountain,True,osm_rule,high
OSM_node_560066497,CAT001,natural,landscape,mountain,True,osm_rule,high
OSM_node_3294335517,CAT011,culture,museum,museum,True,osm_rule,high
OSM_node_4133714189,CAT018,other,attraction,general_attraction,True,osm_rule,high
OSM_node_4275582395,CAT018,other,attraction,general_attraction,True,osm_rule,high
OSM_node_4275610390,CAT006,heritage,historical,monument,True,osm_rule,high
OSM_node_4378102395,CAT006,heritage,historical,monument,True,osm_rule,high
OSM_node_4411033492,CAT006,heritage,historical,monument,True,osm_rule,high
OSM_node_4411036392,CAT018,other,attraction,general_attraction,True,osm_rule,high
OSM_node_4411036591,CAT006,heritage,historical,monument,True,osm_rule,high
OSM_node_4411037089,CAT006,heritage,historical,monument,True,osm_rule,high
OSM_node_4411037189,CAT018,other,attraction,general_attraction,True,osm_rule,high
OSM_node_4456912024,CAT006,heritage,historical,monument,True,osm_rule,high
OSM_node_4648548712,CAT001,natural,landscape,mountain,True,osm_rule,high
OSM_node_4747280652,CAT001,natural,landscape,mountain,True,osm_rule,high
OSM_node_4747280653,CAT001,natural,landscape,mountain,True,osm_rule,high
OSM_node_4924308121,CAT018,other,attraction,general_attraction,True,osm_rule,high
OSM_node_4924308221,CAT018,other,attraction,general_attraction,True,osm_rule,high
OSM_node_4924308222,CAT018,other,attraction,general_attraction,True,osm_rule,high
OSM_node_4927636624,CAT018,other,attraction,general_attraction,True,osm_rule,high
OSM_node_4927636625,CAT018,other,attraction,general_attraction,True,osm_rule,high
OSM_node_4927637921,CAT018,other,attraction,general_attraction,True,osm_rule,high
OSM_node_4927637922,CAT018,other,attraction,general_attraction,True,osm_rule,high
OSM_node_5324019538,CAT006,heritage,historical,monument,True,osm_rule,high
OSM_node_5324019539,CAT006,heritage,historical,monument,True,osm_rule,high
OSM_node_5492241221,CAT006,heritage,historical,monument,True,osm_rule,high
OSM_node_6513385821,CAT001,natural,landscape,mountain,True,osm_rule,high
OSM_node_6897652189,CAT006,heritage,historical,monument,True,osm_rule,high
OSM_node_7003993585,CAT018,other,attraction,general_attraction,True,osm_rule,high
OSM_node_7003993586,CAT018,other,attraction,general_attraction,True,osm_rule,high
OSM_node_7003993685,CAT018,other,attraction,general_attraction,True,osm_rule,high
OSM_node_7005504585,CAT018,other,attraction,general_attraction,True,osm_rule,high
OSM_node_7005508385,CAT018,other,attraction,general_attraction,True,osm_rule,high
OSM_node_11707891770,CAT006,heritage,historical,monument,True,osm_rule,high
OSM_node_11707891969,CAT006,heritage,historical,monument,True,osm_rule,high
OSM_node_11707892669,CAT006,heritage,historical,monument,True,osm_rule,high
OSM_node_11738307433,CAT001,natural,landscape,mountain,True,osm_rule,high
OSM_node_11756955229,CAT001,natural,landscape,mountain,True,osm_rule,high
OSM_node_11765221236,CAT001,natural,landscape,mountain,True,osm_rule,high
OSM_node_12299561532,CAT018,other,attraction,general_attraction,True,osm_rule,high
OSM_node_12299561533,CAT018,other,attraction,general_attraction,True,osm_rule,high
OSM_way_640290256,CAT013,recreation,park,public_park,True,osm_rule,high
OSM_way_640290262,CAT013,recreation,park,public_park,True,osm_rule,high
OSM_way_640295913,CAT013,recreation,park,public_park,True,osm_rule,high
OSM_way_959988675,CAT013,recreation,park,public_park,True,osm_rule,high
OSM_way_959989941,CAT013,recreation,park,public_park,True,osm_rule,high
OSM_way_960016476,CAT013,recreation,park,public_park,True,osm_rule,high
OSM_way_960018837,CAT011,culture,museum,museum,True,osm_rule,high
OSM_way_960019192,CAT013,recreation,park,public_park,True,osm_rule,high
OSM_way_960041871,CAT013,recreation,park,public_park,True,osm_rule,high
OSM_way_960111916,CAT013,recreation,park,public_park,True,osm_rule,high
OSM_way_960112186,CAT013,recreation,park,public_park,True,osm_rule,high
OSM_way_962982791,CAT013,recreation,park,public_park,True,osm_rule,high
OSM_way_977472093,CAT006,heritage,historical,monument,True,osm_rule,high
OSM_way_1104429558,CAT013,recreation,park,public_park,True,osm_rule,high
OSM_way_1204347952,CAT013,recreation,park,public_park,True,osm_rule,high
OSM_way_1204348013,CAT013,recreation,park,public_park,True,osm_rule,high
OSM_way_1204348096,CAT013,recreation,park,public_park,True,osm_rule,high
OSM_way_1204348316,CAT013,recreation,park,public_park,True,osm_rule,high
OSM_way_1204348419,CAT013,recreation,park,public_park,True,osm_rule,high
OSM_way_1204348923,CAT013,recreation,park,public_park,True,osm_rule,high
OSM_way_1204349012,CAT013,recreation,park,public_park,True,osm_rule,high
OSM_way_1204349341,CAT013,recreation,park,public_park,True,osm_rule,high
OSM_way_1329391500,CAT013,recreation,park,public_park,True,osm_rule,high
OSM_node_446043766,CAT001,natural,landscape,mountain,True,osm_rule,high
OSM_node_560066478,CAT001,natural,landscape,mountain,True,osm_rule,high
OSM_node_4416131101,CAT006,heritage,historical,monument,True,osm_rule,high
OSM_node_4592300589,CAT018,other,attraction,general_attraction,True,osm_rule,high
OSM_node_4593881290,CAT018,other,attraction,general_attraction,True,osm_rule,high
OSM_node_4727524392,CAT018,other,attraction,general_attraction,True,osm_rule,high
OSM_node_4761153963,CAT001,natural,landscape,mountain,True,osm_rule,high
OSM_node_4842802721,CAT001,natural,landscape,mountain,True,osm_rule,high
OSM_node_4842817322,CAT018,other,attraction,general_attraction,True,osm_rule,high
OSM_node_4842817621,CAT018,other,attraction,general_attraction,True,osm_rule,high
OSM_node_4842817622,CAT018,other,attraction,general_attraction,True,osm_rule,high
OSM_node_4850945330,CAT018,other,attraction,general_attraction,True,osm_rule,high
OSM_node_5132908921,CAT017,scenic,viewpoint,viewpoint,True,osm_rule,high
OSM_node_5350183222,CAT018,other,attraction,general_attraction,True,osm_rule,high
OSM_node_6403815785,CAT018,other,attraction,general_attraction,True,osm_rule,high
OSM_node_6876935185,CAT018,other,attraction,general_attraction,True,osm_rule,high
OSM_node_6876947985,CAT006,heritage,historical,monument,True,osm_rule,high
OSM_node_6885060185,CAT017,scenic,viewpoint,viewpoint,True,osm_rule,high
OSM_node_6888754586,CAT017,scenic,viewpoint,viewpoint,True,osm_rule,high
OSM_node_6888754587,CAT017,scenic,viewpoint,viewpoint,True,osm_rule,high
OSM_node_6894279586,CAT006,heritage,historical,monument,True,osm_rule,high
OSM_node_6961548190,CAT018,other,attraction,general_attraction,True,osm_rule,high
OSM_node_6961548191,CAT017,scenic,viewpoint,viewpoint,True,osm_rule,high
OSM_node_6966254212,CAT018,other,attraction,general_attraction,True,osm_rule,high
OSM_node_7037505886,CAT017,scenic,viewpoint,viewpoint,True,osm_rule,high
OSM_node_7037506285,CAT017,scenic,viewpoint,viewpoint,True,osm_rule,high
OSM_node_10200919217,CAT018,other,attraction,general_attraction,True,osm_rule,high
OSM_node_10775141905,CAT018,other,attraction,general_attraction,True,osm_rule,high
OSM_node_10775392105,CAT018,other,attraction,general_attraction,True,osm_rule,high
OSM_node_10919514735,CAT003,natural,landscape,cave,True,osm_rule,high
OSM_node_11594151087,CAT001,natural,landscape,mountain,True,osm_rule,high
OSM_node_11595871631,CAT001,natural,landscape,mountain,True,osm_rule,high
OSM_node_11595871632,CAT001,natural,landscape,mountain,True,osm_rule,high
OSM_node_11699208361,CAT001,natural,landscape,mountain,True,osm_rule,high
OSM_node_13724978102,CAT017,scenic,viewpoint,viewpoint,True,osm_rule,high
OSM_way_1028840318,CAT013,recreation,park,public_park,True,osm_rule,high
OSM_node_1501606392,CAT001,natural,landscape,mountain,True,osm_rule,high
OSM_node_1501606547,CAT001,natural,landscape,mountain,True,osm_rule,high
OSM_node_1501607016,CAT001,natural,landscape,mountain,True,osm_rule,high
OSM_node_1501607160,CAT001,natural,landscape,mountain,True,osm_rule,high
OSM_node_1501607480,CAT001,natural,landscape,mountain,True,osm_rule,high
OSM_node_2884075984,CAT001,natural,landscape,mountain,True,osm_rule,high
OSM_node_2884132725,CAT001,natural,landscape,mountain,True,osm_rule,high
OSM_node_2884132726,CAT001,natural,landscape,mountain,True,osm_rule,high
OSM_node_3145039979,CAT001,natural,landscape,mountain,True,osm_rule,high
OSM_node_4608282517,CAT001,natural,landscape,mountain,True,osm_rule,high
OSM_node_4778175521,CAT018,other,attraction,general_attraction,True,osm_rule,high
OSM_node_4780344823,CAT018,other,attraction,general_attraction,True,osm_rule,high
OSM_node_4900753490,CAT001,natural,landscape,mountain,True,osm_rule,high
OSM_node_5024041492,CAT001,natural,landscape,mountain,True,osm_rule,high
OSM_node_5143238656,CAT001,natural,landscape,mountain,True,osm_rule,high
OSM_node_5155521805,CAT017,scenic,viewpoint,viewpoint,True,osm_rule,high
OSM_node_5372010124,CAT017,scenic,viewpoint,viewpoint,True,osm_rule,high
OSM_node_5372787421,CAT018,other,attraction,general_attraction,True,osm_rule,high
OSM_node_5374416822,CAT017,scenic,viewpoint,viewpoint,True,osm_rule,high
OSM_node_5374416823,CAT018,other,attraction,general_attraction,True,osm_rule,high
OSM_node_5374449521,CAT018,other,attraction,general_attraction,True,osm_rule,high
OSM_node_5374449523,CAT017,scenic,viewpoint,viewpoint,True,osm_rule,high
OSM_node_5374449524,CAT017,scenic,viewpoint,viewpoint,True,osm_rule,high
OSM_node_5374449621,CAT017,scenic,viewpoint,viewpoint,True,osm_rule,high
OSM_node_5602133184,CAT003,natural,landscape,cave,True,osm_rule,high
OSM_node_6301034380,CAT007,heritage,historical,ruins,True,osm_rule,high
OSM_node_6757122873,CAT001,natural,landscape,mountain,True,osm_rule,high
OSM_node_6795312785,CAT001,natural,landscape,mountain,True,osm_rule,high
OSM_node_6796687663,CAT001,natural,landscape,mountain,True,osm_rule,high
OSM_node_6799419133,CAT018,other,attraction,general_attraction,True,osm_rule,high
OSM_node_6799419659,CAT001,natural,landscape,mountain,True,osm_rule,high
OSM_node_6799419660,CAT001,natural,landscape,mountain,True,osm_rule,high
OSM_node_6799419661,CAT001,natural,landscape,mountain,True,osm_rule,high
OSM_node_6802443186,CAT018,other,attraction,general_attraction,True,osm_rule,high
OSM_node_6802443705,CAT001,natural,landscape,mountain,True,osm_rule,high
OSM_node_6807888795,CAT001,natural,landscape,mountain,True,osm_rule,high
OSM_node_6807888796,CAT001,natural,landscape,mountain,True,osm_rule,high
OSM_node_7104457386,CAT018,other,attraction,general_attraction,True,osm_rule,high
OSM_node_7104473585,CAT018,other,attraction,general_attraction,True,osm_rule,high
OSM_node_7110185485,CAT006,heritage,historical,monument,True,osm_rule,high
OSM_node_7110210885,CAT018,other,attraction,general_attraction,True,osm_rule,high
OSM_node_11145453606,CAT018,other,attraction,general_attraction,True,osm_rule,high
OSM_node_11443514141,CAT001,natural,landscape,mountain,True,osm_rule,high
OSM_node_13249109969,CAT001,natural,landscape,mountain,True,osm_rule,high
OSM_node_13249111447,CAT001,natural,landscape,mountain,True,osm_rule,high
OSM_node_13260718084,CAT001,natural,landscape,mountain,True,osm_rule,high
OSM_node_13586263202,CAT001,natural,landscape,mountain,True,osm_rule,high
OSM_node_13677510752,CAT006,heritage,historical,monument,True,osm_rule,high
OSM_node_13765071859,CAT006,heritage,historical,monument,True,osm_rule,high
OSM_node_13883697868,CAT001,natural,landscape,mountain,True,osm_rule,high
OSM_node_13883697869,CAT001,natural,landscape,mountain,True,osm_rule,high
OSM_node_13883697876,CAT001,natural,landscape,mountain,True,osm_rule,high
OSM_node_13904911221,CAT001,natural,landscape,mountain,True,osm_rule,high
OSM_node_13904911222,CAT001,natural,landscape,mountain,True,osm_rule,high
OSM_node_13904911223,CAT001,natural,landscape,mountain,True,osm_rule,high
OSM_node_13904911224,CAT001,natural,landscape,mountain,True,osm_rule,high
OSM_way_673000679,CAT018,other,attraction,general_attraction,True,osm_rule,high
OSM_way_718394434,CAT013,recreation,park,public_park,True,osm_rule,high
OSM_way_826481390,CAT011,culture,museum,museum,True,osm_rule,high
OSM_way_826481393,CAT006,heritage,historical,monument,True,osm_rule,high
OSM_way_1368763550,CAT013,recreation,park,public_park,True,osm_rule,high
OSM_way_1443838887,CAT013,recreation,park,public_park,True,osm_rule,high
OSM_way_1481285376,CAT007,heritage,historical,ruins,True,osm_rule,high
OSM_node_1336497764,CAT001,natural,landscape,mountain,True,osm_rule,high
OSM_node_3294682392,CAT017,scenic,viewpoint,viewpoint,True,osm_rule,high
OSM_node_4142686008,CAT017,scenic,viewpoint,viewpoint,True,osm_rule,high
OSM_node_4317682289,CAT006,heritage,historical,monument,True,osm_rule,high
OSM_node_4763628156,CAT001,natural,landscape,mountain,True,osm_rule,high
OSM_node_4763628161,CAT001,natural,landscape,mountain,True,osm_rule,high
OSM_node_5385166923,CAT017,scenic,viewpoint,viewpoint,True,osm_rule,high
OSM_node_5385183321,CAT017,scenic,viewpoint,viewpoint,True,osm_rule,high
OSM_node_6087234586,CAT017,scenic,viewpoint,viewpoint,True,osm_rule,high
OSM_node_6892630485,CAT017,scenic,viewpoint,viewpoint,True,osm_rule,high
OSM_node_7010848391,CAT013,recreation,park,public_park,True,osm_rule,high
OSM_node_7010867027,CAT013,recreation,park,public_park,True,osm_rule,high
OSM_node_8509323925,CAT013,recreation,park,public_park,True,osm_rule,high
OSM_node_8521085712,CAT003,natural,landscape,cave,True,osm_rule,high
OSM_node_10268906506,CAT003,natural,landscape,cave,True,osm_rule,high
OSM_node_12612375701,CAT003,natural,landscape,cave,True,osm_rule,high
OSM_node_13460681347,CAT003,natural,landscape,cave,True,osm_rule,high
OSM_node_13460699228,CAT013,recreation,park,public_park,True,osm_rule,high
OSM_way_550244077,CAT013,recreation,park,public_park,True,osm_rule,high
OSM_way_1054316659,CAT013,recreation,park,public_park,True,osm_rule,high
OSM_node_5348532724,CAT018,other,attraction,general_attraction,True,osm_rule,high
OSM_node_5348989126,CAT018,other,attraction,general_attraction,True,osm_rule,high
OSM_node_5348990925,CAT018,other,attraction,general_attraction,True,osm_rule,high
OSM_node_5348990926,CAT018,other,attraction,general_attraction,True,osm_rule,high
OSM_node_5349009821,CAT018,other,attraction,general_attraction,True,osm_rule,high
OSM_node_5350260625,CAT018,other,attraction,general_attraction,True,osm_rule,high
OSM_node_9959182217,CAT018,other,attraction,general_attraction,True,osm_rule,high
OSM_node_10221070951,CAT018,other,attraction,general_attraction,True,osm_rule,high
OSM_node_11459629374,CAT013,recreation,park,public_park,True,osm_rule,high
OSM_way_161671244,CAT018,other,attraction,general_attraction,True,osm_rule,high
OSM_way_297876179,CAT011,culture,museum,museum,True,osm_rule,high
OSM_way_297876180,CAT018,other,attraction,general_attraction,True,osm_rule,high
OSM_node_134090035,CAT005,natural,coastal,cape,True,osm_rule,high
OSM_node_1037736905,CAT008,heritage,historical,archaeological_site,True,osm_rule,high
OSM_node_1037737078,CAT008,heritage,historical,archaeological_site,True,osm_rule,high
OSM_node_1037737131,CAT008,heritage,historical,archaeological_site,True,osm_rule,high
OSM_node_1037737163,CAT008,heritage,historical,archaeological_site,True,osm_rule,high
OSM_node_1037737181,CAT008,heritage,historical,archaeological_site,True,osm_rule,high
OSM_node_1037737215,CAT008,heritage,historical,archaeological_site,True,osm_rule,high
OSM_node_1037737395,CAT008,heritage,historical,archaeological_site,True,osm_rule,high
OSM_node_1336383345,CAT005,natural,coastal,cape,True,osm_rule,high
OSM_node_1538334281,CAT017,scenic,viewpoint,viewpoint,True,osm_rule,high
OSM_node_1623183649,CAT001,natural,landscape,mountain,True,osm_rule,high
OSM_node_1758586662,CAT001,natural,landscape,mountain,True,osm_rule,high
OSM_node_1758586686,CAT003,natural,landscape,cave,True,osm_rule,high
OSM_node_1758586716,CAT003,natural,landscape,cave,True,osm_rule,high
OSM_node_1758586757,CAT003,natural,landscape,cave,True,osm_rule,high
OSM_node_2076855866,CAT011,culture,museum,museum,True,osm_rule,high
OSM_node_2076855954,CAT011,culture,museum,museum,True,osm_rule,high
OSM_node_2076856032,CAT011,culture,museum,museum,True,osm_rule,high
OSM_node_2088919707,CAT007,heritage,historical,ruins,True,osm_rule,high
OSM_node_2088919708,CAT007,heritage,historical,ruins,True,osm_rule,high
OSM_node_2088919709,CAT007,heritage,historical,ruins,True,osm_rule,high
OSM_node_2088919710,CAT007,heritage,historical,ruins,True,osm_rule,high
OSM_node_2088919712,CAT007,heritage,historical,ruins,True,osm_rule,high
OSM_node_2088919713,CAT007,heritage,historical,ruins,True,osm_rule,high
OSM_node_2088919714,CAT007,heritage,historical,ruins,True,osm_rule,high
OSM_node_2088919715,CAT007,heritage,historical,ruins,True,osm_rule,high
OSM_node_2088919716,CAT007,heritage,historical,ruins,True,osm_rule,high
OSM_node_2088919717,CAT007,heritage,historical,ruins,True,osm_rule,high
OSM_node_2088919719,CAT007,heritage,historical,ruins,True,osm_rule,high
OSM_node_2088919721,CAT007,heritage,historical,ruins,True,osm_rule,high
OSM_node_2088919723,CAT007,heritage,historical,ruins,True,osm_rule,high
OSM_node_2088919725,CAT007,heritage,historical,ruins,True,osm_rule,high
OSM_node_2088919726,CAT007,heritage,historical,ruins,True,osm_rule,high
OSM_node_2088919727,CAT007,heritage,historical,ruins,True,osm_rule,high
OSM_node_2088919728,CAT007,heritage,historical,ruins,True,osm_rule,high
OSM_node_2088919729,CAT007,heritage,historical,ruins,True,osm_rule,high
OSM_node_2088919730,CAT007,heritage,historical,ruins,True,osm_rule,high
OSM_node_2088919731,CAT007,heritage,historical,ruins,True,osm_rule,high
OSM_node_2088919732,CAT007,heritage,historical,ruins,True,osm_rule,high
OSM_node_2088919734,CAT007,heritage,historical,ruins,True,osm_rule,high
OSM_node_2088919735,CAT007,heritage,historical,ruins,True,osm_rule,high
OSM_node_2088919736,CAT008,heritage,historical,archaeological_site,True,osm_rule,high
OSM_node_2088919737,CAT008,heritage,historical,archaeological_site,True,osm_rule,high
OSM_node_2092582385,CAT018,other,attraction,general_attraction,True,osm_rule,high
OSM_node_2093848427,CAT001,natural,landscape,mountain,True,osm_rule,high
OSM_node_2093848429,CAT001,natural,landscape,mountain,True,osm_rule,high
OSM_node_2093848431,CAT001,natural,landscape,mountain,True,osm_rule,high
OSM_node_2093848434,CAT003,natural,landscape,cave,True,osm_rule,high
OSM_node_2093848443,CAT001,natural,landscape,mountain,True,osm_rule,high
OSM_node_2617007574,CAT006,heritage,historical,monument,True,osm_rule,high
OSM_node_2749636616,CAT004,natural,coastal,beach,True,osm_rule,high
OSM_node_2987298385,CAT013,recreation,park,public_park,True,osm_rule,high
OSM_node_3189923484,CAT011,culture,museum,museum,True,osm_rule,high
OSM_node_3775971223,CAT006,heritage,historical,monument,True,osm_rule,high
OSM_node_4000306508,CAT006,heritage,historical,monument,True,osm_rule,high
OSM_node_4012510801,CAT013,recreation,park,public_park,True,osm_rule,high
OSM_node_4171925609,CAT018,other,attraction,general_attraction,True,osm_rule,high
OSM_node_4171964292,CAT004,natural,coastal,beach,True,osm_rule,high
OSM_node_4171964390,CAT018,other,attraction,general_attraction,True,osm_rule,high
OSM_node_4171971289,CAT018,other,attraction,general_attraction,True,osm_rule,high
OSM_node_4171971589,CAT018,other,attraction,general_attraction,True,osm_rule,high
OSM_node_4172034499,CAT004,natural,coastal,beach,True,osm_rule,high
OSM_node_4222784590,CAT018,other,attraction,general_attraction,True,osm_rule,high
OSM_node_4279640089,CAT011,culture,museum,museum,True,osm_rule,high
OSM_node_4322936691,CAT018,other,attraction,general_attraction,True,osm_rule,high
OSM_node_4347089780,CAT004,natural,coastal,beach,True,osm_rule,high
OSM_node_4452884989,CAT018,other,attraction,general_attraction,True,osm_rule,high
OSM_node_4517387589,CAT018,other,attraction,general_attraction,True,osm_rule,high
OSM_node_4524503392,CAT006,heritage,historical,monument,True,osm_rule,high
OSM_node_4537530289,CAT007,heritage,historical,ruins,True,osm_rule,high
OSM_node_4652906389,CAT017,scenic,viewpoint,viewpoint,True,osm_rule,high
OSM_node_4697466983,CAT001,natural,landscape,mountain,True,osm_rule,high
OSM_node_4706189591,CAT006,heritage,historical,monument,True,osm_rule,high
OSM_node_4719575094,CAT018,other,attraction,general_attraction,True,osm_rule,high
OSM_node_4727717789,CAT018,other,attraction,general_attraction,True,osm_rule,high
OSM_node_4728811292,CAT001,natural,landscape,mountain,True,osm_rule,high
OSM_node_4807957148,CAT014,recreation,amusement,theme_park,True,osm_rule,high
OSM_node_4828408623,CAT018,other,attraction,general_attraction,True,osm_rule,high
OSM_node_4924323121,CAT018,other,attraction,general_attraction,True,osm_rule,high
OSM_node_4955662821,CAT006,heritage,historical,monument,True,osm_rule,high
OSM_node_5040415529,CAT018,other,attraction,general_attraction,True,osm_rule,high
OSM_node_5072875821,CAT018,other,attraction,general_attraction,True,osm_rule,high
OSM_node_5107802323,CAT018,other,attraction,general_attraction,True,osm_rule,high
OSM_node_5153761923,CAT018,other,attraction,general_attraction,True,osm_rule,high
OSM_node_5272117924,CAT017,scenic,viewpoint,viewpoint,True,osm_rule,high
OSM_node_5272119321,CAT017,scenic,viewpoint,viewpoint,True,osm_rule,high
OSM_node_5273998822,CAT018,other,attraction,general_attraction,True,osm_rule,high
OSM_node_5273998823,CAT018,other,attraction,general_attraction,True,osm_rule,high
OSM_node_5273999121,CAT018,other,attraction,general_attraction,True,osm_rule,high
OSM_node_5273999125,CAT017,scenic,viewpoint,viewpoint,True,osm_rule,high
OSM_node_5273999621,CAT018,other,attraction,general_attraction,True,osm_rule,high
OSM_node_5276546923,CAT006,heritage,historical,monument,True,osm_rule,high
OSM_node_5276547123,CAT018,other,attraction,general_attraction,True,osm_rule,high
OSM_node_5281444722,CAT018,other,attraction,general_attraction,True,osm_rule,high
OSM_node_5286977425,CAT018,other,attraction,general_attraction,True,osm_rule,high
OSM_node_5397722195,CAT017,scenic,viewpoint,viewpoint,True,osm_rule,high
OSM_node_5403993021,CAT018,other,attraction,general_attraction,True,osm_rule,high
OSM_node_5404053922,CAT018,other,attraction,general_attraction,True,osm_rule,high
OSM_node_5409994221,CAT017,scenic,viewpoint,viewpoint,True,osm_rule,high
OSM_node_5444978923,CAT006,heritage,historical,monument,True,osm_rule,high
OSM_node_5507239821,CAT018,other,attraction,general_attraction,True,osm_rule,high
OSM_node_5512742621,CAT011,culture,museum,museum,True,osm_rule,high
OSM_node_5513474821,CAT011,culture,museum,museum,True,osm_rule,high
OSM_node_5558159021,CAT018,other,attraction,general_attraction,True,osm_rule,high
OSM_node_5611194222,CAT017,scenic,viewpoint,viewpoint,True,osm_rule,high
OSM_node_5674096859,CAT011,culture,museum,museum,True,osm_rule,high
OSM_node_5747015021,CAT017,scenic,viewpoint,viewpoint,True,osm_rule,high
OSM_node_5817580453,CAT011,culture,museum,museum,True,osm_rule,high
OSM_node_5824328953,CAT017,scenic,viewpoint,viewpoint,True,osm_rule,high
OSM_node_5825158353,CAT017,scenic,viewpoint,viewpoint,True,osm_rule,high
OSM_node_5899363276,CAT001,natural,landscape,mountain,True,osm_rule,high
OSM_node_5899363279,CAT001,natural,landscape,mountain,True,osm_rule,high
OSM_node_5922491535,CAT003,natural,landscape,cave,True,osm_rule,high
OSM_node_6052877571,CAT001,natural,landscape,mountain,True,osm_rule,high
OSM_node_6091196615,CAT012,culture,arts,gallery,True,osm_rule,high
OSM_node_6099308589,CAT018,other,attraction,general_attraction,True,osm_rule,high
OSM_node_6290544486,CAT017,scenic,viewpoint,viewpoint,True,osm_rule,high
OSM_node_6346457485,CAT017,scenic,viewpoint,viewpoint,True,osm_rule,high
OSM_node_6346486685,CAT018,other,attraction,general_attraction,True,osm_rule,high
OSM_node_6372734486,CAT018,other,attraction,general_attraction,True,osm_rule,high
OSM_node_6417476012,CAT005,natural,coastal,cape,True,osm_rule,high
OSM_node_6512888885,CAT006,heritage,historical,monument,True,osm_rule,high
OSM_node_6528451001,CAT018,other,attraction,general_attraction,True,osm_rule,high
OSM_node_6627739386,CAT018,other,attraction,general_attraction,True,osm_rule,high
OSM_node_6660364585,CAT017,scenic,viewpoint,viewpoint,True,osm_rule,high
OSM_node_6873083990,CAT018,other,attraction,general_attraction,True,osm_rule,high
OSM_node_7095169367,CAT012,culture,arts,gallery,True,osm_rule,high
OSM_node_7127442985,CAT018,other,attraction,general_attraction,True,osm_rule,high
OSM_node_7127464285,CAT011,culture,museum,museum,True,osm_rule,high
OSM_node_7130183185,CAT018,other,attraction,general_attraction,True,osm_rule,high
OSM_node_7259793385,CAT011,culture,museum,museum,True,osm_rule,high
OSM_node_7276380289,CAT018,other,attraction,general_attraction,True,osm_rule,high
OSM_node_7298327487,CAT006,heritage,historical,monument,True,osm_rule,high
OSM_node_7301996085,CAT018,other,attraction,general_attraction,True,osm_rule,high
OSM_node_7328902486,CAT018,other,attraction,general_attraction,True,osm_rule,high
OSM_node_7433903438,CAT006,heritage,historical,monument,True,osm_rule,high
OSM_node_7436318498,CAT006,heritage,historical,monument,True,osm_rule,high
OSM_node_7436339895,CAT006,heritage,historical,monument,True,osm_rule,high
OSM_node_7436339896,CAT006,heritage,historical,monument,True,osm_rule,high
OSM_node_7436662391,CAT008,heritage,historical,archaeological_site,True,osm_rule,high
OSM_node_7447597007,CAT006,heritage,historical,monument,True,osm_rule,high
OSM_node_7520818185,CAT007,heritage,historical,ruins,True,osm_rule,high
OSM_node_7523625285,CAT007,heritage,historical,ruins,True,osm_rule,high
OSM_node_7538380285,CAT018,other,attraction,general_attraction,True,osm_rule,high
OSM_node_7540666285,CAT017,scenic,viewpoint,viewpoint,True,osm_rule,high
OSM_node_7543215185,CAT018,other,attraction,general_attraction,True,osm_rule,high
OSM_node_7551488985,CAT018,other,attraction,general_attraction,True,osm_rule,high
OSM_node_7589985947,CAT006,heritage,historical,monument,True,osm_rule,high
OSM_node_7597416246,CAT006,heritage,historical,monument,True,osm_rule,high
OSM_node_7619077694,CAT006,heritage,historical,monument,True,osm_rule,high
OSM_node_7689987500,CAT018,other,attraction,general_attraction,True,osm_rule,high
OSM_node_7836461885,CAT006,heritage,historical,monument,True,osm_rule,high
OSM_node_7900234351,CAT007,heritage,historical,ruins,True,osm_rule,high
OSM_node_7980962385,CAT017,scenic,viewpoint,viewpoint,True,osm_rule,high
OSM_node_8009821785,CAT017,scenic,viewpoint,viewpoint,True,osm_rule,high
OSM_node_8009821885,CAT017,scenic,viewpoint,viewpoint,True,osm_rule,high
OSM_node_8032205986,CAT017,scenic,viewpoint,viewpoint,True,osm_rule,high
OSM_node_8032215985,CAT017,scenic,viewpoint,viewpoint,True,osm_rule,high
OSM_node_8041992585,CAT017,scenic,viewpoint,viewpoint,True,osm_rule,high
OSM_node_8041992686,CAT018,other,attraction,general_attraction,True,osm_rule,high
OSM_node_8041992688,CAT017,scenic,viewpoint,viewpoint,True,osm_rule,high
OSM_node_8041992785,CAT017,scenic,viewpoint,viewpoint,True,osm_rule,high
OSM_node_8213632717,CAT017,scenic,viewpoint,viewpoint,True,osm_rule,high
OSM_node_8259224117,CAT017,scenic,viewpoint,viewpoint,True,osm_rule,high
OSM_node_8260978117,CAT017,scenic,viewpoint,viewpoint,True,osm_rule,high
OSM_node_8260988017,CAT017,scenic,viewpoint,viewpoint,True,osm_rule,high
OSM_node_8292902918,CAT017,scenic,viewpoint,viewpoint,True,osm_rule,high
OSM_node_8338185617,CAT017,scenic,viewpoint,viewpoint,True,osm_rule,high
OSM_node_8338185618,CAT017,scenic,viewpoint,viewpoint,True,osm_rule,high
OSM_node_8338185717,CAT017,scenic,viewpoint,viewpoint,True,osm_rule,high
OSM_node_8338185817,CAT017,scenic,viewpoint,viewpoint,True,osm_rule,high
OSM_node_8338185917,CAT017,scenic,viewpoint,viewpoint,True,osm_rule,high
OSM_node_8403746920,CAT017,scenic,viewpoint,viewpoint,True,osm_rule,high
OSM_node_8404639118,CAT017,scenic,viewpoint,viewpoint,True,osm_rule,high
OSM_node_8404639119,CAT017,scenic,viewpoint,viewpoint,True,osm_rule,high
OSM_node_8404664318,CAT017,scenic,viewpoint,viewpoint,True,osm_rule,high
OSM_node_8404664417,CAT017,scenic,viewpoint,viewpoint,True,osm_rule,high
OSM_node_8404665017,CAT017,scenic,viewpoint,viewpoint,True,osm_rule,high
OSM_node_8404665117,CAT017,scenic,viewpoint,viewpoint,True,osm_rule,high
OSM_node_8422512000,CAT006,heritage,historical,monument,True,osm_rule,high
OSM_node_8454596418,CAT017,scenic,viewpoint,viewpoint,True,osm_rule,high
OSM_node_8459986717,CAT017,scenic,viewpoint,viewpoint,True,osm_rule,high
OSM_node_8459986817,CAT017,scenic,viewpoint,viewpoint,True,osm_rule,high
OSM_node_8474743417,CAT011,culture,museum,museum,True,osm_rule,high
OSM_node_8493370317,CAT017,scenic,viewpoint,viewpoint,True,osm_rule,high
OSM_node_8493370417,CAT017,scenic,viewpoint,viewpoint,True,osm_rule,high
OSM_node_8493370517,CAT017,scenic,viewpoint,viewpoint,True,osm_rule,high
OSM_node_8599255217,CAT017,scenic,viewpoint,viewpoint,True,osm_rule,high
OSM_node_8616526723,CAT006,heritage,historical,monument,True,osm_rule,high
OSM_node_8616536620,CAT006,heritage,historical,monument,True,osm_rule,high
OSM_node_8634096417,CAT017,scenic,viewpoint,viewpoint,True,osm_rule,high
OSM_node_8634096418,CAT017,scenic,viewpoint,viewpoint,True,osm_rule,high
OSM_node_8649471017,CAT017,scenic,viewpoint,viewpoint,True,osm_rule,high
OSM_node_8649471018,CAT007,heritage,historical,ruins,True,osm_rule,high
OSM_node_8659162418,CAT017,scenic,viewpoint,viewpoint,True,osm_rule,high
OSM_node_8754882120,CAT017,scenic,viewpoint,viewpoint,True,osm_rule,high
OSM_node_8880291417,CAT017,scenic,viewpoint,viewpoint,True,osm_rule,high
OSM_node_8883385553,CAT012,culture,arts,gallery,True,osm_rule,high
OSM_node_9153881017,CAT017,scenic,viewpoint,viewpoint,True,osm_rule,high
OSM_node_9153881717,CAT017,scenic,viewpoint,viewpoint,True,osm_rule,high
OSM_node_9196652417,CAT017,scenic,viewpoint,viewpoint,True,osm_rule,high
OSM_node_9283475117,CAT018,other,attraction,general_attraction,True,osm_rule,high
OSM_node_9448910486,CAT013,recreation,park,public_park,True,osm_rule,high
OSM_node_9455623717,CAT017,scenic,viewpoint,viewpoint,True,osm_rule,high
OSM_node_9653941217,CAT011,culture,museum,museum,True,osm_rule,high
OSM_node_9724270996,CAT006,heritage,historical,monument,True,osm_rule,high
OSM_node_10175727317,CAT018,other,attraction,general_attraction,True,osm_rule,high
OSM_node_10248134056,CAT018,other,attraction,general_attraction,True,osm_rule,high
OSM_node_10603622205,CAT018,other,attraction,general_attraction,True,osm_rule,high
OSM_node_10709724107,CAT018,other,attraction,general_attraction,True,osm_rule,high
OSM_node_10709724108,CAT018,other,attraction,general_attraction,True,osm_rule,high
OSM_node_10709724420,CAT018,other,attraction,general_attraction,True,osm_rule,high
OSM_node_10709738005,CAT018,other,attraction,general_attraction,True,osm_rule,high
OSM_node_10709738006,CAT018,other,attraction,general_attraction,True,osm_rule,high
OSM_node_10709738405,CAT018,other,attraction,general_attraction,True,osm_rule,high
OSM_node_10723988763,CAT006,heritage,historical,monument,True,osm_rule,high
OSM_node_11101215627,CAT001,natural,landscape,mountain,True,osm_rule,high
OSM_node_11161070774,CAT018,other,attraction,general_attraction,True,osm_rule,high
OSM_node_11161070775,CAT018,other,attraction,general_attraction,True,osm_rule,high
OSM_node_11176025737,CAT018,other,attraction,general_attraction,True,osm_rule,high
OSM_node_11259291337,CAT018,other,attraction,general_attraction,True,osm_rule,high
OSM_node_11359603957,CAT018,other,attraction,general_attraction,True,osm_rule,high
OSM_node_11374783349,CAT018,other,attraction,general_attraction,True,osm_rule,high
OSM_node_11374805869,CAT018,other,attraction,general_attraction,True,osm_rule,high
OSM_node_11425562478,CAT017,scenic,viewpoint,viewpoint,True,osm_rule,high
OSM_node_11445446872,CAT001,natural,landscape,mountain,True,osm_rule,high
OSM_node_11445446947,CAT006,heritage,historical,monument,True,osm_rule,high
OSM_node_11445799012,CAT006,heritage,historical,monument,True,osm_rule,high
OSM_node_11446503438,CAT001,natural,landscape,mountain,True,osm_rule,high
OSM_node_11575442748,CAT018,other,attraction,general_attraction,True,osm_rule,high
OSM_node_11581700332,CAT007,heritage,historical,ruins,True,osm_rule,high
OSM_node_11586091345,CAT006,heritage,historical,monument,True,osm_rule,high
OSM_node_11593581569,CAT018,other,attraction,general_attraction,True,osm_rule,high
OSM_node_11618566160,CAT007,heritage,historical,ruins,True,osm_rule,high
OSM_node_11632218898,CAT001,natural,landscape,mountain,True,osm_rule,high
OSM_node_11637290769,CAT017,scenic,viewpoint,viewpoint,True,osm_rule,high
OSM_node_11714147063,CAT001,natural,landscape,mountain,True,osm_rule,high
OSM_node_11715206377,CAT001,natural,landscape,mountain,True,osm_rule,high
OSM_node_11762324215,CAT001,natural,landscape,mountain,True,osm_rule,high
OSM_node_11762324216,CAT001,natural,landscape,mountain,True,osm_rule,high
OSM_node_11762324218,CAT001,natural,landscape,mountain,True,osm_rule,high
OSM_node_11772348890,CAT001,natural,landscape,mountain,True,osm_rule,high
OSM_node_11772348891,CAT001,natural,landscape,mountain,True,osm_rule,high
OSM_node_11782012514,CAT001,natural,landscape,mountain,True,osm_rule,high
OSM_node_11784634072,CAT007,heritage,historical,ruins,True,osm_rule,high
OSM_node_11832500969,CAT017,scenic,viewpoint,viewpoint,True,osm_rule,high
OSM_node_11839217090,CAT001,natural,landscape,mountain,True,osm_rule,high
OSM_node_11839217091,CAT001,natural,landscape,mountain,True,osm_rule,high
OSM_node_11839217092,CAT001,natural,landscape,mountain,True,osm_rule,high
OSM_node_11839217093,CAT001,natural,landscape,mountain,True,osm_rule,high
OSM_node_11876463269,CAT017,scenic,viewpoint,viewpoint,True,osm_rule,high
OSM_node_11896339273,CAT012,culture,arts,gallery,True,osm_rule,high
OSM_node_11934169470,CAT018,other,attraction,general_attraction,True,osm_rule,high
OSM_node_11946310464,CAT011,culture,museum,museum,True,osm_rule,high
OSM_node_12344125229,CAT011,culture,museum,museum,True,osm_rule,high
OSM_node_12419369065,CAT018,other,attraction,general_attraction,True,osm_rule,high
OSM_node_12419369066,CAT018,other,attraction,general_attraction,True,osm_rule,high
OSM_node_12622064034,CAT011,culture,museum,museum,True,osm_rule,high
OSM_node_12647208262,CAT004,natural,coastal,beach,True,osm_rule,high
OSM_node_12701646101,CAT017,scenic,viewpoint,viewpoint,True,osm_rule,high
OSM_node_12701675501,CAT017,scenic,viewpoint,viewpoint,True,osm_rule,high
OSM_node_12719339614,CAT006,heritage,historical,monument,True,osm_rule,high
OSM_node_12719339615,CAT006,heritage,historical,monument,True,osm_rule,high
OSM_node_12722639495,CAT006,heritage,historical,monument,True,osm_rule,high
OSM_node_12815941401,CAT018,other,attraction,general_attraction,True,osm_rule,high
OSM_node_12982910801,CAT018,other,attraction,general_attraction,True,osm_rule,high
OSM_node_13006863836,CAT017,scenic,viewpoint,viewpoint,True,osm_rule,high
OSM_node_13040467529,CAT004,natural,coastal,beach,True,osm_rule,high
OSM_node_13091074901,CAT006,heritage,historical,monument,True,osm_rule,high
OSM_node_13149084101,CAT014,recreation,amusement,theme_park,True,osm_rule,high
OSM_node_13260659280,CAT006,heritage,historical,monument,True,osm_rule,high
OSM_node_13283973790,CAT008,heritage,historical,archaeological_site,True,osm_rule,high
OSM_node_13283973791,CAT008,heritage,historical,archaeological_site,True,osm_rule,high
OSM_node_13293830517,CAT011,culture,museum,museum,True,osm_rule,high
OSM_node_13525483833,CAT017,scenic,viewpoint,viewpoint,True,osm_rule,high
OSM_node_13539949246,CAT007,heritage,historical,ruins,True,osm_rule,high
OSM_node_13539949250,CAT007,heritage,historical,ruins,True,osm_rule,high
OSM_node_13539949252,CAT007,heritage,historical,ruins,True,osm_rule,high
OSM_node_13539949253,CAT007,heritage,historical,ruins,True,osm_rule,high
OSM_node_13539949254,CAT007,heritage,historical,ruins,True,osm_rule,high
OSM_node_13539949257,CAT007,heritage,historical,ruins,True,osm_rule,high
OSM_node_13539949259,CAT007,heritage,historical,ruins,True,osm_rule,high
OSM_node_13539949272,CAT007,heritage,historical,ruins,True,osm_rule,high
OSM_node_13591837801,CAT011,culture,museum,museum,True,osm_rule,high
OSM_node_13677406601,CAT006,heritage,historical,monument,True,osm_rule,high
OSM_node_13797708575,CAT018,other,attraction,general_attraction,True,osm_rule,high
OSM_node_14074967004,CAT006,heritage,historical,monument,True,osm_rule,high
OSM_node_14076086101,CAT006,heritage,historical,monument,True,osm_rule,high
OSM_node_14078442086,CAT018,other,attraction,general_attraction,True,osm_rule,high
OSM_way_14131302,CAT014,recreation,amusement,theme_park,True,osm_rule,high
OSM_way_35952574,CAT018,other,attraction,general_attraction,True,osm_rule,high
OSM_way_35952591,CAT018,other,attraction,general_attraction,True,osm_rule,high
OSM_way_39268284,CAT018,other,attraction,general_attraction,True,osm_rule,high
OSM_way_118609193,CAT007,heritage,historical,ruins,True,osm_rule,high
OSM_way_118691767,CAT011,culture,museum,museum,True,osm_rule,high
OSM_way_149699484,CAT013,recreation,park,public_park,True,osm_rule,high
OSM_way_198804448,CAT007,heritage,historical,ruins,True,osm_rule,high
OSM_way_198804451,CAT007,heritage,historical,ruins,True,osm_rule,high
OSM_way_198804453,CAT007,heritage,historical,ruins,True,osm_rule,high
OSM_way_198804455,CAT007,heritage,historical,ruins,True,osm_rule,high
OSM_way_198804459,CAT007,heritage,historical,ruins,True,osm_rule,high
OSM_way_198804461,CAT007,heritage,historical,ruins,True,osm_rule,high
OSM_way_198804463,CAT007,heritage,historical,ruins,True,osm_rule,high
OSM_way_198804465,CAT007,heritage,historical,ruins,True,osm_rule,high
OSM_way_198804483,CAT008,heritage,historical,archaeological_site,True,osm_rule,high
OSM_way_204790989,CAT018,other,attraction,general_attraction,True,osm_rule,high
OSM_way_210933183,CAT009,heritage,historical,historic_building,True,osm_rule,high
OSM_way_279353637,CAT004,natural,coastal,beach,True,osm_rule,high
OSM_way_295178277,CAT013,recreation,park,public_park,True,osm_rule,high
OSM_way_302872188,CAT011,culture,museum,museum,True,osm_rule,high
OSM_way_303341669,CAT011,culture,museum,museum,True,osm_rule,high
OSM_way_420947244,CAT006,heritage,historical,monument,True,osm_rule,high
OSM_way_448044645,CAT018,other,attraction,general_attraction,True,osm_rule,high
OSM_way_521222116,CAT013,recreation,park,public_park,True,osm_rule,high
OSM_way_531235869,CAT013,recreation,park,public_park,True,osm_rule,high
OSM_way_542867598,CAT006,heritage,historical,monument,True,osm_rule,high
OSM_way_554812139,CAT006,heritage,historical,monument,True,osm_rule,high
OSM_way_565275128,CAT013,recreation,park,public_park,True,osm_rule,high
OSM_way_565300448,CAT018,other,attraction,general_attraction,True,osm_rule,high
OSM_way_565325074,CAT013,recreation,park,public_park,True,osm_rule,high
OSM_way_565586453,CAT013,recreation,park,public_park,True,osm_rule,high
OSM_way_565592419,CAT011,culture,museum,museum,True,osm_rule,high
OSM_way_584941415,CAT011,culture,museum,museum,True,osm_rule,high
OSM_way_595299310,CAT011,culture,museum,museum,True,osm_rule,high
OSM_way_595471597,CAT011,culture,museum,museum,True,osm_rule,high
OSM_way_596624577,CAT006,heritage,historical,monument,True,osm_rule,high
OSM_way_622734399,CAT011,culture,museum,museum,True,osm_rule,high
OSM_way_622734448,CAT013,recreation,park,public_park,True,osm_rule,high
OSM_way_622734495,CAT013,recreation,park,public_park,True,osm_rule,high
OSM_way_624211476,CAT013,recreation,park,public_park,True,osm_rule,high
OSM_way_626704914,CAT012,culture,arts,gallery,True,osm_rule,high
OSM_way_627379326,CAT011,culture,museum,museum,True,osm_rule,high
OSM_way_627379348,CAT007,heritage,historical,ruins,True,osm_rule,high
OSM_way_627379365,CAT007,heritage,historical,ruins,True,osm_rule,high
OSM_way_630377259,CAT004,natural,coastal,beach,True,osm_rule,high
OSM_way_631064893,CAT018,other,attraction,general_attraction,True,osm_rule,high
OSM_way_631074714,CAT011,culture,museum,museum,True,osm_rule,high
OSM_way_675604354,CAT013,recreation,park,public_park,True,osm_rule,high
OSM_way_683416736,CAT018,other,attraction,general_attraction,True,osm_rule,high
OSM_way_694831926,CAT018,other,attraction,general_attraction,True,osm_rule,high
OSM_way_705124463,CAT013,recreation,park,public_park,True,osm_rule,high
OSM_way_733592806,CAT009,heritage,historical,historic_building,True,osm_rule,high
OSM_way_733592807,CAT009,heritage,historical,historic_building,True,osm_rule,high
OSM_way_733592822,CAT007,heritage,historical,ruins,True,osm_rule,high
OSM_way_755508145,CAT004,natural,coastal,beach,True,osm_rule,high
OSM_way_759913076,CAT011,culture,museum,museum,True,osm_rule,high
OSM_way_780440511,CAT013,recreation,park,public_park,True,osm_rule,high
OSM_way_780440810,CAT013,recreation,park,public_park,True,osm_rule,high
OSM_way_782381624,CAT014,recreation,amusement,theme_park,True,osm_rule,high
OSM_way_844958057,CAT013,recreation,park,public_park,True,osm_rule,high
OSM_way_845629735,CAT011,culture,museum,museum,True,osm_rule,high
OSM_way_848886882,CAT008,heritage,historical,archaeological_site,True,osm_rule,high
OSM_way_860559509,CAT013,recreation,park,public_park,True,osm_rule,high
OSM_way_902966818,CAT011,culture,museum,museum,True,osm_rule,high
OSM_way_961973763,CAT013,recreation,park,public_park,True,osm_rule,high
OSM_way_961973996,CAT013,recreation,park,public_park,True,osm_rule,high
OSM_way_962129075,CAT013,recreation,park,public_park,True,osm_rule,high
OSM_way_962129076,CAT013,recreation,park,public_park,True,osm_rule,high
OSM_way_962129077,CAT013,recreation,park,public_park,True,osm_rule,high
OSM_way_962129078,CAT013,recreation,park,public_park,True,osm_rule,high
OSM_way_962129079,CAT013,recreation,park,public_park,True,osm_rule,high
OSM_way_962130353,CAT013,recreation,park,public_park,True,osm_rule,high
OSM_way_962134784,CAT013,recreation,park,public_park,True,osm_rule,high
OSM_way_966750005,CAT013,recreation,park,public_park,True,osm_rule,high
OSM_way_969249184,CAT011,culture,museum,museum,True,osm_rule,high
OSM_way_1077108382,CAT013,recreation,park,public_park,True,osm_rule,high
OSM_way_1115788711,CAT013,recreation,park,public_park,True,osm_rule,high
OSM_way_1115791518,CAT013,recreation,park,public_park,True,osm_rule,high
OSM_way_1115795402,CAT013,recreation,park,public_park,True,osm_rule,high
OSM_way_1124576618,CAT013,recreation,park,public_park,True,osm_rule,high
OSM_way_1152993502,CAT006,heritage,historical,monument,True,osm_rule,high
OSM_way_1169531150,CAT013,recreation,park,public_park,True,osm_rule,high
OSM_way_1204900824,CAT004,natural,coastal,beach,True,osm_rule,high
OSM_way_1205391949,CAT004,natural,coastal,beach,True,osm_rule,high
OSM_way_1205391950,CAT004,natural,coastal,beach,True,osm_rule,high
OSM_way_1246229021,CAT006,heritage,historical,monument,True,osm_rule,high
OSM_way_1252183181,CAT007,heritage,historical,ruins,True,osm_rule,high
OSM_way_1252368755,CAT013,recreation,park,public_park,True,osm_rule,high
OSM_way_1252486503,CAT013,recreation,park,public_park,True,osm_rule,high
OSM_way_1254909519,CAT013,recreation,park,public_park,True,osm_rule,high
OSM_way_1265740821,CAT004,natural,coastal,beach,True,osm_rule,high
OSM_way_1265740825,CAT004,natural,coastal,beach,True,osm_rule,high
OSM_way_1281365649,CAT018,other,attraction,general_attraction,True,osm_rule,high
OSM_way_1281365650,CAT018,other,attraction,general_attraction,True,osm_rule,high
OSM_way_1284147788,CAT013,recreation,park,public_park,True,osm_rule,high
OSM_way_1330726238,CAT004,natural,coastal,beach,True,osm_rule,high
OSM_way_1331565206,CAT006,heritage,historical,monument,True,osm_rule,high
OSM_way_1332441514,CAT011,culture,museum,museum,True,osm_rule,high
OSM_way_1348698157,CAT013,recreation,park,public_park,True,osm_rule,high
OSM_way_1360680180,CAT007,heritage,historical,ruins,True,osm_rule,high
OSM_way_1360680181,CAT007,heritage,historical,ruins,True,osm_rule,high
OSM_way_1360680182,CAT007,heritage,historical,ruins,True,osm_rule,high
OSM_way_1368599361,CAT011,culture,museum,museum,True,osm_rule,high
OSM_way_1384907056,CAT013,recreation,park,public_park,True,osm_rule,high
OSM_way_1384911812,CAT013,recreation,park,public_park,True,osm_rule,high
OSM_way_1462480876,CAT018,other,attraction,general_attraction,True,osm_rule,high
OSM_way_1469438352,CAT004,natural,coastal,beach,True,osm_rule,high
OSM_way_1469438377,CAT004,natural,coastal,beach,True,osm_rule,high
OSM_way_1469438378,CAT004,natural,coastal,beach,True,osm_rule,high
OSM_way_1474583779,CAT011,culture,museum,museum,True,osm_rule,high
OSM_way_1474610279,CAT018,other,attraction,general_attraction,True,osm_rule,high
OSM_way_1481663044,CAT009,heritage,historical,historic_building,True,osm_rule,high
OSM_way_1484919510,CAT016,recreation,amusement,zoo,True,osm_rule,high
OSM_way_1511011826,CAT018,other,attraction,general_attraction,True,osm_rule,high
OSM_way_1530193368,CAT018,other,attraction,general_attraction,True,osm_rule,high
OSM_relation_3938690,CAT013,recreation,park,public_park,True,osm_rule,high
OSM_relation_8552348,CAT018,other,attraction,general_attraction,True,osm_rule,high
OSM_node_1552566836,CAT018,other,attraction,general_attraction,True,osm_rule,high
OSM_node_1619903019,CAT001,natural,landscape,mountain,True,osm_rule,high
OSM_node_1620026976,CAT001,natural,landscape,mountain,True,osm_rule,high
OSM_node_1620027003,CAT001,natural,landscape,mountain,True,osm_rule,high
OSM_node_1620027032,CAT001,natural,landscape,mountain,True,osm_rule,high
OSM_node_1620139956,CAT001,natural,landscape,mountain,True,osm_rule,high
OSM_node_1620139966,CAT001,natural,landscape,mountain,True,osm_rule,high
OSM_node_1620139989,CAT017,scenic,viewpoint,viewpoint,True,osm_rule,high
OSM_node_1621178555,CAT017,scenic,viewpoint,viewpoint,True,osm_rule,high
OSM_node_1621178556,CAT001,natural,landscape,mountain,True,osm_rule,high
OSM_node_1621178557,CAT001,natural,landscape,mountain,True,osm_rule,high
OSM_node_1621178558,CAT001,natural,landscape,mountain,True,osm_rule,high
OSM_node_1621178559,CAT001,natural,landscape,mountain,True,osm_rule,high
OSM_node_1621215279,CAT001,natural,landscape,mountain,True,osm_rule,high
OSM_node_1621215287,CAT001,natural,landscape,mountain,True,osm_rule,high
OSM_node_1621215354,CAT001,natural,landscape,mountain,True,osm_rule,high
OSM_node_1621236057,CAT001,natural,landscape,mountain,True,osm_rule,high
OSM_node_1634860331,CAT001,natural,landscape,mountain,True,osm_rule,high
OSM_node_1634860340,CAT001,natural,landscape,mountain,True,osm_rule,high
OSM_node_1720384571,CAT018,other,attraction,general_attraction,True,osm_rule,high
OSM_node_2400607637,CAT006,heritage,historical,monument,True,osm_rule,high
OSM_node_3600339699,CAT017,scenic,viewpoint,viewpoint,True,osm_rule,high
OSM_node_3822848446,CAT001,natural,landscape,mountain,True,osm_rule,high
OSM_node_4133869265,CAT011,culture,museum,museum,True,osm_rule,high
OSM_node_4133919102,CAT018,other,attraction,general_attraction,True,osm_rule,high
OSM_node_4327763291,CAT006,heritage,historical,monument,True,osm_rule,high
OSM_node_4472575491,CAT017,scenic,viewpoint,viewpoint,True,osm_rule,high
OSM_node_4524518293,CAT007,heritage,historical,ruins,True,osm_rule,high
OSM_node_4524565893,CAT007,heritage,historical,ruins,True,osm_rule,high
OSM_node_4694935790,CAT006,heritage,historical,monument,True,osm_rule,high
OSM_node_4699200455,CAT006,heritage,historical,monument,True,osm_rule,high
OSM_node_4728811283,CAT001,natural,landscape,mountain,True,osm_rule,high
OSM_node_4729243377,CAT001,natural,landscape,mountain,True,osm_rule,high
OSM_node_4729489467,CAT001,natural,landscape,mountain,True,osm_rule,high
OSM_node_4845622521,CAT018,other,attraction,general_attraction,True,osm_rule,high
OSM_node_4854885621,CAT018,other,attraction,general_attraction,True,osm_rule,high
OSM_node_4855335621,CAT018,other,attraction,general_attraction,True,osm_rule,high
OSM_node_4856928723,CAT018,other,attraction,general_attraction,True,osm_rule,high
OSM_node_4875471121,CAT018,other,attraction,general_attraction,True,osm_rule,high
OSM_node_4958459521,CAT018,other,attraction,general_attraction,True,osm_rule,high
OSM_node_5078175221,CAT017,scenic,viewpoint,viewpoint,True,osm_rule,high
OSM_node_5154907722,CAT018,other,attraction,general_attraction,True,osm_rule,high
OSM_node_5158684722,CAT018,other,attraction,general_attraction,True,osm_rule,high
OSM_node_5453769823,CAT018,other,attraction,general_attraction,True,osm_rule,high
OSM_node_5490455749,CAT018,other,attraction,general_attraction,True,osm_rule,high
OSM_node_5490606655,CAT018,other,attraction,general_attraction,True,osm_rule,high
OSM_node_5490688956,CAT018,other,attraction,general_attraction,True,osm_rule,high
OSM_node_5490688957,CAT018,other,attraction,general_attraction,True,osm_rule,high
OSM_node_5492564633,CAT006,heritage,historical,monument,True,osm_rule,high
OSM_node_5591026348,CAT001,natural,landscape,mountain,True,osm_rule,high
OSM_node_5740163625,CAT011,culture,museum,museum,True,osm_rule,high
OSM_node_5773636553,CAT017,scenic,viewpoint,viewpoint,True,osm_rule,high
OSM_node_5777963855,CAT017,scenic,viewpoint,viewpoint,True,osm_rule,high
OSM_node_5792310863,CAT017,scenic,viewpoint,viewpoint,True,osm_rule,high
OSM_node_5800116755,CAT018,other,attraction,general_attraction,True,osm_rule,high
OSM_node_5834157486,CAT006,heritage,historical,monument,True,osm_rule,high
OSM_node_5997147685,CAT006,heritage,historical,monument,True,osm_rule,high
OSM_node_6053632591,CAT018,other,attraction,general_attraction,True,osm_rule,high
OSM_node_6426199169,CAT013,recreation,park,public_park,True,osm_rule,high
OSM_node_6437369182,CAT006,heritage,historical,monument,True,osm_rule,high
OSM_node_6438157485,CAT017,scenic,viewpoint,viewpoint,True,osm_rule,high
OSM_node_6468320985,CAT013,recreation,park,public_park,True,osm_rule,high
OSM_node_7196618186,CAT018,other,attraction,general_attraction,True,osm_rule,high
OSM_node_7548151085,CAT018,other,attraction,general_attraction,True,osm_rule,high
OSM_node_7742499685,CAT018,other,attraction,general_attraction,True,osm_rule,high
OSM_node_7757049185,CAT017,scenic,viewpoint,viewpoint,True,osm_rule,high
OSM_node_7780765286,CAT018,other,attraction,general_attraction,True,osm_rule,high
OSM_node_7836460287,CAT006,heritage,historical,monument,True,osm_rule,high
OSM_node_7976071085,CAT017,scenic,viewpoint,viewpoint,True,osm_rule,high
OSM_node_7976071185,CAT017,scenic,viewpoint,viewpoint,True,osm_rule,high
OSM_node_8404665018,CAT017,scenic,viewpoint,viewpoint,True,osm_rule,high
OSM_node_8404665118,CAT017,scenic,viewpoint,viewpoint,True,osm_rule,high
OSM_node_8404665217,CAT017,scenic,viewpoint,viewpoint,True,osm_rule,high
OSM_node_8404665417,CAT017,scenic,viewpoint,viewpoint,True,osm_rule,high
OSM_node_8404876817,CAT017,scenic,viewpoint,viewpoint,True,osm_rule,high
OSM_node_8404876818,CAT017,scenic,viewpoint,viewpoint,True,osm_rule,high
OSM_node_8404877117,CAT017,scenic,viewpoint,viewpoint,True,osm_rule,high
OSM_node_8409008717,CAT017,scenic,viewpoint,viewpoint,True,osm_rule,high
OSM_node_8409010617,CAT017,scenic,viewpoint,viewpoint,True,osm_rule,high
OSM_node_8409010618,CAT017,scenic,viewpoint,viewpoint,True,osm_rule,high
OSM_node_8409011017,CAT017,scenic,viewpoint,viewpoint,True,osm_rule,high
OSM_node_8409011018,CAT017,scenic,viewpoint,viewpoint,True,osm_rule,high
OSM_node_8409011318,CAT017,scenic,viewpoint,viewpoint,True,osm_rule,high
OSM_node_8409011319,CAT017,scenic,viewpoint,viewpoint,True,osm_rule,high
OSM_node_8409011320,CAT017,scenic,viewpoint,viewpoint,True,osm_rule,high
OSM_node_8410417117,CAT017,scenic,viewpoint,viewpoint,True,osm_rule,high
OSM_node_8411867117,CAT018,other,attraction,general_attraction,True,osm_rule,high
OSM_node_8415010618,CAT017,scenic,viewpoint,viewpoint,True,osm_rule,high
OSM_node_8417979617,CAT017,scenic,viewpoint,viewpoint,True,osm_rule,high
OSM_node_8420066417,CAT017,scenic,viewpoint,viewpoint,True,osm_rule,high
OSM_node_8420066517,CAT017,scenic,viewpoint,viewpoint,True,osm_rule,high
OSM_node_8422178917,CAT017,scenic,viewpoint,viewpoint,True,osm_rule,high
OSM_node_8422278317,CAT017,scenic,viewpoint,viewpoint,True,osm_rule,high
OSM_node_8422278617,CAT017,scenic,viewpoint,viewpoint,True,osm_rule,high
OSM_node_8423109217,CAT006,heritage,historical,monument,True,osm_rule,high
OSM_node_8431599217,CAT017,scenic,viewpoint,viewpoint,True,osm_rule,high
OSM_node_8439928917,CAT017,scenic,viewpoint,viewpoint,True,osm_rule,high
OSM_node_10647830426,CAT001,natural,landscape,mountain,True,osm_rule,high
OSM_node_11443633494,CAT001,natural,landscape,mountain,True,osm_rule,high
OSM_node_11443633856,CAT006,heritage,historical,monument,True,osm_rule,high
OSM_node_11611410065,CAT001,natural,landscape,mountain,True,osm_rule,high
OSM_node_11637238532,CAT001,natural,landscape,mountain,True,osm_rule,high
OSM_node_11638253376,CAT018,other,attraction,general_attraction,True,osm_rule,high
OSM_node_11694675640,CAT001,natural,landscape,mountain,True,osm_rule,high
OSM_node_11694675641,CAT001,natural,landscape,mountain,True,osm_rule,high
OSM_node_11694675642,CAT001,natural,landscape,mountain,True,osm_rule,high
OSM_node_11718197851,CAT001,natural,landscape,mountain,True,osm_rule,high
OSM_node_11718368019,CAT001,natural,landscape,mountain,True,osm_rule,high
OSM_node_11757415355,CAT001,natural,landscape,mountain,True,osm_rule,high
OSM_node_11757415356,CAT001,natural,landscape,mountain,True,osm_rule,high
OSM_node_11757464839,CAT001,natural,landscape,mountain,True,osm_rule,high
OSM_node_11762228130,CAT001,natural,landscape,mountain,True,osm_rule,high
OSM_node_11762324219,CAT001,natural,landscape,mountain,True,osm_rule,high
OSM_node_11762324220,CAT001,natural,landscape,mountain,True,osm_rule,high
OSM_node_11777400903,CAT001,natural,landscape,mountain,True,osm_rule,high
OSM_node_11777479997,CAT001,natural,landscape,mountain,True,osm_rule,high
OSM_node_11784634071,CAT007,heritage,historical,ruins,True,osm_rule,high
OSM_node_11944475210,CAT001,natural,landscape,mountain,True,osm_rule,high
OSM_node_11945933669,CAT001,natural,landscape,mountain,True,osm_rule,high
OSM_node_11978878741,CAT001,natural,landscape,mountain,True,osm_rule,high
OSM_node_11978878742,CAT001,natural,landscape,mountain,True,osm_rule,high
OSM_node_11978878743,CAT001,natural,landscape,mountain,True,osm_rule,high
OSM_node_12108323497,CAT001,natural,landscape,mountain,True,osm_rule,high
OSM_node_12167471716,CAT013,recreation,park,public_park,True,osm_rule,high
OSM_node_12167471717,CAT013,recreation,park,public_park,True,osm_rule,high
OSM_node_12208609675,CAT018,other,attraction,general_attraction,True,osm_rule,high
OSM_node_12244431198,CAT018,other,attraction,general_attraction,True,osm_rule,high
OSM_node_12982831902,CAT018,other,attraction,general_attraction,True,osm_rule,high
OSM_node_13013739916,CAT001,natural,landscape,mountain,True,osm_rule,high
OSM_node_13105153109,CAT018,other,attraction,general_attraction,True,osm_rule,high
OSM_node_14047635902,CAT011,culture,museum,museum,True,osm_rule,high
OSM_node_14048115901,CAT011,culture,museum,museum,True,osm_rule,high
OSM_way_151182943,CAT013,recreation,park,public_park,True,osm_rule,high
OSM_way_231894919,CAT008,heritage,historical,archaeological_site,True,osm_rule,high
OSM_way_233480579,CAT018,other,attraction,general_attraction,True,osm_rule,high
OSM_way_239866174,CAT011,culture,museum,museum,True,osm_rule,high
OSM_way_252581205,CAT008,heritage,historical,archaeological_site,True,osm_rule,high
OSM_way_378921412,CAT018,other,attraction,general_attraction,True,osm_rule,high
OSM_way_571547025,CAT006,heritage,historical,monument,True,osm_rule,high
OSM_way_571547035,CAT006,heritage,historical,monument,True,osm_rule,high
OSM_way_672575639,CAT011,culture,museum,museum,True,osm_rule,high
OSM_way_672575880,CAT011,culture,museum,museum,True,osm_rule,high
OSM_way_672576392,CAT013,recreation,park,public_park,True,osm_rule,high
OSM_way_672576854,CAT013,recreation,park,public_park,True,osm_rule,high
OSM_way_685452011,CAT013,recreation,park,public_park,True,osm_rule,high
OSM_way_686359299,CAT013,recreation,park,public_park,True,osm_rule,high
OSM_way_686360705,CAT013,recreation,park,public_park,True,osm_rule,high
OSM_way_1019040796,CAT011,culture,museum,museum,True,osm_rule,high
OSM_way_1124414091,CAT013,recreation,park,public_park,True,osm_rule,high
OSM_way_1148179691,CAT018,other,attraction,general_attraction,True,osm_rule,high
OSM_way_1162972528,CAT013,recreation,park,public_park,True,osm_rule,high
OSM_way_1162972529,CAT013,recreation,park,public_park,True,osm_rule,high
OSM_way_1185338286,CAT011,culture,museum,museum,True,osm_rule,high
OSM_way_1185338294,CAT013,recreation,park,public_park,True,osm_rule,high
OSM_way_1213847481,CAT013,recreation,park,public_park,True,osm_rule,high
OSM_way_1215899241,CAT013,recreation,park,public_park,True,osm_rule,high
OSM_way_1233308978,CAT013,recreation,park,public_park,True,osm_rule,high
OSM_way_1280445651,CAT013,recreation,park,public_park,True,osm_rule,high
OSM_way_1280445661,CAT013,recreation,park,public_park,True,osm_rule,high
OSM_way_1340528766,CAT013,recreation,park,public_park,True,osm_rule,high
OSM_way_1340528971,CAT013,recreation,park,public_park,True,osm_rule,high
OSM_way_1340529393,CAT013,recreation,park,public_park,True,osm_rule,high
OSM_way_1340586473,CAT013,recreation,park,public_park,True,osm_rule,high
OSM_way_1349217175,CAT013,recreation,park,public_park,True,osm_rule,high
OSM_way_1349228361,CAT013,recreation,park,public_park,True,osm_rule,high
OSM_way_1351816840,CAT013,recreation,park,public_park,True,osm_rule,high
OSM_way_1352292204,CAT013,recreation,park,public_park,True,osm_rule,high
OSM_way_1352292205,CAT013,recreation,park,public_park,True,osm_rule,high
OSM_way_1352853263,CAT013,recreation,park,public_park,True,osm_rule,high
OSM_way_1353161336,CAT013,recreation,park,public_park,True,osm_rule,high
OSM_way_1392345115,CAT006,heritage,historical,monument,True,osm_rule,high
OSM_way_1464254467,CAT013,recreation,park,public_park,True,osm_rule,high
OSM_way_1527724675,CAT014,recreation,amusement,theme_park,True,osm_rule,high
OSM_way_1542839636,CAT006,heritage,historical,monument,True,osm_rule,high
OSM_relation_15398207,CAT013,recreation,park,public_park,True,osm_rule,high
OSM_node_667953368,CAT018,other,attraction,general_attraction,True,osm_rule,high
OSM_node_1336326043,CAT005,natural,coastal,cape,True,osm_rule,high
OSM_node_1336377078,CAT001,natural,landscape,mountain,True,osm_rule,high
OSM_node_1336401464,CAT017,scenic,viewpoint,viewpoint,True,osm_rule,high
OSM_node_1336608185,CAT001,natural,landscape,mountain,True,osm_rule,high
OSM_node_1527934285,CAT006,heritage,historical,monument,True,osm_rule,high
OSM_node_1532249217,CAT011,culture,museum,museum,True,osm_rule,high
OSM_node_1532359114,CAT006,heritage,historical,monument,True,osm_rule,high
OSM_node_1534828632,CAT007,heritage,historical,ruins,True,osm_rule,high
OSM_node_1636134720,CAT017,scenic,viewpoint,viewpoint,True,osm_rule,high
OSM_node_1636134793,CAT017,scenic,viewpoint,viewpoint,True,osm_rule,high
OSM_node_1636139786,CAT001,natural,landscape,mountain,True,osm_rule,high
OSM_node_1636139790,CAT001,natural,landscape,mountain,True,osm_rule,high
OSM_node_1636139791,CAT001,natural,landscape,mountain,True,osm_rule,high
OSM_node_1636139793,CAT017,scenic,viewpoint,viewpoint,True,osm_rule,high
OSM_node_1636145819,CAT001,natural,landscape,mountain,True,osm_rule,high
OSM_node_1645316680,CAT017,scenic,viewpoint,viewpoint,True,osm_rule,high
OSM_node_1651115120,CAT001,natural,landscape,mountain,True,osm_rule,high
OSM_node_1682705322,CAT018,other,attraction,general_attraction,True,osm_rule,high
OSM_node_1722516371,CAT006,heritage,historical,monument,True,osm_rule,high
OSM_node_2049372028,CAT001,natural,landscape,mountain,True,osm_rule,high
OSM_node_2404410096,CAT014,recreation,amusement,theme_park,True,osm_rule,high
OSM_node_3619562896,CAT004,natural,coastal,beach,True,osm_rule,high
OSM_node_4132751593,CAT018,other,attraction,general_attraction,True,osm_rule,high
OSM_node_4172034894,CAT018,other,attraction,general_attraction,True,osm_rule,high
OSM_node_4259837989,CAT017,scenic,viewpoint,viewpoint,True,osm_rule,high
OSM_node_4472649089,CAT017,scenic,viewpoint,viewpoint,True,osm_rule,high
OSM_node_4524518294,CAT007,heritage,historical,ruins,True,osm_rule,high
OSM_node_4603250189,CAT018,other,attraction,general_attraction,True,osm_rule,high
OSM_node_4721581590,CAT018,other,attraction,general_attraction,True,osm_rule,high
OSM_node_4737991464,CAT001,natural,landscape,mountain,True,osm_rule,high
OSM_node_4738040715,CAT001,natural,landscape,mountain,True,osm_rule,high
OSM_node_4738057474,CAT001,natural,landscape,mountain,True,osm_rule,high
OSM_node_4738565227,CAT001,natural,landscape,mountain,True,osm_rule,high
OSM_node_4748447822,CAT001,natural,landscape,mountain,True,osm_rule,high
OSM_node_5271775522,CAT018,other,attraction,general_attraction,True,osm_rule,high
OSM_node_5273251622,CAT017,scenic,viewpoint,viewpoint,True,osm_rule,high
OSM_node_5325163021,CAT018,other,attraction,general_attraction,True,osm_rule,high
OSM_node_5336373668,CAT001,natural,landscape,mountain,True,osm_rule,high
OSM_node_5336414623,CAT006,heritage,historical,monument,True,osm_rule,high
OSM_node_5336414625,CAT001,natural,landscape,mountain,True,osm_rule,high
OSM_node_5336414626,CAT017,scenic,viewpoint,viewpoint,True,osm_rule,high
OSM_node_5336416674,CAT006,heritage,historical,monument,True,osm_rule,high
OSM_node_5336416675,CAT013,recreation,park,public_park,True,osm_rule,high
OSM_node_5336423922,CAT017,scenic,viewpoint,viewpoint,True,osm_rule,high
OSM_node_5390137922,CAT018,other,attraction,general_attraction,True,osm_rule,high
OSM_node_5406330126,CAT018,other,attraction,general_attraction,True,osm_rule,high
OSM_node_5472309621,CAT017,scenic,viewpoint,viewpoint,True,osm_rule,high
OSM_node_5595997723,CAT018,other,attraction,general_attraction,True,osm_rule,high
OSM_node_5841472185,CAT018,other,attraction,general_attraction,True,osm_rule,high
OSM_node_5984618185,CAT018,other,attraction,general_attraction,True,osm_rule,high
OSM_node_5984618286,CAT018,other,attraction,general_attraction,True,osm_rule,high
OSM_node_6333290166,CAT006,heritage,historical,monument,True,osm_rule,high
OSM_node_6333358634,CAT006,heritage,historical,monument,True,osm_rule,high
OSM_node_6387092685,CAT018,other,attraction,general_attraction,True,osm_rule,high
OSM_node_6445886190,CAT017,scenic,viewpoint,viewpoint,True,osm_rule,high
OSM_node_7123826687,CAT017,scenic,viewpoint,viewpoint,True,osm_rule,high
OSM_node_7123826688,CAT006,heritage,historical,monument,True,osm_rule,high
OSM_node_7526654986,CAT007,heritage,historical,ruins,True,osm_rule,high
OSM_node_7652656385,CAT006,heritage,historical,monument,True,osm_rule,high
OSM_node_7658676185,CAT018,other,attraction,general_attraction,True,osm_rule,high
OSM_node_7669958685,CAT018,other,attraction,general_attraction,True,osm_rule,high
OSM_node_7730754987,CAT018,other,attraction,general_attraction,True,osm_rule,high
OSM_node_7759330985,CAT011,culture,museum,museum,True,osm_rule,high
OSM_node_7759331085,CAT018,other,attraction,general_attraction,True,osm_rule,high
OSM_node_7790372386,CAT018,other,attraction,general_attraction,True,osm_rule,high
OSM_node_7791767285,CAT018,other,attraction,general_attraction,True,osm_rule,high
OSM_node_7803406185,CAT018,other,attraction,general_attraction,True,osm_rule,high
OSM_node_7824836785,CAT018,other,attraction,general_attraction,True,osm_rule,high
OSM_node_7824849285,CAT018,other,attraction,general_attraction,True,osm_rule,high
OSM_node_7825806786,CAT018,other,attraction,general_attraction,True,osm_rule,high
OSM_node_7968164885,CAT017,scenic,viewpoint,viewpoint,True,osm_rule,high
OSM_node_7968164985,CAT017,scenic,viewpoint,viewpoint,True,osm_rule,high
OSM_node_7968164986,CAT017,scenic,viewpoint,viewpoint,True,osm_rule,high
OSM_node_7968929690,CAT017,scenic,viewpoint,viewpoint,True,osm_rule,high
OSM_node_7972944585,CAT017,scenic,viewpoint,viewpoint,True,osm_rule,high
OSM_node_8422278618,CAT017,scenic,viewpoint,viewpoint,True,osm_rule,high
OSM_node_8422278717,CAT017,scenic,viewpoint,viewpoint,True,osm_rule,high
OSM_node_8422278817,CAT017,scenic,viewpoint,viewpoint,True,osm_rule,high
OSM_node_8425146017,CAT017,scenic,viewpoint,viewpoint,True,osm_rule,high
OSM_node_8430803417,CAT017,scenic,viewpoint,viewpoint,True,osm_rule,high
OSM_node_8431599017,CAT017,scenic,viewpoint,viewpoint,True,osm_rule,high
OSM_node_10004148417,CAT018,other,attraction,general_attraction,True,osm_rule,high
OSM_node_10004148517,CAT018,other,attraction,general_attraction,True,osm_rule,high
OSM_node_10009157772,CAT013,recreation,park,public_park,True,osm_rule,high
OSM_node_10009461845,CAT013,recreation,park,public_park,True,osm_rule,high
OSM_node_10538947209,CAT018,other,attraction,general_attraction,True,osm_rule,high
OSM_node_11348058704,CAT018,other,attraction,general_attraction,True,osm_rule,high
OSM_node_11381050648,CAT018,other,attraction,general_attraction,True,osm_rule,high
OSM_node_11387521567,CAT018,other,attraction,general_attraction,True,osm_rule,high
OSM_node_11536736969,CAT018,other,attraction,general_attraction,True,osm_rule,high
OSM_node_11581971569,CAT017,scenic,viewpoint,viewpoint,True,osm_rule,high
OSM_node_11611489395,CAT001,natural,landscape,mountain,True,osm_rule,high
OSM_node_11612233782,CAT001,natural,landscape,mountain,True,osm_rule,high
OSM_node_11633817457,CAT001,natural,landscape,mountain,True,osm_rule,high
OSM_node_11633817458,CAT001,natural,landscape,mountain,True,osm_rule,high
OSM_node_11689553853,CAT001,natural,landscape,mountain,True,osm_rule,high
OSM_node_11718197850,CAT001,natural,landscape,mountain,True,osm_rule,high
OSM_node_11718368018,CAT001,natural,landscape,mountain,True,osm_rule,high
OSM_node_11725165267,CAT001,natural,landscape,mountain,True,osm_rule,high
OSM_node_11757500700,CAT001,natural,landscape,mountain,True,osm_rule,high
OSM_node_11760221525,CAT001,natural,landscape,mountain,True,osm_rule,high
OSM_node_11760221526,CAT001,natural,landscape,mountain,True,osm_rule,high
OSM_node_11760221527,CAT001,natural,landscape,mountain,True,osm_rule,high
OSM_node_11760260269,CAT001,natural,landscape,mountain,True,osm_rule,high
OSM_node_11768473313,CAT001,natural,landscape,mountain,True,osm_rule,high
OSM_node_11768473314,CAT001,natural,landscape,mountain,True,osm_rule,high
OSM_node_11768473315,CAT001,natural,landscape,mountain,True,osm_rule,high
OSM_node_11772739289,CAT001,natural,landscape,mountain,True,osm_rule,high
OSM_node_11773124249,CAT001,natural,landscape,mountain,True,osm_rule,high
OSM_node_11779827836,CAT017,scenic,viewpoint,viewpoint,True,osm_rule,high
OSM_node_11782012515,CAT001,natural,landscape,mountain,True,osm_rule,high
OSM_node_11784634070,CAT007,heritage,historical,ruins,True,osm_rule,high
OSM_node_11869832472,CAT006,heritage,historical,monument,True,osm_rule,high
OSM_node_11892523707,CAT001,natural,landscape,mountain,True,osm_rule,high
OSM_node_11925263973,CAT001,natural,landscape,mountain,True,osm_rule,high
OSM_node_11931582701,CAT001,natural,landscape,mountain,True,osm_rule,high
OSM_node_11931597324,CAT001,natural,landscape,mountain,True,osm_rule,high
OSM_node_11931597325,CAT001,natural,landscape,mountain,True,osm_rule,high
OSM_node_11931825480,CAT001,natural,landscape,mountain,True,osm_rule,high
OSM_node_11931825481,CAT001,natural,landscape,mountain,True,osm_rule,high
OSM_node_11934122099,CAT001,natural,landscape,mountain,True,osm_rule,high
OSM_node_12050886630,CAT001,natural,landscape,mountain,True,osm_rule,high
OSM_node_12059924435,CAT001,natural,landscape,mountain,True,osm_rule,high
OSM_node_12128958634,CAT004,natural,coastal,beach,True,osm_rule,high
OSM_node_12612252945,CAT001,natural,landscape,mountain,True,osm_rule,high
OSM_node_12612254894,CAT001,natural,landscape,mountain,True,osm_rule,high
OSM_node_12617745001,CAT006,heritage,historical,monument,True,osm_rule,high
OSM_node_12640665749,CAT001,natural,landscape,mountain,True,osm_rule,high
OSM_node_12640686177,CAT001,natural,landscape,mountain,True,osm_rule,high
OSM_node_12640695383,CAT001,natural,landscape,mountain,True,osm_rule,high
OSM_node_12648615598,CAT001,natural,landscape,mountain,True,osm_rule,high
OSM_node_12648664689,CAT001,natural,landscape,mountain,True,osm_rule,high
OSM_node_12657932601,CAT006,heritage,historical,monument,True,osm_rule,high
OSM_node_12777647202,CAT018,other,attraction,general_attraction,True,osm_rule,high
OSM_node_12848915702,CAT018,other,attraction,general_attraction,True,osm_rule,high
OSM_node_12856400201,CAT018,other,attraction,general_attraction,True,osm_rule,high
OSM_node_13022875060,CAT006,heritage,historical,monument,True,osm_rule,high
OSM_node_13138226398,CAT001,natural,landscape,mountain,True,osm_rule,high
OSM_node_13157730289,CAT011,culture,museum,museum,True,osm_rule,high
OSM_node_13334328379,CAT006,heritage,historical,monument,True,osm_rule,high
OSM_node_13587412402,CAT011,culture,museum,museum,True,osm_rule,high
OSM_way_158306883,CAT018,other,attraction,general_attraction,True,osm_rule,high
OSM_way_186491962,CAT006,heritage,historical,monument,True,osm_rule,high
OSM_way_197139248,CAT013,recreation,park,public_park,True,osm_rule,high
OSM_way_197149813,CAT013,recreation,park,public_park,True,osm_rule,high
OSM_way_230797836,CAT013,recreation,park,public_park,True,osm_rule,high
OSM_way_249510510,CAT018,other,attraction,general_attraction,True,osm_rule,high
OSM_way_249516977,CAT018,other,attraction,general_attraction,True,osm_rule,high
OSM_way_252581207,CAT008,heritage,historical,archaeological_site,True,osm_rule,high
OSM_way_292131250,CAT013,recreation,park,public_park,True,osm_rule,high
OSM_way_481823401,CAT004,natural,coastal,beach,True,osm_rule,high
OSM_way_544336117,CAT006,heritage,historical,monument,True,osm_rule,high
OSM_way_677227553,CAT007,heritage,historical,ruins,True,osm_rule,high
OSM_way_734639194,CAT013,recreation,park,public_park,True,osm_rule,high
OSM_way_741576199,CAT018,other,attraction,general_attraction,True,osm_rule,high
OSM_way_783059395,CAT013,recreation,park,public_park,True,osm_rule,high
OSM_way_1167664393,CAT013,recreation,park,public_park,True,osm_rule,high
OSM_way_1201597712,CAT013,recreation,park,public_park,True,osm_rule,high
OSM_way_1309251184,CAT013,recreation,park,public_park,True,osm_rule,high
OSM_way_1338807250,CAT006,heritage,historical,monument,True,osm_rule,high
OSM_way_1352466943,CAT013,recreation,park,public_park,True,osm_rule,high
OSM_way_1353391567,CAT013,recreation,park,public_park,True,osm_rule,high
OSM_way_1369688340,CAT013,recreation,park,public_park,True,osm_rule,high
OSM_way_1395462624,CAT013,recreation,park,public_park,True,osm_rule,high
OSM_way_1410491068,CAT006,heritage,historical,monument,True,osm_rule,high
OSM_way_1448205224,CAT013,recreation,park,public_park,True,osm_rule,high
OSM_way_1546876390,CAT013,recreation,park,public_park,True,osm_rule,high
OSM_way_1549246292,CAT013,recreation,park,public_park,True,osm_rule,high
OSM_relation_19916018,CAT004,natural,coastal,beach,True,osm_rule,high
OSM_node_1653918810,CAT017,scenic,viewpoint,viewpoint,True,osm_rule,high
OSM_node_1653918811,CAT017,scenic,viewpoint,viewpoint,True,osm_rule,high
OSM_node_4172081938,CAT018,other,attraction,general_attraction,True,osm_rule,high
OSM_node_4290014490,CAT018,other,attraction,general_attraction,True,osm_rule,high
OSM_node_4292019089,CAT011,culture,museum,museum,True,osm_rule,high
OSM_node_4472600793,CAT017,scenic,viewpoint,viewpoint,True,osm_rule,high
OSM_node_4472607491,CAT017,scenic,viewpoint,viewpoint,True,osm_rule,high
OSM_node_4472642290,CAT017,scenic,viewpoint,viewpoint,True,osm_rule,high
OSM_node_4510077892,CAT001,natural,landscape,mountain,True,osm_rule,high
OSM_node_4518976294,CAT018,other,attraction,general_attraction,True,osm_rule,high
OSM_node_4673826092,CAT011,culture,museum,museum,True,osm_rule,high
OSM_node_4674082589,CAT011,culture,museum,museum,True,osm_rule,high
OSM_node_4674771389,CAT007,heritage,historical,ruins,True,osm_rule,high
OSM_node_5984618285,CAT018,other,attraction,general_attraction,True,osm_rule,high
OSM_node_6084023485,CAT018,other,attraction,general_attraction,True,osm_rule,high
OSM_node_7142747685,CAT018,other,attraction,general_attraction,True,osm_rule,high
OSM_node_7837711992,CAT018,other,attraction,general_attraction,True,osm_rule,high
OSM_node_7839619785,CAT017,scenic,viewpoint,viewpoint,True,osm_rule,high
OSM_node_10758119407,CAT018,other,attraction,general_attraction,True,osm_rule,high
OSM_node_11384975469,CAT017,scenic,viewpoint,viewpoint,True,osm_rule,high
OSM_node_11395378829,CAT018,other,attraction,general_attraction,True,osm_rule,high
OSM_node_11565227114,CAT001,natural,landscape,mountain,True,osm_rule,high
OSM_node_11578028912,CAT001,natural,landscape,mountain,True,osm_rule,high
OSM_node_11693367027,CAT001,natural,landscape,mountain,True,osm_rule,high
OSM_node_11770705389,CAT001,natural,landscape,mountain,True,osm_rule,high
OSM_node_11772739290,CAT001,natural,landscape,mountain,True,osm_rule,high
OSM_node_11801745877,CAT006,heritage,historical,monument,True,osm_rule,high
OSM_node_11941827025,CAT001,natural,landscape,mountain,True,osm_rule,high
OSM_node_12096952027,CAT001,natural,landscape,mountain,True,osm_rule,high
OSM_node_12196575269,CAT006,heritage,historical,monument,True,osm_rule,high
OSM_node_12382639867,CAT006,heritage,historical,monument,True,osm_rule,high
OSM_node_12736464457,CAT006,heritage,historical,monument,True,osm_rule,high
OSM_node_13592184426,CAT011,culture,museum,museum,True,osm_rule,high
OSM_way_160203374,CAT004,natural,coastal,beach,True,osm_rule,high
OSM_way_232410041,CAT011,culture,museum,museum,True,osm_rule,high
OSM_way_440611802,CAT004,natural,coastal,beach,True,osm_rule,high
OSM_way_553905794,CAT013,recreation,park,public_park,True,osm_rule,high
OSM_way_1270837179,CAT013,recreation,park,public_park,True,osm_rule,high
OSM_way_1270837183,CAT013,recreation,park,public_park,True,osm_rule,high
OSM_way_1272649342,CAT013,recreation,park,public_park,True,osm_rule,high
OSM_way_1272649343,CAT013,recreation,park,public_park,True,osm_rule,high
OSM_way_1288604079,CAT013,recreation,park,public_park,True,osm_rule,high
OSM_way_1317828062,CAT013,recreation,park,public_park,True,osm_rule,high
OSM_way_1351205680,CAT013,recreation,park,public_park,True,osm_rule,high
OSM_relation_17576986,CAT013,recreation,park,public_park,True,osm_rule,high
OSM_relation_17576987,CAT013,recreation,park,public_park,True,osm_rule,high
OSM_node_3235595512,CAT001,natural,landscape,mountain,True,osm_rule,high
OSM_node_6167984496,CAT006,heritage,historical,monument,True,osm_rule,high
OSM_node_10948620605,CAT006,heritage,historical,monument,True,osm_rule,high
OSM_node_11767974370,CAT017,scenic,viewpoint,viewpoint,True,osm_rule,high
OSM_node_11767984169,CAT017,scenic,viewpoint,viewpoint,True,osm_rule,high
OSM_node_13355765824,CAT018,other,attraction,general_attraction,True,osm_rule,high
OSM_way_308426622,CAT006,heritage,historical,monument,True,osm_rule,high
OSM_way_689473020,CAT013,recreation,park,public_park,True,osm_rule,high
OSM_way_689652500,CAT013,recreation,park,public_park,True,osm_rule,high
OSM_way_1198519190,CAT013,recreation,park,public_park,True,osm_rule,high
OSM_way_1498751831,CAT006,heritage,historical,monument,True,osm_rule,high
OSM_node_1780006146,CAT006,heritage,historical,monument,True,osm_rule,high
OSM_node_4228397491,CAT018,other,attraction,general_attraction,True,osm_rule,high
OSM_node_4374974796,CAT018,other,attraction,general_attraction,True,osm_rule,high
OSM_node_4374974797,CAT018,other,attraction,general_attraction,True,osm_rule,high
OSM_node_4374992097,CAT018,other,attraction,general_attraction,True,osm_rule,high
OSM_node_4536056691,CAT006,heritage,historical,monument,True,osm_rule,high
OSM_node_4536085190,CAT006,heritage,historical,monument,True,osm_rule,high
OSM_node_4566036695,CAT018,other,attraction,general_attraction,True,osm_rule,high
OSM_node_4598040190,CAT011,culture,museum,museum,True,osm_rule,high
OSM_node_4599335392,CAT018,other,attraction,general_attraction,True,osm_rule,high
OSM_node_4758805142,CAT011,culture,museum,museum,True,osm_rule,high
OSM_node_4978569221,CAT017,scenic,viewpoint,viewpoint,True,osm_rule,high
OSM_node_5367411121,CAT018,other,attraction,general_attraction,True,osm_rule,high
OSM_node_5424213524,CAT011,culture,museum,museum,True,osm_rule,high
OSM_node_7368429486,CAT017,scenic,viewpoint,viewpoint,True,osm_rule,high
OSM_node_8437362637,CAT018,other,attraction,general_attraction,True,osm_rule,high
OSM_node_9536055617,CAT006,heritage,historical,monument,True,osm_rule,high
OSM_node_10548902010,CAT018,other,attraction,general_attraction,True,osm_rule,high
OSM_node_10784770501,CAT006,heritage,historical,monument,True,osm_rule,high
OSM_node_13848772902,CAT003,natural,landscape,cave,True,osm_rule,high
OSM_way_142033719,CAT006,heritage,historical,monument,True,osm_rule,high
OSM_way_166192243,CAT018,other,attraction,general_attraction,True,osm_rule,high
OSM_way_168666478,CAT013,recreation,park,public_park,True,osm_rule,high
OSM_way_168666489,CAT013,recreation,park,public_park,True,osm_rule,high
OSM_way_168666503,CAT013,recreation,park,public_park,True,osm_rule,high
OSM_way_168666907,CAT013,recreation,park,public_park,True,osm_rule,high
OSM_way_206878071,CAT006,heritage,historical,monument,True,osm_rule,high
OSM_way_373171928,CAT013,recreation,park,public_park,True,osm_rule,high
OSM_way_463574874,CAT016,recreation,amusement,zoo,True,osm_rule,high
OSM_way_671362739,CAT011,culture,museum,museum,True,osm_rule,high
OSM_way_675572450,CAT013,recreation,park,public_park,True,osm_rule,high
OSM_way_777888640,CAT013,recreation,park,public_park,True,osm_rule,high
OSM_way_777888641,CAT013,recreation,park,public_park,True,osm_rule,high
OSM_way_777891292,CAT013,recreation,park,public_park,True,osm_rule,high
OSM_way_777891293,CAT013,recreation,park,public_park,True,osm_rule,high
OSM_way_777891294,CAT013,recreation,park,public_park,True,osm_rule,high
OSM_way_777891295,CAT013,recreation,park,public_park,True,osm_rule,high
OSM_way_777891296,CAT013,recreation,park,public_park,True,osm_rule,high
OSM_way_777891297,CAT013,recreation,park,public_park,True,osm_rule,high
OSM_way_777891298,CAT013,recreation,park,public_park,True,osm_rule,high
OSM_way_1061420945,CAT013,recreation,park,public_park,True,osm_rule,high
OSM_way_1061420946,CAT013,recreation,park,public_park,True,osm_rule,high
OSM_way_1107307940,CAT013,recreation,park,public_park,True,osm_rule,high
OSM_way_1107763119,CAT013,recreation,park,public_park,True,osm_rule,high
OSM_way_1107763847,CAT013,recreation,park,public_park,True,osm_rule,high
OSM_way_1108260510,CAT013,recreation,park,public_park,True,osm_rule,high
OSM_way_1108260605,CAT013,recreation,park,public_park,True,osm_rule,high
OSM_way_1108260812,CAT013,recreation,park,public_park,True,osm_rule,high
OSM_way_1108260997,CAT013,recreation,park,public_park,True,osm_rule,high
OSM_way_1108261072,CAT013,recreation,park,public_park,True,osm_rule,high
OSM_way_1108261283,CAT013,recreation,park,public_park,True,osm_rule,high
OSM_way_1108261351,CAT013,recreation,park,public_park,True,osm_rule,high
OSM_way_1108261384,CAT013,recreation,park,public_park,True,osm_rule,high
OSM_way_1153950425,CAT013,recreation,park,public_park,True,osm_rule,high
OSM_way_1159707865,CAT013,recreation,park,public_park,True,osm_rule,high
OSM_way_1159707890,CAT013,recreation,park,public_park,True,osm_rule,high
OSM_way_1160002163,CAT013,recreation,park,public_park,True,osm_rule,high
OSM_way_1491778782,CAT018,other,attraction,general_attraction,True,osm_rule,high
OSM_node_4793310552,CAT011,culture,museum,museum,True,osm_rule,high
OSM_node_9506634097,CAT006,heritage,historical,monument,True,osm_rule,high
OSM_node_357411246,CAT006,heritage,historical,monument,True,osm_rule,high
OSM_node_643058709,CAT005,natural,coastal,cape,True,osm_rule,high
OSM_node_1166204872,CAT018,other,attraction,general_attraction,True,osm_rule,high
OSM_node_1954274168,CAT018,other,attraction,general_attraction,True,osm_rule,high
OSM_node_1954274170,CAT018,other,attraction,general_attraction,True,osm_rule,high
OSM_node_2325759000,CAT006,heritage,historical,monument,True,osm_rule,high
OSM_node_2325759004,CAT006,heritage,historical,monument,True,osm_rule,high
OSM_node_2326845868,CAT011,culture,museum,museum,True,osm_rule,high
OSM_node_2326969092,CAT011,culture,museum,museum,True,osm_rule,high
OSM_node_2326969109,CAT006,heritage,historical,monument,True,osm_rule,high
OSM_node_2326969111,CAT011,culture,museum,museum,True,osm_rule,high
OSM_node_2327003316,CAT006,heritage,historical,monument,True,osm_rule,high
OSM_node_2329585163,CAT011,culture,museum,museum,True,osm_rule,high
OSM_node_2590497234,CAT018,other,attraction,general_attraction,True,osm_rule,high
OSM_node_2596351312,CAT013,recreation,park,public_park,True,osm_rule,high
OSM_node_3482735049,CAT018,other,attraction,general_attraction,True,osm_rule,high
OSM_node_3482735052,CAT018,other,attraction,general_attraction,True,osm_rule,high
OSM_node_4068141597,CAT006,heritage,historical,monument,True,osm_rule,high
OSM_node_4293342731,CAT018,other,attraction,general_attraction,True,osm_rule,high
OSM_node_4293357089,CAT018,other,attraction,general_attraction,True,osm_rule,high
OSM_node_4293357189,CAT018,other,attraction,general_attraction,True,osm_rule,high
OSM_node_4293357289,CAT001,natural,landscape,mountain,True,osm_rule,high
OSM_node_4344121490,CAT018,other,attraction,general_attraction,True,osm_rule,high
OSM_node_4344147191,CAT018,other,attraction,general_attraction,True,osm_rule,high
OSM_node_4375003890,CAT011,culture,museum,museum,True,osm_rule,high
OSM_node_4547564790,CAT017,scenic,viewpoint,viewpoint,True,osm_rule,high
OSM_node_4712745589,CAT006,heritage,historical,monument,True,osm_rule,high
OSM_node_4753977681,CAT001,natural,landscape,mountain,True,osm_rule,high
OSM_node_4753981641,CAT001,natural,landscape,mountain,True,osm_rule,high
OSM_node_4784823323,CAT001,natural,landscape,mountain,True,osm_rule,high
OSM_node_4784823330,CAT001,natural,landscape,mountain,True,osm_rule,high
OSM_node_4784823333,CAT001,natural,landscape,mountain,True,osm_rule,high
OSM_node_4784836887,CAT001,natural,landscape,mountain,True,osm_rule,high
OSM_node_4806313183,CAT001,natural,landscape,mountain,True,osm_rule,high
OSM_node_5119730321,CAT001,natural,landscape,mountain,True,osm_rule,high
OSM_node_5154546021,CAT018,other,attraction,general_attraction,True,osm_rule,high
OSM_node_5155430926,CAT018,other,attraction,general_attraction,True,osm_rule,high
OSM_node_5158463023,CAT018,other,attraction,general_attraction,True,osm_rule,high
OSM_node_5227336425,CAT018,other,attraction,general_attraction,True,osm_rule,high
OSM_node_5227515822,CAT018,other,attraction,general_attraction,True,osm_rule,high
OSM_node_5234497722,CAT018,other,attraction,general_attraction,True,osm_rule,high
OSM_node_5263056621,CAT018,other,attraction,general_attraction,True,osm_rule,high
OSM_node_5382283922,CAT011,culture,museum,museum,True,osm_rule,high
OSM_node_5385141121,CAT011,culture,museum,museum,True,osm_rule,high
OSM_node_5424237224,CAT011,culture,museum,museum,True,osm_rule,high
OSM_node_5435536324,CAT011,culture,museum,museum,True,osm_rule,high
OSM_node_5482745524,CAT004,natural,coastal,beach,True,osm_rule,high
OSM_node_5520336324,CAT018,other,attraction,general_attraction,True,osm_rule,high
OSM_node_5563291701,CAT018,other,attraction,general_attraction,True,osm_rule,high
OSM_node_5950133415,CAT001,natural,landscape,mountain,True,osm_rule,high
OSM_node_5950133450,CAT001,natural,landscape,mountain,True,osm_rule,high
OSM_node_5950160427,CAT001,natural,landscape,mountain,True,osm_rule,high
OSM_node_5950160455,CAT001,natural,landscape,mountain,True,osm_rule,high
OSM_node_6117199886,CAT018,other,attraction,general_attraction,True,osm_rule,high
OSM_node_6187500387,CAT018,other,attraction,general_attraction,True,osm_rule,high
OSM_node_6359615985,CAT018,other,attraction,general_attraction,True,osm_rule,high
OSM_node_6361980940,CAT018,other,attraction,general_attraction,True,osm_rule,high
OSM_node_6968353589,CAT018,other,attraction,general_attraction,True,osm_rule,high
OSM_node_7005393785,CAT017,scenic,viewpoint,viewpoint,True,osm_rule,high
OSM_node_7025957985,CAT017,scenic,viewpoint,viewpoint,True,osm_rule,high
OSM_node_7111494204,CAT018,other,attraction,general_attraction,True,osm_rule,high
OSM_node_7148312785,CAT017,scenic,viewpoint,viewpoint,True,osm_rule,high
OSM_node_7148312985,CAT018,other,attraction,general_attraction,True,osm_rule,high
OSM_node_7908109800,CAT017,scenic,viewpoint,viewpoint,True,osm_rule,high
OSM_node_7908117187,CAT017,scenic,viewpoint,viewpoint,True,osm_rule,high
OSM_node_7908364985,CAT017,scenic,viewpoint,viewpoint,True,osm_rule,high
OSM_node_7915869486,CAT006,heritage,historical,monument,True,osm_rule,high
OSM_node_7916907386,CAT018,other,attraction,general_attraction,True,osm_rule,high
OSM_node_8114412369,CAT001,natural,landscape,mountain,True,osm_rule,high
OSM_node_8273857617,CAT017,scenic,viewpoint,viewpoint,True,osm_rule,high
OSM_node_8273857717,CAT017,scenic,viewpoint,viewpoint,True,osm_rule,high
OSM_node_8273857817,CAT017,scenic,viewpoint,viewpoint,True,osm_rule,high
OSM_node_8278125037,CAT017,scenic,viewpoint,viewpoint,True,osm_rule,high
OSM_node_8481899817,CAT006,heritage,historical,monument,True,osm_rule,high
OSM_node_8624773657,CAT005,natural,coastal,cape,True,osm_rule,high
OSM_node_8834925723,CAT001,natural,landscape,mountain,True,osm_rule,high
OSM_node_8836796566,CAT001,natural,landscape,mountain,True,osm_rule,high
OSM_node_8836901618,CAT001,natural,landscape,mountain,True,osm_rule,high
OSM_node_8837127028,CAT001,natural,landscape,mountain,True,osm_rule,high
OSM_node_9083335547,CAT001,natural,landscape,mountain,True,osm_rule,high
OSM_node_9991869767,CAT011,culture,museum,museum,True,osm_rule,high
OSM_node_9991869768,CAT006,heritage,historical,monument,True,osm_rule,high
OSM_node_9991869769,CAT006,heritage,historical,monument,True,osm_rule,high
OSM_node_9992439396,CAT018,other,attraction,general_attraction,True,osm_rule,high
OSM_node_9992439400,CAT018,other,attraction,general_attraction,True,osm_rule,high
OSM_node_10118124366,CAT001,natural,landscape,mountain,True,osm_rule,high
OSM_node_10118124414,CAT001,natural,landscape,mountain,True,osm_rule,high
OSM_node_10119818323,CAT001,natural,landscape,mountain,True,osm_rule,high
OSM_node_10713363659,CAT001,natural,landscape,mountain,True,osm_rule,high
OSM_node_10713363660,CAT001,natural,landscape,mountain,True,osm_rule,high
OSM_node_10735327950,CAT006,heritage,historical,monument,True,osm_rule,high
OSM_node_10736277208,CAT018,other,attraction,general_attraction,True,osm_rule,high
OSM_node_10932916144,CAT018,other,attraction,general_attraction,True,osm_rule,high
OSM_node_10946784590,CAT001,natural,landscape,mountain,True,osm_rule,high
OSM_node_10946799858,CAT001,natural,landscape,mountain,True,osm_rule,high
OSM_node_10949111252,CAT001,natural,landscape,mountain,True,osm_rule,high
OSM_node_11044136622,CAT007,heritage,historical,ruins,True,osm_rule,high
OSM_node_11046777432,CAT018,other,attraction,general_attraction,True,osm_rule,high
OSM_node_11347979294,CAT005,natural,coastal,cape,True,osm_rule,high
OSM_node_11353153249,CAT001,natural,landscape,mountain,True,osm_rule,high
OSM_node_11353153250,CAT001,natural,landscape,mountain,True,osm_rule,high
OSM_node_11353153251,CAT001,natural,landscape,mountain,True,osm_rule,high
OSM_node_11353153252,CAT001,natural,landscape,mountain,True,osm_rule,high
OSM_node_11353153253,CAT001,natural,landscape,mountain,True,osm_rule,high
OSM_node_11353153254,CAT001,natural,landscape,mountain,True,osm_rule,high
OSM_node_11353153255,CAT001,natural,landscape,mountain,True,osm_rule,high
OSM_node_11353153258,CAT001,natural,landscape,mountain,True,osm_rule,high
OSM_node_11353153260,CAT001,natural,landscape,mountain,True,osm_rule,high
OSM_node_11353153263,CAT001,natural,landscape,mountain,True,osm_rule,high
OSM_node_11353153264,CAT001,natural,landscape,mountain,True,osm_rule,high
OSM_node_11353153265,CAT001,natural,landscape,mountain,True,osm_rule,high
OSM_node_11353153267,CAT001,natural,landscape,mountain,True,osm_rule,high
OSM_node_11353187170,CAT001,natural,landscape,mountain,True,osm_rule,high
OSM_node_11353187171,CAT001,natural,landscape,mountain,True,osm_rule,high
OSM_node_11353187173,CAT001,natural,landscape,mountain,True,osm_rule,high
OSM_node_11353187174,CAT001,natural,landscape,mountain,True,osm_rule,high
OSM_node_11353187176,CAT001,natural,landscape,mountain,True,osm_rule,high
OSM_node_11353187179,CAT001,natural,landscape,mountain,True,osm_rule,high
OSM_node_11353187180,CAT001,natural,landscape,mountain,True,osm_rule,high
OSM_node_11353187181,CAT001,natural,landscape,mountain,True,osm_rule,high
OSM_node_11353187183,CAT001,natural,landscape,mountain,True,osm_rule,high
OSM_node_11353713020,CAT001,natural,landscape,mountain,True,osm_rule,high
OSM_node_11353713021,CAT001,natural,landscape,mountain,True,osm_rule,high
OSM_node_11353713022,CAT001,natural,landscape,mountain,True,osm_rule,high
OSM_node_11353713023,CAT001,natural,landscape,mountain,True,osm_rule,high
OSM_node_11353713024,CAT001,natural,landscape,mountain,True,osm_rule,high
OSM_node_11353713025,CAT001,natural,landscape,mountain,True,osm_rule,high
OSM_node_11353713028,CAT001,natural,landscape,mountain,True,osm_rule,high
OSM_node_11353713029,CAT001,natural,landscape,mountain,True,osm_rule,high
OSM_node_11353713030,CAT001,natural,landscape,mountain,True,osm_rule,high
OSM_node_11353713051,CAT001,natural,landscape,mountain,True,osm_rule,high
OSM_node_11353713052,CAT001,natural,landscape,mountain,True,osm_rule,high
OSM_node_11353713053,CAT001,natural,landscape,mountain,True,osm_rule,high
OSM_node_11353713054,CAT001,natural,landscape,mountain,True,osm_rule,high
OSM_node_11353713055,CAT001,natural,landscape,mountain,True,osm_rule,high
OSM_node_11353713056,CAT001,natural,landscape,mountain,True,osm_rule,high
OSM_node_11353713057,CAT001,natural,landscape,mountain,True,osm_rule,high
OSM_node_11353713058,CAT001,natural,landscape,mountain,True,osm_rule,high
OSM_node_11353713059,CAT001,natural,landscape,mountain,True,osm_rule,high
OSM_node_11353713060,CAT001,natural,landscape,mountain,True,osm_rule,high
OSM_node_11353713061,CAT001,natural,landscape,mountain,True,osm_rule,high
OSM_node_11353713062,CAT001,natural,landscape,mountain,True,osm_rule,high
OSM_node_11353713063,CAT001,natural,landscape,mountain,True,osm_rule,high
OSM_node_11353713064,CAT001,natural,landscape,mountain,True,osm_rule,high
OSM_node_11353713065,CAT001,natural,landscape,mountain,True,osm_rule,high
OSM_node_11446557232,CAT001,natural,landscape,mountain,True,osm_rule,high
OSM_node_11446557233,CAT001,natural,landscape,mountain,True,osm_rule,high
OSM_node_11446557234,CAT001,natural,landscape,mountain,True,osm_rule,high
OSM_node_11456168073,CAT006,heritage,historical,monument,True,osm_rule,high
OSM_node_11508264669,CAT006,heritage,historical,monument,True,osm_rule,high
OSM_node_11609677735,CAT001,natural,landscape,mountain,True,osm_rule,high
OSM_node_11609677736,CAT001,natural,landscape,mountain,True,osm_rule,high
OSM_node_11609677737,CAT001,natural,landscape,mountain,True,osm_rule,high
OSM_node_11696642969,CAT018,other,attraction,general_attraction,True,osm_rule,high
OSM_node_11759495569,CAT006,heritage,historical,monument,True,osm_rule,high
OSM_node_11816341853,CAT001,natural,landscape,mountain,True,osm_rule,high
OSM_node_11816341854,CAT001,natural,landscape,mountain,True,osm_rule,high
OSM_node_11816341855,CAT001,natural,landscape,mountain,True,osm_rule,high
OSM_node_11816341857,CAT001,natural,landscape,mountain,True,osm_rule,high
OSM_node_11816341858,CAT001,natural,landscape,mountain,True,osm_rule,high
OSM_node_11816341859,CAT001,natural,landscape,mountain,True,osm_rule,high
OSM_node_11816341860,CAT001,natural,landscape,mountain,True,osm_rule,high
OSM_node_11816341861,CAT001,natural,landscape,mountain,True,osm_rule,high
OSM_node_11816423104,CAT006,heritage,historical,monument,True,osm_rule,high
OSM_node_11817174579,CAT001,natural,landscape,mountain,True,osm_rule,high
OSM_node_11817174580,CAT001,natural,landscape,mountain,True,osm_rule,high
OSM_node_11817174581,CAT001,natural,landscape,mountain,True,osm_rule,high
OSM_node_11817174583,CAT001,natural,landscape,mountain,True,osm_rule,high
OSM_node_11817174586,CAT001,natural,landscape,mountain,True,osm_rule,high
OSM_node_11817174587,CAT001,natural,landscape,mountain,True,osm_rule,high
OSM_node_11817174592,CAT001,natural,landscape,mountain,True,osm_rule,high
OSM_node_11817174593,CAT001,natural,landscape,mountain,True,osm_rule,high
OSM_node_11817468724,CAT001,natural,landscape,mountain,True,osm_rule,high
OSM_node_11817468725,CAT001,natural,landscape,mountain,True,osm_rule,high
OSM_node_11817468726,CAT001,natural,landscape,mountain,True,osm_rule,high
OSM_node_11817468727,CAT001,natural,landscape,mountain,True,osm_rule,high
OSM_node_11817468728,CAT001,natural,landscape,mountain,True,osm_rule,high
OSM_node_11817468729,CAT001,natural,landscape,mountain,True,osm_rule,high
OSM_node_11817681383,CAT001,natural,landscape,mountain,True,osm_rule,high
OSM_node_11817681384,CAT001,natural,landscape,mountain,True,osm_rule,high
OSM_node_11817681387,CAT001,natural,landscape,mountain,True,osm_rule,high
OSM_node_12441398184,CAT018,other,attraction,general_attraction,True,osm_rule,high
OSM_node_12623061376,CAT017,scenic,viewpoint,viewpoint,True,osm_rule,high
OSM_node_12772991910,CAT006,heritage,historical,monument,True,osm_rule,high
OSM_node_12946181274,CAT005,natural,coastal,cape,True,osm_rule,high
OSM_node_13305913905,CAT001,natural,landscape,mountain,True,osm_rule,high
OSM_node_13305913906,CAT001,natural,landscape,mountain,True,osm_rule,high
OSM_node_13305913909,CAT001,natural,landscape,mountain,True,osm_rule,high
OSM_node_13305913910,CAT001,natural,landscape,mountain,True,osm_rule,high
OSM_node_13305913911,CAT001,natural,landscape,mountain,True,osm_rule,high
OSM_node_13305913912,CAT001,natural,landscape,mountain,True,osm_rule,high
OSM_node_13305913913,CAT001,natural,landscape,mountain,True,osm_rule,high
OSM_node_13357233094,CAT006,heritage,historical,monument,True,osm_rule,high
OSM_node_13437193401,CAT003,natural,landscape,cave,True,osm_rule,high
OSM_node_13518461501,CAT018,other,attraction,general_attraction,True,osm_rule,high
OSM_node_13624910895,CAT006,heritage,historical,monument,True,osm_rule,high
OSM_node_13643681464,CAT006,heritage,historical,monument,True,osm_rule,high
OSM_node_13648647562,CAT018,other,attraction,general_attraction,True,osm_rule,high
OSM_node_13652404006,CAT018,other,attraction,general_attraction,True,osm_rule,high
OSM_node_13656775072,CAT006,heritage,historical,monument,True,osm_rule,high
OSM_node_13657036294,CAT006,heritage,historical,monument,True,osm_rule,high
OSM_node_13657066125,CAT006,heritage,historical,monument,True,osm_rule,high
OSM_node_13657066126,CAT006,heritage,historical,monument,True,osm_rule,high
OSM_node_13706200103,CAT006,heritage,historical,monument,True,osm_rule,high
OSM_node_13874818779,CAT007,heritage,historical,ruins,True,osm_rule,high
OSM_way_32003768,CAT004,natural,coastal,beach,True,osm_rule,high
OSM_way_32003769,CAT004,natural,coastal,beach,True,osm_rule,high
OSM_way_152287771,CAT004,natural,coastal,beach,True,osm_rule,high
OSM_way_152288136,CAT004,natural,coastal,beach,True,osm_rule,high
OSM_way_153999648,CAT004,natural,coastal,beach,True,osm_rule,high
OSM_way_223838790,CAT018,other,attraction,general_attraction,True,osm_rule,high
OSM_way_223985503,CAT013,recreation,park,public_park,True,osm_rule,high
OSM_way_315692179,CAT013,recreation,park,public_park,True,osm_rule,high
OSM_way_404529508,CAT004,natural,coastal,beach,True,osm_rule,high
OSM_way_443199521,CAT004,natural,coastal,beach,True,osm_rule,high
OSM_way_451452487,CAT004,natural,coastal,beach,True,osm_rule,high
OSM_way_451452488,CAT004,natural,coastal,beach,True,osm_rule,high
OSM_way_451452489,CAT004,natural,coastal,beach,True,osm_rule,high
OSM_way_451772441,CAT004,natural,coastal,beach,True,osm_rule,high
OSM_way_451772442,CAT004,natural,coastal,beach,True,osm_rule,high
OSM_way_467994898,CAT011,culture,museum,museum,True,osm_rule,high
OSM_way_620770587,CAT013,recreation,park,public_park,True,osm_rule,high
OSM_way_660104575,CAT014,recreation,amusement,theme_park,True,osm_rule,high
OSM_way_684391534,CAT018,other,attraction,general_attraction,True,osm_rule,high
OSM_way_684599251,CAT013,recreation,park,public_park,True,osm_rule,high
OSM_way_684600801,CAT013,recreation,park,public_park,True,osm_rule,high
OSM_way_684802066,CAT011,culture,museum,museum,True,osm_rule,high
OSM_way_685242229,CAT013,recreation,park,public_park,True,osm_rule,high
OSM_way_753491820,CAT016,recreation,amusement,zoo,True,osm_rule,high
OSM_way_778146368,CAT013,recreation,park,public_park,True,osm_rule,high
OSM_way_850444814,CAT008,heritage,historical,archaeological_site,True,osm_rule,high
OSM_way_936715110,CAT013,recreation,park,public_park,True,osm_rule,high
OSM_way_979759549,CAT013,recreation,park,public_park,True,osm_rule,high
OSM_way_1035346421,CAT013,recreation,park,public_park,True,osm_rule,high
OSM_way_1035346423,CAT013,recreation,park,public_park,True,osm_rule,high
OSM_way_1035569968,CAT013,recreation,park,public_park,True,osm_rule,high
OSM_way_1035569969,CAT013,recreation,park,public_park,True,osm_rule,high
OSM_way_1035569970,CAT013,recreation,park,public_park,True,osm_rule,high
OSM_way_1064303921,CAT013,recreation,park,public_park,True,osm_rule,high
OSM_way_1064303922,CAT013,recreation,park,public_park,True,osm_rule,high
OSM_way_1064905782,CAT013,recreation,park,public_park,True,osm_rule,high
OSM_way_1092523953,CAT014,recreation,amusement,theme_park,True,osm_rule,high
OSM_way_1107308491,CAT013,recreation,park,public_park,True,osm_rule,high
OSM_way_1108259105,CAT013,recreation,park,public_park,True,osm_rule,high
OSM_way_1108260166,CAT013,recreation,park,public_park,True,osm_rule,high
OSM_way_1108262028,CAT013,recreation,park,public_park,True,osm_rule,high
OSM_way_1108262113,CAT013,recreation,park,public_park,True,osm_rule,high
OSM_way_1108262160,CAT013,recreation,park,public_park,True,osm_rule,high
OSM_way_1108262450,CAT013,recreation,park,public_park,True,osm_rule,high
OSM_way_1108262648,CAT013,recreation,park,public_park,True,osm_rule,high
OSM_way_1108263348,CAT013,recreation,park,public_park,True,osm_rule,high
OSM_way_1108263995,CAT013,recreation,park,public_park,True,osm_rule,high
OSM_way_1108264221,CAT013,recreation,park,public_park,True,osm_rule,high
OSM_way_1108273912,CAT013,recreation,park,public_park,True,osm_rule,high
OSM_way_1108274121,CAT013,recreation,park,public_park,True,osm_rule,high
OSM_way_1108274659,CAT013,recreation,park,public_park,True,osm_rule,high
OSM_way_1108275475,CAT013,recreation,park,public_park,True,osm_rule,high
OSM_way_1108275551,CAT013,recreation,park,public_park,True,osm_rule,high
OSM_way_1108275573,CAT013,recreation,park,public_park,True,osm_rule,high
OSM_way_1108275635,CAT013,recreation,park,public_park,True,osm_rule,high
OSM_way_1108275826,CAT013,recreation,park,public_park,True,osm_rule,high
OSM_way_1108276449,CAT013,recreation,park,public_park,True,osm_rule,high
OSM_way_1111258154,CAT013,recreation,park,public_park,True,osm_rule,high
OSM_way_1119766490,CAT011,culture,museum,museum,True,osm_rule,high
OSM_way_1154060732,CAT013,recreation,park,public_park,True,osm_rule,high
OSM_way_1159104316,CAT011,culture,museum,museum,True,osm_rule,high
OSM_way_1159194084,CAT006,heritage,historical,monument,True,osm_rule,high
OSM_way_1159194090,CAT013,recreation,park,public_park,True,osm_rule,high
OSM_way_1159194091,CAT013,recreation,park,public_park,True,osm_rule,high
OSM_way_1176733779,CAT013,recreation,park,public_park,True,osm_rule,high
OSM_way_1176733780,CAT013,recreation,park,public_park,True,osm_rule,high
OSM_way_1176733783,CAT011,culture,museum,museum,True,osm_rule,high
OSM_way_1176760612,CAT013,recreation,park,public_park,True,osm_rule,high
OSM_way_1182462616,CAT008,heritage,historical,archaeological_site,True,osm_rule,high
OSM_way_1182462617,CAT008,heritage,historical,archaeological_site,True,osm_rule,high
OSM_way_1182462618,CAT008,heritage,historical,archaeological_site,True,osm_rule,high
OSM_way_1182462620,CAT008,heritage,historical,archaeological_site,True,osm_rule,high
OSM_way_1189409898,CAT015,recreation,amusement,water_park,True,osm_rule,high
OSM_way_1189688530,CAT015,recreation,amusement,water_park,True,osm_rule,high
OSM_way_1189688534,CAT013,recreation,park,public_park,True,osm_rule,high
OSM_way_1270360767,CAT011,culture,museum,museum,True,osm_rule,high
OSM_way_1270360775,CAT018,other,attraction,general_attraction,True,osm_rule,high
OSM_way_1281353957,CAT018,other,attraction,general_attraction,True,osm_rule,high
OSM_way_1349608593,CAT013,recreation,park,public_park,True,osm_rule,high
OSM_way_1349608594,CAT013,recreation,park,public_park,True,osm_rule,high
OSM_way_1349608595,CAT013,recreation,park,public_park,True,osm_rule,high
OSM_way_1349608596,CAT013,recreation,park,public_park,True,osm_rule,high
OSM_way_1349733149,CAT013,recreation,park,public_park,True,osm_rule,high
OSM_way_1380796591,CAT013,recreation,park,public_park,True,osm_rule,high
OSM_way_1467992596,CAT013,recreation,park,public_park,True,osm_rule,high
OSM_way_1470358549,CAT009,heritage,historical,historic_building,True,osm_rule,high
OSM_way_1470358550,CAT009,heritage,historical,historic_building,True,osm_rule,high
OSM_way_1470358551,CAT009,heritage,historical,historic_building,True,osm_rule,high
OSM_way_1470358552,CAT009,heritage,historical,historic_building,True,osm_rule,high
OSM_way_1470358553,CAT009,heritage,historical,historic_building,True,osm_rule,high
OSM_way_1470358554,CAT009,heritage,historical,historic_building,True,osm_rule,high
OSM_way_1470358555,CAT009,heritage,historical,historic_building,True,osm_rule,high
OSM_way_1470358556,CAT009,heritage,historical,historic_building,True,osm_rule,high
OSM_way_1470358557,CAT009,heritage,historical,historic_building,True,osm_rule,high
OSM_way_1470358558,CAT009,heritage,historical,historic_building,True,osm_rule,high
OSM_way_1470358559,CAT009,heritage,historical,historic_building,True,osm_rule,high
OSM_way_1470358560,CAT009,heritage,historical,historic_building,True,osm_rule,high
OSM_way_1470358561,CAT009,heritage,historical,historic_building,True,osm_rule,high
OSM_way_1470358562,CAT009,heritage,historical,historic_building,True,osm_rule,high
OSM_way_1470358563,CAT009,heritage,historical,historic_building,True,osm_rule,high
OSM_way_1470358564,CAT009,heritage,historical,historic_building,True,osm_rule,high
OSM_way_1470358565,CAT009,heritage,historical,historic_building,True,osm_rule,high
OSM_way_1470358566,CAT009,heritage,historical,historic_building,True,osm_rule,high
OSM_way_1488988777,CAT011,culture,museum,museum,True,osm_rule,high
OSM_way_1489570686,CAT004,natural,coastal,beach,True,osm_rule,high
OSM_way_1489608159,CAT013,recreation,park,public_park,True,osm_rule,high
OSM_way_1493885005,CAT004,natural,coastal,beach,True,osm_rule,high
OSM_way_1494293548,CAT004,natural,coastal,beach,True,osm_rule,high
OSM_way_1495746338,CAT018,other,attraction,general_attraction,True,osm_rule,high
OSM_way_1495890430,CAT018,other,attraction,general_attraction,True,osm_rule,high
OSM_way_1521115214,CAT006,heritage,historical,monument,True,osm_rule,high
OSM_way_1543934141,CAT013,recreation,park,public_park,True,osm_rule,high
